bank_name,city,item_name,category,quantity,unit,received_date,shelf_life_days,expiration_date,days_left,avg_daily_demand,supply_status
Alameda County Community Food Bank,Oakland,Bananas,produce,294,lbs,2026-03-08,7,2026-03-15,2,81,surplus
Food Bank of Contra Costa and Solano,Concord,Canned chickpeas,canned,213,cans,2026-03-03,730,2028-03-02,720,118,balanced
Yolo Food Bank,Woodland,Canned salmon,canned,204,cans,2026-02-28,730,2028-02-28,717,113,balanced
Alameda County Community Food Bank,Oakland,Oatmeal,dry,88,boxes,2026-02-20,365,2027-02-20,344,35,balanced
Sacramento Food Bank & Family Services,Sacramento,Lettuce,produce,289,heads,2026-02-20,10,2026-03-02,-11,79,surplus
Alameda County Community Food Bank,Oakland,Butter,dairy,399,packs,2026-03-09,60,2026-05-08,56,39,surplus
Second Harvest of Silicon Valley,San Jose,Macaroni,dry,79,boxes,2026-03-03,730,2028-03-02,720,94,shortage
Food Bank of Contra Costa and Solano,Concord,Carrots fresh,produce,163,lbs,2026-02-28,21,2026-03-21,8,71,balanced
Sacramento Food Bank & Family Services,Sacramento,Oatmeal,dry,139,boxes,2026-03-06,365,2027-03-06,358,51,balanced
Second Harvest of Silicon Valley,San Jose,Spinach,produce,260,bags,2026-02-25,7,2026-03-04,-9,20,surplus
Second Harvest Food Bank of Orange County,Irvine,Potatoes,produce,385,lbs,2026-02-18,30,2026-03-20,7,117,surplus
Feeding San Diego,San Diego,Canned black beans,canned,19,cans,2026-02-22,730,2028-02-22,711,111,shortage
Food Bank of Contra Costa and Solano,Concord,Almond butter,dry,176,jars,2026-02-25,365,2027-02-25,349,60,balanced
Second Harvest of Silicon Valley,San Jose,Milk gallons,dairy,218,gallons,2026-02-25,10,2026-03-07,-6,63,surplus
Central California Food Bank,Fresno,Brown rice,dry,183,bags,2026-02-20,365,2027-02-20,344,63,balanced
Alameda County Community Food Bank,Oakland,Canned black beans,canned,374,cans,2026-03-12,730,2028-03-11,729,38,surplus
Yolo Food Bank,Woodland,Almond butter,dry,208,jars,2026-02-26,365,2027-02-26,350,25,surplus
Sacramento Food Bank & Family Services,Sacramento,Yogurt cups,dairy,381,cups,2026-02-28,21,2026-03-21,8,35,surplus
Food Bank of Contra Costa and Solano,Concord,Egg cartons,dairy,248,cartons,2026-03-03,21,2026-03-24,11,79,surplus
Yolo Food Bank,Woodland,Yogurt cups,dairy,175,cups,2026-02-21,21,2026-03-14,1,63,balanced
Second Harvest Food Bank of Orange County,Irvine,Frozen berries,protein,103,bags,2026-02-20,365,2027-02-20,344,108,shortage
Second Harvest Food Bank of Orange County,Irvine,Lentils,dry,165,bags,2026-03-02,730,2028-03-01,719,65,balanced
Sacramento Food Bank & Family Services,Sacramento,Rice 5lb bag,dry,33,bags,2026-02-27,730,2028-02-27,716,52,shortage
Los Angeles Regional Food Bank,Los Angeles,Canned chickpeas,canned,338,cans,2026-03-03,730,2028-03-02,720,80,surplus
Second Harvest of Silicon Valley,San Jose,Flour,dry,54,bags,2026-02-26,365,2027-02-26,350,20,balanced
Sacramento Food Bank & Family Services,Sacramento,Brown rice,dry,356,bags,2026-03-05,365,2027-03-05,357,102,surplus
Second Harvest Food Bank of Orange County,Irvine,Milk gallons,dairy,186,gallons,2026-03-09,10,2026-03-19,6,103,balanced
San Francisco-Marin Food Bank,San Francisco,Milk gallons,dairy,130,gallons,2026-02-19,10,2026-03-01,-12,107,balanced
Feeding San Diego,San Diego,Bananas,produce,318,lbs,2026-03-03,7,2026-03-10,-3,109,balanced
Central California Food Bank,Fresno,Canned carrots,canned,238,cans,2026-03-01,730,2028-02-29,718,69,surplus
Second Harvest of Silicon Valley,San Jose,Avocados,produce,297,units,2026-03-04,7,2026-03-11,-2,93,surplus
Alameda County Community Food Bank,Oakland,Cereal,dry,73,boxes,2026-02-26,180,2026-08-25,165,43,balanced
Yolo Food Bank,Woodland,Chicken breast frozen,protein,253,packs,2026-02-23,180,2026-08-22,162,55,surplus
Sacramento Food Bank & Family Services,Sacramento,Lentils,dry,351,bags,2026-02-16,730,2028-02-16,705,84,surplus
Sacramento Food Bank & Family Services,Sacramento,Apples,produce,186,lbs,2026-02-18,21,2026-03-11,-2,35,surplus
Central California Food Bank,Fresno,Canned tuna,canned,332,cans,2026-02-22,730,2028-02-22,711,60,surplus
Second Harvest Food Bank of Orange County,Irvine,Canned green beans,canned,316,cans,2026-03-11,730,2028-03-10,728,22,surplus
Yolo Food Bank,Woodland,Oranges,produce,352,lbs,2026-02-27,14,2026-03-13,0,34,surplus
Yolo Food Bank,Woodland,Broccoli,produce,63,lbs,2026-03-06,7,2026-03-13,0,119,shortage
Food Bank of Contra Costa and Solano,Concord,Oranges,produce,380,lbs,2026-03-03,14,2026-03-17,4,106,surplus
Yolo Food Bank,Woodland,Frozen berries,protein,97,bags,2026-02-20,365,2027-02-20,344,54,balanced
Alameda County Community Food Bank,Oakland,Canned tomatoes,canned,377,cans,2026-02-16,730,2028-02-16,705,104,surplus
Sacramento Food Bank & Family Services,Sacramento,Yogurt cups,dairy,52,cups,2026-03-11,21,2026-04-01,19,116,shortage
Los Angeles Regional Food Bank,Los Angeles,Apples,produce,185,lbs,2026-03-06,21,2026-03-27,14,77,balanced
Alameda County Community Food Bank,Oakland,Canned green beans,canned,250,cans,2026-03-13,730,2028-03-12,730,119,balanced
Food Bank of Contra Costa and Solano,Concord,Tomatoes,produce,177,lbs,2026-02-16,10,2026-02-26,-15,68,balanced
Feeding San Diego,San Diego,Carrots fresh,produce,176,lbs,2026-03-12,21,2026-04-02,20,61,balanced
Los Angeles Regional Food Bank,Los Angeles,Canned salmon,canned,107,cans,2026-03-06,730,2028-03-05,723,51,balanced
San Francisco-Marin Food Bank,San Francisco,Sugar,dry,32,bags,2026-02-20,730,2028-02-20,709,112,shortage
Yolo Food Bank,Woodland,Bananas,produce,351,lbs,2026-02-17,7,2026-02-24,-17,110,surplus
Second Harvest Food Bank of Orange County,Irvine,Apples,produce,140,lbs,2026-03-11,21,2026-04-01,19,55,balanced
Second Harvest of Silicon Valley,San Jose,Broccoli,produce,77,lbs,2026-02-21,7,2026-02-28,-13,35,balanced
Sacramento Food Bank & Family Services,Sacramento,Broccoli,produce,313,lbs,2026-02-28,7,2026-03-07,-6,51,surplus
Second Harvest Food Bank of Orange County,Irvine,Canned peas,canned,191,cans,2026-03-02,730,2028-03-01,719,27,surplus
Los Angeles Regional Food Bank,Los Angeles,Canned chickpeas,canned,276,cans,2026-03-13,730,2028-03-12,730,52,surplus
Yolo Food Bank,Woodland,Cheese blocks,dairy,12,blocks,2026-03-09,30,2026-04-08,26,73,shortage
Second Harvest Food Bank of Orange County,Irvine,Canned peas,canned,94,cans,2026-03-11,730,2028-03-10,728,115,shortage
Second Harvest Food Bank of Orange County,Irvine,Chicken breast frozen,protein,107,packs,2026-02-21,180,2026-08-20,160,40,balanced
Second Harvest Food Bank of Orange County,Irvine,Carrots fresh,produce,44,lbs,2026-03-04,21,2026-03-25,12,99,shortage
Food Bank of Contra Costa and Solano,Concord,Macaroni,dry,350,boxes,2026-03-01,730,2028-02-29,718,87,surplus
Second Harvest Food Bank of Orange County,Irvine,Canned peas,canned,310,cans,2026-03-03,730,2028-03-02,720,54,surplus
Alameda County Community Food Bank,Oakland,Canned corn,canned,196,cans,2026-03-02,730,2028-03-01,719,29,surplus
Sacramento Food Bank & Family Services,Sacramento,Canned beans,canned,305,cans,2026-02-17,730,2028-02-17,706,59,surplus
Second Harvest Food Bank of Orange County,Irvine,Canned green beans,canned,324,cans,2026-03-05,730,2028-03-04,722,28,surplus
Feeding San Diego,San Diego,Broccoli,produce,240,lbs,2026-03-07,7,2026-03-14,1,73,surplus
Yolo Food Bank,Woodland,Canned soup,canned,130,cans,2026-03-05,540,2027-08-27,532,62,balanced
Second Harvest of Silicon Valley,San Jose,Broccoli,produce,341,lbs,2026-02-28,7,2026-03-07,-6,120,balanced
San Francisco-Marin Food Bank,San Francisco,Carrots fresh,produce,304,lbs,2026-03-01,21,2026-03-22,9,29,surplus
Second Harvest of Silicon Valley,San Jose,Butter,dairy,355,packs,2026-03-02,60,2026-05-01,49,80,surplus
Central California Food Bank,Fresno,Frozen berries,protein,26,bags,2026-02-16,365,2027-02-16,340,81,shortage
Sacramento Food Bank & Family Services,Sacramento,Canned peas,canned,52,cans,2026-03-13,730,2028-03-12,730,112,shortage
Alameda County Community Food Bank,Oakland,Bananas,produce,271,lbs,2026-03-09,7,2026-03-16,3,78,surplus
Los Angeles Regional Food Bank,Los Angeles,Rice 5lb bag,dry,357,bags,2026-02-21,730,2028-02-21,710,93,surplus
Los Angeles Regional Food Bank,Los Angeles,Butter,dairy,18,packs,2026-02-27,60,2026-04-28,46,65,shortage
Second Harvest of Silicon Valley,San Jose,Cheese blocks,dairy,377,blocks,2026-03-13,30,2026-04-12,30,98,surplus
Los Angeles Regional Food Bank,Los Angeles,Canned black beans,canned,184,cans,2026-02-18,730,2028-02-18,707,57,surplus
San Francisco-Marin Food Bank,San Francisco,Canned corn,canned,394,cans,2026-02-18,730,2028-02-18,707,62,surplus
San Francisco-Marin Food Bank,San Francisco,Milk gallons,dairy,215,gallons,2026-03-10,10,2026-03-20,7,104,balanced
Alameda County Community Food Bank,Oakland,Lentils,dry,60,bags,2026-02-18,730,2028-02-18,707,74,shortage
Yolo Food Bank,Woodland,Lettuce,produce,229,heads,2026-03-10,10,2026-03-20,7,43,surplus
San Francisco-Marin Food Bank,San Francisco,Lettuce,produce,248,heads,2026-02-27,10,2026-03-09,-4,91,balanced
Feeding San Diego,San Diego,Brown rice,dry,285,bags,2026-02-19,365,2027-02-19,343,27,surplus
Alameda County Community Food Bank,Oakland,Peanut butter,dry,55,jars,2026-03-01,365,2027-03-01,353,82,shortage
Los Angeles Regional Food Bank,Los Angeles,Canned chickpeas,canned,103,cans,2026-02-25,730,2028-02-25,714,114,shortage
Feeding San Diego,San Diego,Macaroni,dry,169,boxes,2026-03-08,730,2028-03-07,725,96,balanced
Los Angeles Regional Food Bank,Los Angeles,Apples,produce,256,lbs,2026-03-06,21,2026-03-27,14,101,balanced
Central California Food Bank,Fresno,Milk gallons,dairy,62,gallons,2026-02-22,10,2026-03-04,-9,26,balanced
Second Harvest Food Bank of Orange County,Irvine,Canned black beans,canned,285,cans,2026-03-02,730,2028-03-01,719,51,surplus
Alameda County Community Food Bank,Oakland,Brown rice,dry,390,bags,2026-03-12,365,2027-03-12,364,90,surplus
Food Bank of Contra Costa and Solano,Concord,Tomatoes,produce,390,lbs,2026-02-23,10,2026-03-05,-8,117,surplus
Los Angeles Regional Food Bank,Los Angeles,Canned salmon,canned,389,cans,2026-03-08,730,2028-03-07,725,118,surplus
Los Angeles Regional Food Bank,Los Angeles,Milk gallons,dairy,371,gallons,2026-03-12,10,2026-03-22,9,48,surplus
Yolo Food Bank,Woodland,Peanut butter,dry,42,jars,2026-03-12,365,2027-03-12,364,66,shortage
Los Angeles Regional Food Bank,Los Angeles,Cheese blocks,dairy,216,blocks,2026-02-26,30,2026-03-28,15,105,balanced
Feeding San Diego,San Diego,Potatoes,produce,372,lbs,2026-03-01,30,2026-03-31,18,71,surplus
Sacramento Food Bank & Family Services,Sacramento,Ground turkey frozen,protein,31,packs,2026-02-25,180,2026-08-24,164,85,shortage
Sacramento Food Bank & Family Services,Sacramento,Yogurt cups,dairy,102,cups,2026-02-22,21,2026-03-15,2,71,balanced
Feeding San Diego,San Diego,Peanut butter,dry,350,jars,2026-03-08,365,2027-03-08,360,41,surplus
Alameda County Community Food Bank,Oakland,Potatoes,produce,382,lbs,2026-03-02,30,2026-04-01,19,91,surplus
San Francisco-Marin Food Bank,San Francisco,Frozen berries,protein,227,bags,2026-03-09,365,2027-03-09,361,33,surplus
Feeding San Diego,San Diego,Canned black beans,canned,352,cans,2026-02-23,730,2028-02-23,712,35,surplus
Central California Food Bank,Fresno,Butter,dairy,182,packs,2026-02-24,60,2026-04-25,43,32,surplus
Los Angeles Regional Food Bank,Los Angeles,Egg cartons,dairy,244,cartons,2026-03-08,21,2026-03-29,16,43,surplus
Yolo Food Bank,Woodland,Canned peas,canned,348,cans,2026-02-22,730,2028-02-22,711,86,surplus
Second Harvest Food Bank of Orange County,Irvine,Peanut butter,dry,247,jars,2026-03-13,365,2027-03-13,365,97,balanced
Los Angeles Regional Food Bank,Los Angeles,Spinach,produce,400,bags,2026-02-19,7,2026-02-26,-15,103,surplus
Alameda County Community Food Bank,Oakland,Cereal,dry,370,boxes,2026-03-11,180,2026-09-07,178,104,surplus
Sacramento Food Bank & Family Services,Sacramento,Apples,produce,94,lbs,2026-02-25,21,2026-03-18,5,34,balanced
Second Harvest Food Bank of Orange County,Irvine,Butter,dairy,207,packs,2026-03-08,60,2026-05-07,55,67,surplus
Sacramento Food Bank & Family Services,Sacramento,Potatoes,produce,249,lbs,2026-02-19,30,2026-03-21,8,60,surplus
Second Harvest of Silicon Valley,San Jose,Oranges,produce,372,lbs,2026-02-18,14,2026-03-04,-9,38,surplus
Los Angeles Regional Food Bank,Los Angeles,Bell peppers,produce,60,lbs,2026-02-19,10,2026-03-01,-12,53,balanced
Los Angeles Regional Food Bank,Los Angeles,Canned tuna,canned,365,cans,2026-02-17,730,2028-02-17,706,92,surplus
Second Harvest of Silicon Valley,San Jose,Canned tuna,canned,329,cans,2026-03-11,730,2028-03-10,728,111,balanced
Alameda County Community Food Bank,Oakland,Onions,produce,37,lbs,2026-03-02,30,2026-04-01,19,97,shortage
Yolo Food Bank,Woodland,Butter,dairy,261,packs,2026-02-28,60,2026-04-29,47,73,surplus
Feeding San Diego,San Diego,Oranges,produce,205,lbs,2026-02-22,14,2026-03-08,-5,37,surplus
Sacramento Food Bank & Family Services,Sacramento,Potatoes,produce,348,lbs,2026-02-16,30,2026-03-18,5,116,balanced
Second Harvest Food Bank of Orange County,Irvine,Oranges,produce,27,lbs,2026-02-17,14,2026-03-03,-10,110,shortage
Yolo Food Bank,Woodland,Oatmeal,dry,309,boxes,2026-03-11,365,2027-03-11,363,32,surplus
Second Harvest of Silicon Valley,San Jose,Canned carrots,canned,114,cans,2026-02-27,730,2028-02-27,716,80,balanced
Second Harvest Food Bank of Orange County,Irvine,Canned carrots,canned,168,cans,2026-03-07,730,2028-03-06,724,105,balanced
Second Harvest of Silicon Valley,San Jose,Almond butter,dry,114,jars,2026-02-16,365,2027-02-16,340,106,balanced
Food Bank of Contra Costa and Solano,Concord,Chicken breast frozen,protein,154,packs,2026-02-28,180,2026-08-27,167,70,balanced
Yolo Food Bank,Woodland,Lentils,dry,312,bags,2026-02-19,730,2028-02-19,708,65,surplus
San Francisco-Marin Food Bank,San Francisco,Spinach,produce,56,bags,2026-03-08,7,2026-03-15,2,67,shortage
Feeding San Diego,San Diego,Pasta,dry,95,boxes,2026-03-04,730,2028-03-03,721,22,surplus
Alameda County Community Food Bank,Oakland,Canned salmon,canned,155,cans,2026-02-28,730,2028-02-28,717,93,balanced
Second Harvest of Silicon Valley,San Jose,Canned soup,canned,213,cans,2026-02-25,540,2027-08-19,524,46,surplus
Second Harvest Food Bank of Orange County,Irvine,Broccoli,produce,100,lbs,2026-03-09,7,2026-03-16,3,47,balanced
Feeding San Diego,San Diego,Carrots fresh,produce,67,lbs,2026-03-01,21,2026-03-22,9,24,balanced
Food Bank of Contra Costa and Solano,Concord,Canned soup,canned,141,cans,2026-03-13,540,2027-09-04,540,20,surplus
Sacramento Food Bank & Family Services,Sacramento,Canned beans,canned,53,cans,2026-02-16,730,2028-02-16,705,108,shortage
Alameda County Community Food Bank,Oakland,Butter,dairy,183,packs,2026-03-04,60,2026-05-03,51,36,surplus
Feeding San Diego,San Diego,Spaghetti,dry,163,boxes,2026-03-04,730,2028-03-03,721,93,balanced
Food Bank of Contra Costa and Solano,Concord,Potatoes,produce,201,lbs,2026-03-12,30,2026-04-11,29,91,balanced
Second Harvest Food Bank of Orange County,Irvine,Canned tomatoes,canned,47,cans,2026-03-11,730,2028-03-10,728,56,shortage
Sacramento Food Bank & Family Services,Sacramento,Canned salmon,canned,175,cans,2026-03-04,730,2028-03-03,721,43,surplus
Second Harvest of Silicon Valley,San Jose,Spaghetti,dry,126,boxes,2026-02-21,730,2028-02-21,710,105,balanced
Yolo Food Bank,Woodland,Bananas,produce,161,lbs,2026-02-17,7,2026-02-24,-17,43,surplus
Food Bank of Contra Costa and Solano,Concord,Macaroni,dry,109,boxes,2026-02-18,730,2028-02-18,707,27,surplus
Los Angeles Regional Food Bank,Los Angeles,Canned carrots,canned,35,cans,2026-03-08,730,2028-03-07,725,26,balanced
Sacramento Food Bank & Family Services,Sacramento,Brown rice,dry,379,bags,2026-03-07,365,2027-03-07,359,109,surplus
Food Bank of Contra Costa and Solano,Concord,Brown rice,dry,276,bags,2026-02-26,365,2027-02-26,350,94,balanced
Feeding San Diego,San Diego,Potatoes,produce,113,lbs,2026-02-17,30,2026-03-19,6,38,balanced
Los Angeles Regional Food Bank,Los Angeles,Milk gallons,dairy,177,gallons,2026-02-22,10,2026-03-04,-9,71,balanced
Sacramento Food Bank & Family Services,Sacramento,Spaghetti,dry,118,boxes,2026-03-10,730,2028-03-09,727,120,shortage
San Francisco-Marin Food Bank,San Francisco,Lettuce,produce,318,heads,2026-02-24,10,2026-03-06,-7,41,surplus
Second Harvest of Silicon Valley,San Jose,Oatmeal,dry,339,boxes,2026-03-07,365,2027-03-07,359,37,surplus
Food Bank of Contra Costa and Solano,Concord,Apples,produce,27,lbs,2026-03-13,21,2026-04-03,21,104,shortage
Alameda County Community Food Bank,Oakland,Canned soup,canned,84,cans,2026-03-01,540,2027-08-23,528,45,balanced
Second Harvest Food Bank of Orange County,Irvine,Oatmeal,dry,322,boxes,2026-03-01,365,2027-03-01,353,89,surplus
Yolo Food Bank,Woodland,Lettuce,produce,332,heads,2026-03-11,10,2026-03-21,8,25,surplus
San Francisco-Marin Food Bank,San Francisco,Canned green beans,canned,216,cans,2026-02-18,730,2028-02-18,707,98,balanced
San Francisco-Marin Food Bank,San Francisco,Avocados,produce,269,units,2026-03-11,7,2026-03-18,5,84,surplus
Food Bank of Contra Costa and Solano,Concord,Lettuce,produce,355,heads,2026-02-27,10,2026-03-09,-4,98,surplus
Los Angeles Regional Food Bank,Los Angeles,Onions,produce,210,lbs,2026-03-08,30,2026-04-07,25,78,balanced
Second Harvest Food Bank of Orange County,Irvine,Almond butter,dry,367,jars,2026-03-05,365,2027-03-05,357,93,surplus
Feeding San Diego,San Diego,Canned tomatoes,canned,303,cans,2026-02-18,730,2028-02-18,707,57,surplus
Alameda County Community Food Bank,Oakland,Canned peas,canned,88,cans,2026-02-20,730,2028-02-20,709,84,balanced
Los Angeles Regional Food Bank,Los Angeles,Peanut butter,dry,94,jars,2026-03-10,365,2027-03-10,362,49,balanced
Alameda County Community Food Bank,Oakland,Canned corn,canned,14,cans,2026-03-04,730,2028-03-03,721,45,shortage
Second Harvest Food Bank of Orange County,Irvine,Flour,dry,99,bags,2026-02-21,365,2027-02-21,345,66,balanced
Food Bank of Contra Costa and Solano,Concord,Flour,dry,68,bags,2026-03-08,365,2027-03-08,360,97,shortage
San Francisco-Marin Food Bank,San Francisco,Avocados,produce,263,units,2026-02-17,7,2026-02-24,-17,58,surplus
Central California Food Bank,Fresno,Flour,dry,69,bags,2026-02-25,365,2027-02-25,349,74,shortage
Central California Food Bank,Fresno,Brown rice,dry,205,bags,2026-02-17,365,2027-02-17,341,38,surplus
Central California Food Bank,Fresno,Sugar,dry,241,bags,2026-02-17,730,2028-02-17,706,52,surplus
Sacramento Food Bank & Family Services,Sacramento,Egg cartons,dairy,363,cartons,2026-03-04,21,2026-03-25,12,35,surplus
Second Harvest of Silicon Valley,San Jose,Sugar,dry,166,bags,2026-03-12,730,2028-03-11,729,74,balanced
Second Harvest Food Bank of Orange County,Irvine,Milk gallons,dairy,45,gallons,2026-02-26,10,2026-03-08,-5,66,shortage
Feeding San Diego,San Diego,Spaghetti,dry,123,boxes,2026-02-28,730,2028-02-28,717,30,surplus
Alameda County Community Food Bank,Oakland,Canned tomatoes,canned,183,cans,2026-03-04,730,2028-03-03,721,28,surplus
Central California Food Bank,Fresno,Butter,dairy,68,packs,2026-03-09,60,2026-05-08,56,89,shortage
Sacramento Food Bank & Family Services,Sacramento,Pasta,dry,193,boxes,2026-02-19,730,2028-02-19,708,117,balanced
Los Angeles Regional Food Bank,Los Angeles,Peanut butter,dry,208,jars,2026-03-13,365,2027-03-13,365,83,balanced
Sacramento Food Bank & Family Services,Sacramento,Pasta,dry,196,boxes,2026-03-05,730,2028-03-04,722,118,balanced
Sacramento Food Bank & Family Services,Sacramento,Peanut butter,dry,51,jars,2026-02-25,365,2027-02-25,349,30,balanced
Yolo Food Bank,Woodland,Canned soup,canned,190,cans,2026-03-03,540,2027-08-25,530,95,balanced
Yolo Food Bank,Woodland,Canned beans,canned,121,cans,2026-03-12,730,2028-03-11,729,63,balanced
Feeding San Diego,San Diego,Cheese blocks,dairy,170,blocks,2026-02-21,30,2026-03-23,10,104,balanced
Sacramento Food Bank & Family Services,Sacramento,Flour,dry,277,bags,2026-03-09,365,2027-03-09,361,35,surplus
Food Bank of Contra Costa and Solano,Concord,Avocados,produce,102,units,2026-02-22,7,2026-03-01,-12,34,balanced
Central California Food Bank,Fresno,Brown rice,dry,288,bags,2026-02-28,365,2027-02-28,352,52,surplus
Yolo Food Bank,Woodland,Potatoes,produce,349,lbs,2026-02-16,30,2026-03-18,5,73,surplus
Second Harvest of Silicon Valley,San Jose,Butter,dairy,345,packs,2026-03-07,60,2026-05-06,54,27,surplus
Yolo Food Bank,Woodland,Canned peas,canned,34,cans,2026-02-28,730,2028-02-28,717,99,shortage
Food Bank of Contra Costa and Solano,Concord,Peanut butter,dry,189,jars,2026-02-19,365,2027-02-19,343,107,balanced
Alameda County Community Food Bank,Oakland,Cereal,dry,288,boxes,2026-03-09,180,2026-09-05,176,83,surplus
Food Bank of Contra Costa and Solano,Concord,Frozen berries,protein,126,bags,2026-02-18,365,2027-02-18,342,64,balanced
Yolo Food Bank,Woodland,Brown rice,dry,202,bags,2026-03-04,365,2027-03-04,356,67,surplus
Alameda County Community Food Bank,Oakland,Macaroni,dry,287,boxes,2026-03-01,730,2028-02-29,718,100,balanced
San Francisco-Marin Food Bank,San Francisco,Canned beans,canned,156,cans,2026-02-27,730,2028-02-27,716,80,balanced
Second Harvest of Silicon Valley,San Jose,Cheese blocks,dairy,193,blocks,2026-03-07,30,2026-04-06,24,118,balanced
Sacramento Food Bank & Family Services,Sacramento,Canned tuna,canned,19,cans,2026-03-07,730,2028-03-06,724,25,shortage
Yolo Food Bank,Woodland,Avocados,produce,312,units,2026-03-11,7,2026-03-18,5,71,surplus
Feeding San Diego,San Diego,Bananas,produce,307,lbs,2026-02-25,7,2026-03-04,-9,70,surplus
Sacramento Food Bank & Family Services,Sacramento,Tomatoes,produce,77,lbs,2026-02-28,10,2026-03-10,-3,114,shortage
Second Harvest Food Bank of Orange County,Irvine,Canned tuna,canned,89,cans,2026-03-12,730,2028-03-11,729,97,shortage
Food Bank of Contra Costa and Solano,Concord,Almond butter,dry,85,jars,2026-03-01,365,2027-03-01,353,22,surplus
Los Angeles Regional Food Bank,Los Angeles,Bananas,produce,15,lbs,2026-02-23,7,2026-03-02,-11,40,shortage
San Francisco-Marin Food Bank,San Francisco,Canned black beans,canned,46,cans,2026-02-16,730,2028-02-16,705,104,shortage
Food Bank of Contra Costa and Solano,Concord,Carrots fresh,produce,338,lbs,2026-02-24,21,2026-03-17,4,118,balanced
Alameda County Community Food Bank,Oakland,Oatmeal,dry,212,boxes,2026-02-23,365,2027-02-23,347,105,balanced
Second Harvest of Silicon Valley,San Jose,Canned black beans,canned,295,cans,2026-03-09,730,2028-03-08,726,80,surplus
San Francisco-Marin Food Bank,San Francisco,Flour,dry,351,bags,2026-02-26,365,2027-02-26,350,80,surplus
Food Bank of Contra Costa and Solano,Concord,Egg cartons,dairy,91,cartons,2026-03-06,21,2026-03-27,14,75,balanced
Second Harvest Food Bank of Orange County,Irvine,Canned carrots,canned,371,cans,2026-03-02,730,2028-03-01,719,41,surplus
Central California Food Bank,Fresno,Apples,produce,134,lbs,2026-02-20,21,2026-03-13,0,105,balanced
Feeding San Diego,San Diego,Oatmeal,dry,264,boxes,2026-03-06,365,2027-03-06,358,72,surplus
Sacramento Food Bank & Family Services,Sacramento,Canned corn,canned,146,cans,2026-02-17,730,2028-02-17,706,72,balanced
Alameda County Community Food Bank,Oakland,Bananas,produce,119,lbs,2026-03-02,7,2026-03-09,-4,69,balanced
Second Harvest of Silicon Valley,San Jose,Canned carrots,canned,354,cans,2026-02-27,730,2028-02-27,716,108,surplus
Central California Food Bank,Fresno,Canned tomatoes,canned,59,cans,2026-03-13,730,2028-03-12,730,104,shortage
Alameda County Community Food Bank,Oakland,Pasta,dry,127,boxes,2026-03-12,730,2028-03-11,729,92,balanced
Second Harvest Food Bank of Orange County,Irvine,Canned tuna,canned,152,cans,2026-03-03,730,2028-03-02,720,64,balanced
Yolo Food Bank,Woodland,Oranges,produce,299,lbs,2026-02-18,14,2026-03-04,-9,93,surplus
Second Harvest Food Bank of Orange County,Irvine,Sugar,dry,24,bags,2026-02-22,730,2028-02-22,711,105,shortage
San Francisco-Marin Food Bank,San Francisco,Avocados,produce,84,units,2026-02-26,7,2026-03-05,-8,52,balanced
Second Harvest of Silicon Valley,San Jose,Apples,produce,313,lbs,2026-03-09,21,2026-03-30,17,96,surplus
Feeding San Diego,San Diego,Macaroni,dry,163,boxes,2026-03-01,730,2028-02-29,718,48,surplus
Yolo Food Bank,Woodland,Yogurt cups,dairy,175,cups,2026-02-26,21,2026-03-19,6,58,surplus
Yolo Food Bank,Woodland,Tomatoes,produce,333,lbs,2026-03-03,10,2026-03-13,0,31,surplus
Second Harvest of Silicon Valley,San Jose,Cheese blocks,dairy,172,blocks,2026-03-05,30,2026-04-04,22,104,balanced
Second Harvest of Silicon Valley,San Jose,Chicken breast frozen,protein,216,packs,2026-03-13,180,2026-09-09,180,35,surplus
Los Angeles Regional Food Bank,Los Angeles,Canned corn,canned,48,cans,2026-02-18,730,2028-02-18,707,83,shortage
Second Harvest Food Bank of Orange County,Irvine,Bananas,produce,331,lbs,2026-02-25,7,2026-03-04,-9,85,surplus
Sacramento Food Bank & Family Services,Sacramento,Peanut butter,dry,291,jars,2026-03-11,365,2027-03-11,363,91,surplus
Feeding San Diego,San Diego,Flour,dry,17,bags,2026-03-02,365,2027-03-02,354,60,shortage
San Francisco-Marin Food Bank,San Francisco,Chicken breast frozen,protein,14,packs,2026-02-26,180,2026-08-25,165,44,shortage
Yolo Food Bank,Woodland,Frozen berries,protein,148,bags,2026-03-02,365,2027-03-02,354,85,balanced
Second Harvest of Silicon Valley,San Jose,Canned tuna,canned,346,cans,2026-02-26,730,2028-02-26,715,75,surplus
Second Harvest Food Bank of Orange County,Irvine,Canned tuna,canned,175,cans,2026-02-25,730,2028-02-25,714,94,balanced
Central California Food Bank,Fresno,Potatoes,produce,111,lbs,2026-03-10,30,2026-04-09,27,42,balanced
Food Bank of Contra Costa and Solano,Concord,Bananas,produce,39,lbs,2026-03-09,7,2026-03-16,3,30,balanced
San Francisco-Marin Food Bank,San Francisco,Frozen berries,protein,336,bags,2026-03-08,365,2027-03-08,360,110,surplus
Second Harvest of Silicon Valley,San Jose,Yogurt cups,dairy,30,cups,2026-02-26,21,2026-03-19,6,24,balanced
Alameda County Community Food Bank,Oakland,Canned beans,canned,114,cans,2026-02-18,730,2028-02-18,707,90,balanced
Yolo Food Bank,Woodland,Oranges,produce,123,lbs,2026-03-05,14,2026-03-19,6,46,balanced
Feeding San Diego,San Diego,Pasta,dry,248,boxes,2026-02-16,730,2028-02-16,705,106,balanced
Central California Food Bank,Fresno,Lettuce,produce,213,heads,2026-03-02,10,2026-03-12,-1,23,surplus
Alameda County Community Food Bank,Oakland,Frozen vegetables mix,protein,75,bags,2026-03-12,365,2027-03-12,364,100,shortage
Second Harvest Food Bank of Orange County,Irvine,Apples,produce,161,lbs,2026-02-26,21,2026-03-19,6,73,balanced
Second Harvest of Silicon Valley,San Jose,Frozen berries,protein,321,bags,2026-02-24,365,2027-02-24,348,55,surplus
San Francisco-Marin Food Bank,San Francisco,Brown rice,dry,329,bags,2026-03-02,365,2027-03-02,354,64,surplus
San Francisco-Marin Food Bank,San Francisco,Egg cartons,dairy,238,cartons,2026-03-13,21,2026-04-03,21,72,surplus
Alameda County Community Food Bank,Oakland,Peanut butter,dry,69,jars,2026-02-27,365,2027-02-27,351,91,shortage
Second Harvest Food Bank of Orange County,Irvine,Broccoli,produce,395,lbs,2026-03-01,7,2026-03-08,-5,38,surplus
Sacramento Food Bank & Family Services,Sacramento,Canned peas,canned,392,cans,2026-02-26,730,2028-02-26,715,24,surplus
Sacramento Food Bank & Family Services,Sacramento,Spinach,produce,161,bags,2026-02-16,7,2026-02-23,-18,98,balanced
Yolo Food Bank,Woodland,Lentils,dry,387,bags,2026-03-02,730,2028-03-01,719,35,surplus
Sacramento Food Bank & Family Services,Sacramento,Canned tomatoes,canned,96,cans,2026-03-10,730,2028-03-09,727,110,shortage
Sacramento Food Bank & Family Services,Sacramento,Broccoli,produce,316,lbs,2026-02-24,7,2026-03-03,-10,86,surplus
Alameda County Community Food Bank,Oakland,Ground turkey frozen,protein,156,packs,2026-02-21,180,2026-08-20,160,22,surplus
Sacramento Food Bank & Family Services,Sacramento,Lettuce,produce,279,heads,2026-03-04,10,2026-03-14,1,96,balanced
Central California Food Bank,Fresno,Pasta,dry,328,boxes,2026-03-09,730,2028-03-08,726,107,surplus
San Francisco-Marin Food Bank,San Francisco,Yogurt cups,dairy,173,cups,2026-02-27,21,2026-03-20,7,25,surplus
San Francisco-Marin Food Bank,San Francisco,Egg cartons,dairy,289,cartons,2026-03-13,21,2026-04-03,21,78,surplus
Sacramento Food Bank & Family Services,Sacramento,Cheese blocks,dairy,341,blocks,2026-02-21,30,2026-03-23,10,79,surplus
Central California Food Bank,Fresno,Peanut butter,dry,160,jars,2026-03-11,365,2027-03-11,363,82,balanced
Yolo Food Bank,Woodland,Bananas,produce,60,lbs,2026-02-18,7,2026-02-25,-16,103,shortage
Los Angeles Regional Food Bank,Los Angeles,Flour,dry,73,bags,2026-02-21,365,2027-02-21,345,68,balanced
Alameda County Community Food Bank,Oakland,Canned tomatoes,canned,297,cans,2026-02-19,730,2028-02-19,708,56,surplus
San Francisco-Marin Food Bank,San Francisco,Canned corn,canned,143,cans,2026-03-10,730,2028-03-09,727,108,balanced
Central California Food Bank,Fresno,Canned corn,canned,101,cans,2026-03-03,730,2028-03-02,720,87,balanced
Food Bank of Contra Costa and Solano,Concord,Canned corn,canned,128,cans,2026-02-23,730,2028-02-23,712,46,balanced
Alameda County Community Food Bank,Oakland,Ground turkey frozen,protein,175,packs,2026-03-12,180,2026-09-08,179,106,balanced
Second Harvest of Silicon Valley,San Jose,Oranges,produce,359,lbs,2026-02-26,14,2026-03-12,-1,60,surplus
Second Harvest Food Bank of Orange County,Irvine,Flour,dry,173,bags,2026-03-04,365,2027-03-04,356,104,balanced
Second Harvest of Silicon Valley,San Jose,Canned black beans,canned,46,cans,2026-03-09,730,2028-03-08,726,35,balanced
Food Bank of Contra Costa and Solano,Concord,Canned chickpeas,canned,69,cans,2026-02-20,730,2028-02-20,709,54,balanced
San Francisco-Marin Food Bank,San Francisco,Spinach,produce,273,bags,2026-03-02,7,2026-03-09,-4,78,surplus
Sacramento Food Bank & Family Services,Sacramento,Pasta,dry,271,boxes,2026-02-22,730,2028-02-22,711,50,surplus
Feeding San Diego,San Diego,Canned salmon,canned,121,cans,2026-03-08,730,2028-03-07,725,104,balanced
Second Harvest of Silicon Valley,San Jose,Broccoli,produce,231,lbs,2026-03-06,7,2026-03-13,0,86,balanced
Los Angeles Regional Food Bank,Los Angeles,Tomatoes,produce,133,lbs,2026-03-07,10,2026-03-17,4,84,balanced
Second Harvest Food Bank of Orange County,Irvine,Milk gallons,dairy,162,gallons,2026-02-22,10,2026-03-04,-9,59,balanced
Second Harvest Food Bank of Orange County,Irvine,Lentils,dry,78,bags,2026-02-24,730,2028-02-24,713,47,balanced
Sacramento Food Bank & Family Services,Sacramento,Ground turkey frozen,protein,326,packs,2026-02-18,180,2026-08-17,157,88,surplus
Second Harvest of Silicon Valley,San Jose,Rice 5lb bag,dry,298,bags,2026-03-08,730,2028-03-07,725,95,surplus
Los Angeles Regional Food Bank,Los Angeles,Milk gallons,dairy,380,gallons,2026-03-08,10,2026-03-18,5,32,surplus
Second Harvest of Silicon Valley,San Jose,Lettuce,produce,64,heads,2026-02-21,10,2026-03-03,-10,65,shortage
Food Bank of Contra Costa and Solano,Concord,Sugar,dry,42,bags,2026-03-13,730,2028-03-12,730,109,shortage
Yolo Food Bank,Woodland,Canned beans,canned,122,cans,2026-03-02,730,2028-03-01,719,62,balanced
Sacramento Food Bank & Family Services,Sacramento,Egg cartons,dairy,284,cartons,2026-02-28,21,2026-03-21,8,91,surplus
Second Harvest Food Bank of Orange County,Irvine,Canned tuna,canned,127,cans,2026-02-18,730,2028-02-18,707,82,balanced
Yolo Food Bank,Woodland,Oranges,produce,71,lbs,2026-03-06,14,2026-03-20,7,62,balanced
Alameda County Community Food Bank,Oakland,Tomatoes,produce,145,lbs,2026-02-22,10,2026-03-04,-9,56,balanced
Yolo Food Bank,Woodland,Brown rice,dry,222,bags,2026-03-02,365,2027-03-02,354,72,surplus
Second Harvest Food Bank of Orange County,Irvine,Apples,produce,284,lbs,2026-02-18,21,2026-03-11,-2,100,balanced
San Francisco-Marin Food Bank,San Francisco,Oranges,produce,167,lbs,2026-02-18,14,2026-03-04,-9,112,balanced
Sacramento Food Bank & Family Services,Sacramento,Lentils,dry,22,bags,2026-03-13,730,2028-03-12,730,80,shortage
Second Harvest Food Bank of Orange County,Irvine,Avocados,produce,253,units,2026-03-03,7,2026-03-10,-3,65,surplus
Los Angeles Regional Food Bank,Los Angeles,Apples,produce,301,lbs,2026-03-05,21,2026-03-26,13,105,balanced
Sacramento Food Bank & Family Services,Sacramento,Broccoli,produce,273,lbs,2026-02-17,7,2026-02-24,-17,73,surplus
San Francisco-Marin Food Bank,San Francisco,Tomatoes,produce,35,lbs,2026-03-09,10,2026-03-19,6,91,shortage
Alameda County Community Food Bank,Oakland,Broccoli,produce,308,lbs,2026-03-02,7,2026-03-09,-4,78,surplus
Sacramento Food Bank & Family Services,Sacramento,Flour,dry,238,bags,2026-02-22,365,2027-02-22,346,58,surplus
Los Angeles Regional Food Bank,Los Angeles,Spaghetti,dry,205,boxes,2026-02-25,730,2028-02-25,714,80,balanced
Los Angeles Regional Food Bank,Los Angeles,Macaroni,dry,96,boxes,2026-02-17,730,2028-02-17,706,20,surplus
Feeding San Diego,San Diego,Pasta,dry,154,boxes,2026-03-12,730,2028-03-11,729,31,surplus
Sacramento Food Bank & Family Services,Sacramento,Lentils,dry,383,bags,2026-02-28,730,2028-02-28,717,105,surplus
Los Angeles Regional Food Bank,Los Angeles,Oatmeal,dry,122,boxes,2026-03-08,365,2027-03-08,360,86,balanced
Yolo Food Bank,Woodland,Sugar,dry,156,bags,2026-02-21,730,2028-02-21,710,23,surplus
Feeding San Diego,San Diego,Yogurt cups,dairy,40,cups,2026-03-11,21,2026-04-01,19,87,shortage
Los Angeles Regional Food Bank,Los Angeles,Canned soup,canned,59,cans,2026-02-26,540,2027-08-20,525,101,shortage
Second Harvest Food Bank of Orange County,Irvine,Oranges,produce,96,lbs,2026-03-09,14,2026-03-23,10,80,balanced
Second Harvest of Silicon Valley,San Jose,Canned beans,canned,236,cans,2026-02-26,730,2028-02-26,715,82,balanced
Second Harvest Food Bank of Orange County,Irvine,Canned carrots,canned,233,cans,2026-02-20,730,2028-02-20,709,80,balanced
Alameda County Community Food Bank,Oakland,Canned peas,canned,65,cans,2026-03-07,730,2028-03-06,724,44,balanced
Central California Food Bank,Fresno,Canned soup,canned,77,cans,2026-02-26,540,2027-08-20,525,98,shortage
Sacramento Food Bank & Family Services,Sacramento,Canned beans,canned,219,cans,2026-02-16,730,2028-02-16,705,66,surplus
San Francisco-Marin Food Bank,San Francisco,Peanut butter,dry,62,jars,2026-02-28,365,2027-02-28,352,68,shortage
Food Bank of Contra Costa and Solano,Concord,Potatoes,produce,344,lbs,2026-03-07,30,2026-04-06,24,20,surplus
Sacramento Food Bank & Family Services,Sacramento,Egg cartons,dairy,121,cartons,2026-02-25,21,2026-03-18,5,71,balanced
Central California Food Bank,Fresno,Canned peas,canned,187,cans,2026-03-01,730,2028-02-29,718,90,balanced
Los Angeles Regional Food Bank,Los Angeles,Canned beans,canned,97,cans,2026-02-26,730,2028-02-26,715,107,shortage
Los Angeles Regional Food Bank,Los Angeles,Canned tomatoes,canned,326,cans,2026-03-03,730,2028-03-02,720,76,surplus
Central California Food Bank,Fresno,Canned salmon,canned,376,cans,2026-02-17,730,2028-02-17,706,88,surplus
Feeding San Diego,San Diego,Sugar,dry,89,bags,2026-02-28,730,2028-02-28,717,120,shortage
Second Harvest of Silicon Valley,San Jose,Bananas,produce,392,lbs,2026-03-08,7,2026-03-15,2,28,surplus
San Francisco-Marin Food Bank,San Francisco,Chicken breast frozen,protein,149,packs,2026-03-03,180,2026-08-30,170,56,balanced
San Francisco-Marin Food Bank,San Francisco,Butter,dairy,223,packs,2026-02-17,60,2026-04-18,36,98,balanced
Sacramento Food Bank & Family Services,Sacramento,Onions,produce,279,lbs,2026-02-21,30,2026-03-23,10,30,surplus
Los Angeles Regional Food Bank,Los Angeles,Canned peas,canned,16,cans,2026-02-28,730,2028-02-28,717,57,shortage
Second Harvest Food Bank of Orange County,Irvine,Bell peppers,produce,30,lbs,2026-03-05,10,2026-03-15,2,106,shortage
Yolo Food Bank,Woodland,Yogurt cups,dairy,306,cups,2026-02-16,21,2026-03-09,-4,29,surplus
Alameda County Community Food Bank,Oakland,Chicken breast frozen,protein,330,packs,2026-02-20,180,2026-08-19,159,91,surplus
Yolo Food Bank,Woodland,Milk gallons,dairy,184,gallons,2026-02-21,10,2026-03-03,-10,34,surplus
Los Angeles Regional Food Bank,Los Angeles,Rice 5lb bag,dry,205,bags,2026-03-04,730,2028-03-03,721,76,balanced
Yolo Food Bank,Woodland,Canned soup,canned,114,cans,2026-03-04,540,2027-08-26,531,111,balanced
Food Bank of Contra Costa and Solano,Concord,Canned green beans,canned,276,cans,2026-02-22,730,2028-02-22,711,101,balanced
Second Harvest of Silicon Valley,San Jose,Canned tomatoes,canned,342,cans,2026-03-11,730,2028-03-10,728,82,surplus
Food Bank of Contra Costa and Solano,Concord,Cereal,dry,344,boxes,2026-03-03,180,2026-08-30,170,85,surplus
Sacramento Food Bank & Family Services,Sacramento,Brown rice,dry,124,bags,2026-02-17,365,2027-02-17,341,90,balanced
Central California Food Bank,Fresno,Macaroni,dry,327,boxes,2026-02-26,730,2028-02-26,715,71,surplus
Second Harvest of Silicon Valley,San Jose,Egg cartons,dairy,269,cartons,2026-02-23,21,2026-03-16,3,74,surplus
Yolo Food Bank,Woodland,Canned green beans,canned,205,cans,2026-03-02,730,2028-03-01,719,95,balanced
Feeding San Diego,San Diego,Canned green beans,canned,149,cans,2026-03-12,730,2028-03-11,729,87,balanced
Los Angeles Regional Food Bank,Los Angeles,Peanut butter,dry,21,jars,2026-02-26,365,2027-02-26,350,106,shortage
San Francisco-Marin Food Bank,San Francisco,Oatmeal,dry,69,boxes,2026-03-02,365,2027-03-02,354,61,balanced
Alameda County Community Food Bank,Oakland,Macaroni,dry,132,boxes,2026-03-04,730,2028-03-03,721,73,balanced
Food Bank of Contra Costa and Solano,Concord,Rice 5lb bag,dry,204,bags,2026-03-07,730,2028-03-06,724,106,balanced
Sacramento Food Bank & Family Services,Sacramento,Egg cartons,dairy,393,cartons,2026-02-24,21,2026-03-17,4,24,surplus
Central California Food Bank,Fresno,Lettuce,produce,351,heads,2026-03-11,10,2026-03-21,8,48,surplus
Food Bank of Contra Costa and Solano,Concord,Onions,produce,235,lbs,2026-02-18,30,2026-03-20,7,52,surplus
Food Bank of Contra Costa and Solano,Concord,Pasta,dry,211,boxes,2026-02-18,730,2028-02-18,707,83,balanced
Feeding San Diego,San Diego,Potatoes,produce,28,lbs,2026-02-25,30,2026-03-27,14,64,shortage
Food Bank of Contra Costa and Solano,Concord,Macaroni,dry,208,boxes,2026-02-19,730,2028-02-19,708,71,balanced
Los Angeles Regional Food Bank,Los Angeles,Canned tuna,canned,276,cans,2026-03-04,730,2028-03-03,721,28,surplus
San Francisco-Marin Food Bank,San Francisco,Butter,dairy,49,packs,2026-03-03,60,2026-05-02,50,115,shortage
Alameda County Community Food Bank,Oakland,Avocados,produce,74,units,2026-03-01,7,2026-03-08,-5,59,balanced
Yolo Food Bank,Woodland,Macaroni,dry,90,boxes,2026-03-10,730,2028-03-09,727,22,surplus
Alameda County Community Food Bank,Oakland,Tomatoes,produce,147,lbs,2026-03-05,10,2026-03-15,2,64,balanced
Los Angeles Regional Food Bank,Los Angeles,Butter,dairy,312,packs,2026-02-19,60,2026-04-20,38,62,surplus
Central California Food Bank,Fresno,Bananas,produce,181,lbs,2026-02-19,7,2026-02-26,-15,95,balanced
Alameda County Community Food Bank,Oakland,Flour,dry,309,bags,2026-03-05,365,2027-03-05,357,88,surplus
Food Bank of Contra Costa and Solano,Concord,Apples,produce,261,lbs,2026-03-01,21,2026-03-22,9,56,surplus
Los Angeles Regional Food Bank,Los Angeles,Tomatoes,produce,41,lbs,2026-02-25,10,2026-03-07,-6,72,shortage
Second Harvest Food Bank of Orange County,Irvine,Canned tuna,canned,302,cans,2026-03-01,730,2028-02-29,718,80,surplus
Feeding San Diego,San Diego,Avocados,produce,119,units,2026-03-02,7,2026-03-09,-4,79,balanced
Alameda County Community Food Bank,Oakland,Canned black beans,canned,74,cans,2026-03-09,730,2028-03-08,726,52,balanced
Feeding San Diego,San Diego,Pasta,dry,122,boxes,2026-02-23,730,2028-02-23,712,32,surplus
Second Harvest Food Bank of Orange County,Irvine,Butter,dairy,321,packs,2026-02-18,60,2026-04-19,37,119,balanced
Alameda County Community Food Bank,Oakland,Canned peas,canned,89,cans,2026-02-27,730,2028-02-27,716,57,balanced
Sacramento Food Bank & Family Services,Sacramento,Bananas,produce,347,lbs,2026-02-27,7,2026-03-06,-7,60,surplus
Second Harvest of Silicon Valley,San Jose,Potatoes,produce,228,lbs,2026-02-20,30,2026-03-22,9,43,surplus
Yolo Food Bank,Woodland,Peanut butter,dry,386,jars,2026-03-06,365,2027-03-06,358,51,surplus
Sacramento Food Bank & Family Services,Sacramento,Canned tuna,canned,101,cans,2026-02-26,730,2028-02-26,715,79,balanced
Yolo Food Bank,Woodland,Butter,dairy,347,packs,2026-03-04,60,2026-05-03,51,55,surplus
Feeding San Diego,San Diego,Canned peas,canned,111,cans,2026-03-05,730,2028-03-04,722,60,balanced
Feeding San Diego,San Diego,Canned beans,canned,355,cans,2026-03-10,730,2028-03-09,727,36,surplus
Los Angeles Regional Food Bank,Los Angeles,Milk gallons,dairy,290,gallons,2026-02-24,10,2026-03-06,-7,56,surplus
San Francisco-Marin Food Bank,San Francisco,Pasta,dry,388,boxes,2026-02-23,730,2028-02-23,712,25,surplus
Yolo Food Bank,Woodland,Tomatoes,produce,163,lbs,2026-03-09,10,2026-03-19,6,85,balanced
Second Harvest of Silicon Valley,San Jose,Onions,produce,359,lbs,2026-03-09,30,2026-04-08,26,109,surplus
Yolo Food Bank,Woodland,Canned salmon,canned,99,cans,2026-02-18,730,2028-02-18,707,29,surplus
Los Angeles Regional Food Bank,Los Angeles,Canned carrots,canned,91,cans,2026-02-20,730,2028-02-20,709,51,balanced
Yolo Food Bank,Woodland,Apples,produce,83,lbs,2026-03-11,21,2026-04-01,19,113,shortage
Los Angeles Regional Food Bank,Los Angeles,Spaghetti,dry,127,boxes,2026-02-23,730,2028-02-23,712,35,surplus
Feeding San Diego,San Diego,Egg cartons,dairy,209,cartons,2026-02-19,21,2026-03-12,-1,60,surplus
San Francisco-Marin Food Bank,San Francisco,Cheese blocks,dairy,367,blocks,2026-02-22,30,2026-03-24,11,71,surplus
Yolo Food Bank,Woodland,Frozen vegetables mix,protein,328,bags,2026-02-23,365,2027-02-23,347,112,balanced
Alameda County Community Food Bank,Oakland,Canned salmon,canned,358,cans,2026-03-02,730,2028-03-01,719,36,surplus
San Francisco-Marin Food Bank,San Francisco,Broccoli,produce,230,lbs,2026-03-08,7,2026-03-15,2,102,balanced
Alameda County Community Food Bank,Oakland,Broccoli,produce,87,lbs,2026-03-05,7,2026-03-12,-1,78,balanced
Sacramento Food Bank & Family Services,Sacramento,Avocados,produce,58,units,2026-02-16,7,2026-02-23,-18,96,shortage
Yolo Food Bank,Woodland,Butter,dairy,276,packs,2026-03-10,60,2026-05-09,57,67,surplus
Second Harvest Food Bank of Orange County,Irvine,Lettuce,produce,44,heads,2026-02-24,10,2026-03-06,-7,75,shortage
Feeding San Diego,San Diego,Sugar,dry,47,bags,2026-02-17,730,2028-02-17,706,112,shortage
Second Harvest Food Bank of Orange County,Irvine,Ground turkey frozen,protein,66,packs,2026-02-17,180,2026-08-16,156,77,shortage
Food Bank of Contra Costa and Solano,Concord,Milk gallons,dairy,165,gallons,2026-02-19,10,2026-03-01,-12,65,balanced
Second Harvest of Silicon Valley,San Jose,Peanut butter,dry,209,jars,2026-02-20,365,2027-02-20,344,106,balanced
Food Bank of Contra Costa and Solano,Concord,Lentils,dry,298,bags,2026-03-06,730,2028-03-05,723,101,balanced
Alameda County Community Food Bank,Oakland,Oatmeal,dry,354,boxes,2026-03-06,365,2027-03-06,358,60,surplus
Sacramento Food Bank & Family Services,Sacramento,Peanut butter,dry,308,jars,2026-03-11,365,2027-03-11,363,81,surplus
Feeding San Diego,San Diego,Cheese blocks,dairy,245,blocks,2026-02-22,30,2026-03-24,11,83,balanced
Sacramento Food Bank & Family Services,Sacramento,Almond butter,dry,27,jars,2026-03-03,365,2027-03-03,355,84,shortage
San Francisco-Marin Food Bank,San Francisco,Macaroni,dry,249,boxes,2026-02-20,730,2028-02-20,709,112,balanced
San Francisco-Marin Food Bank,San Francisco,Cereal,dry,300,boxes,2026-02-26,180,2026-08-25,165,32,surplus
Los Angeles Regional Food Bank,Los Angeles,Canned soup,canned,273,cans,2026-03-13,540,2027-09-04,540,26,surplus
Feeding San Diego,San Diego,Canned chickpeas,canned,202,cans,2026-03-12,730,2028-03-11,729,108,balanced
Feeding San Diego,San Diego,Canned soup,canned,274,cans,2026-03-01,540,2027-08-23,528,101,balanced
Food Bank of Contra Costa and Solano,Concord,Canned chickpeas,canned,172,cans,2026-02-21,730,2028-02-21,710,85,balanced
Feeding San Diego,San Diego,Lentils,dry,342,bags,2026-03-06,730,2028-03-05,723,30,surplus
Central California Food Bank,Fresno,Canned green beans,canned,310,cans,2026-03-05,730,2028-03-04,722,103,surplus
Feeding San Diego,San Diego,Sugar,dry,282,bags,2026-02-26,730,2028-02-26,715,38,surplus
Second Harvest of Silicon Valley,San Jose,Oatmeal,dry,183,boxes,2026-02-20,365,2027-02-20,344,82,balanced
San Francisco-Marin Food Bank,San Francisco,Canned tuna,canned,183,cans,2026-03-05,730,2028-03-04,722,56,surplus
Los Angeles Regional Food Bank,Los Angeles,Potatoes,produce,358,lbs,2026-03-11,30,2026-04-10,28,97,surplus
Second Harvest of Silicon Valley,San Jose,Chicken breast frozen,protein,143,packs,2026-03-05,180,2026-09-01,172,104,balanced
Sacramento Food Bank & Family Services,Sacramento,Cheese blocks,dairy,19,blocks,2026-03-01,30,2026-03-31,18,85,shortage
Alameda County Community Food Bank,Oakland,Spaghetti,dry,395,boxes,2026-02-23,730,2028-02-23,712,120,surplus
Central California Food Bank,Fresno,Broccoli,produce,88,lbs,2026-03-02,7,2026-03-09,-4,29,surplus
Food Bank of Contra Costa and Solano,Concord,Almond butter,dry,25,jars,2026-02-24,365,2027-02-24,348,22,balanced
Sacramento Food Bank & Family Services,Sacramento,Tomatoes,produce,339,lbs,2026-03-06,10,2026-03-16,3,21,surplus
Alameda County Community Food Bank,Oakland,Rice 5lb bag,dry,372,bags,2026-03-09,730,2028-03-08,726,109,surplus
Alameda County Community Food Bank,Oakland,Rice 5lb bag,dry,358,bags,2026-03-02,730,2028-03-01,719,107,surplus
Los Angeles Regional Food Bank,Los Angeles,Broccoli,produce,120,lbs,2026-02-21,7,2026-02-28,-13,54,balanced
Central California Food Bank,Fresno,Canned tomatoes,canned,119,cans,2026-02-24,730,2028-02-24,713,57,balanced
San Francisco-Marin Food Bank,San Francisco,Cereal,dry,33,boxes,2026-03-10,180,2026-09-06,177,113,shortage
Feeding San Diego,San Diego,Potatoes,produce,273,lbs,2026-02-22,30,2026-03-24,11,49,surplus
San Francisco-Marin Food Bank,San Francisco,Canned soup,canned,349,cans,2026-03-08,540,2027-08-30,535,100,surplus
Central California Food Bank,Fresno,Pasta,dry,39,boxes,2026-03-12,730,2028-03-11,729,81,shortage
Los Angeles Regional Food Bank,Los Angeles,Cereal,dry,326,boxes,2026-02-24,180,2026-08-23,163,85,surplus
Second Harvest Food Bank of Orange County,Irvine,Oranges,produce,185,lbs,2026-03-09,14,2026-03-23,10,102,balanced
Los Angeles Regional Food Bank,Los Angeles,Potatoes,produce,236,lbs,2026-03-13,30,2026-04-12,30,46,surplus
Los Angeles Regional Food Bank,Los Angeles,Canned carrots,canned,206,cans,2026-03-05,730,2028-03-04,722,98,balanced
Sacramento Food Bank & Family Services,Sacramento,Oatmeal,dry,32,boxes,2026-03-06,365,2027-03-06,358,80,shortage
Second Harvest of Silicon Valley,San Jose,Canned salmon,canned,12,cans,2026-02-19,730,2028-02-19,708,85,shortage
Second Harvest Food Bank of Orange County,Irvine,Apples,produce,327,lbs,2026-02-27,21,2026-03-20,7,100,surplus
Los Angeles Regional Food Bank,Los Angeles,Oatmeal,dry,16,boxes,2026-02-22,365,2027-02-22,346,33,shortage
Yolo Food Bank,Woodland,Canned carrots,canned,184,cans,2026-02-18,730,2028-02-18,707,43,surplus
Alameda County Community Food Bank,Oakland,Apples,produce,23,lbs,2026-02-18,21,2026-03-11,-2,68,shortage
Second Harvest of Silicon Valley,San Jose,Almond butter,dry,274,jars,2026-02-26,365,2027-02-26,350,97,balanced
Feeding San Diego,San Diego,Oatmeal,dry,19,boxes,2026-03-01,365,2027-03-01,353,79,shortage
Central California Food Bank,Fresno,Canned tuna,canned,28,cans,2026-03-12,730,2028-03-11,729,114,shortage
Central California Food Bank,Fresno,Spaghetti,dry,326,boxes,2026-02-16,730,2028-02-16,705,61,surplus
Second Harvest Food Bank of Orange County,Irvine,Oranges,produce,47,lbs,2026-03-05,14,2026-03-19,6,115,shortage
Sacramento Food Bank & Family Services,Sacramento,Lentils,dry,314,bags,2026-02-18,730,2028-02-18,707,96,surplus
Feeding San Diego,San Diego,Bell peppers,produce,377,lbs,2026-03-13,10,2026-03-23,10,98,surplus
Los Angeles Regional Food Bank,Los Angeles,Brown rice,dry,201,bags,2026-03-11,365,2027-03-11,363,29,surplus
Alameda County Community Food Bank,Oakland,Almond butter,dry,129,jars,2026-03-12,365,2027-03-12,364,98,balanced
Yolo Food Bank,Woodland,Spaghetti,dry,68,boxes,2026-02-17,730,2028-02-17,706,44,balanced
Los Angeles Regional Food Bank,Los Angeles,Canned tomatoes,canned,24,cans,2026-02-16,730,2028-02-16,705,114,shortage
Food Bank of Contra Costa and Solano,Concord,Peanut butter,dry,187,jars,2026-02-23,365,2027-02-23,347,74,balanced
San Francisco-Marin Food Bank,San Francisco,Apples,produce,122,lbs,2026-03-13,21,2026-04-03,21,25,surplus
Sacramento Food Bank & Family Services,Sacramento,Canned peas,canned,332,cans,2026-03-03,730,2028-03-02,720,107,surplus
Second Harvest of Silicon Valley,San Jose,Canned corn,canned,90,cans,2026-02-28,730,2028-02-28,717,52,balanced
Sacramento Food Bank & Family Services,Sacramento,Egg cartons,dairy,240,cartons,2026-03-12,21,2026-04-02,20,53,surplus
Los Angeles Regional Food Bank,Los Angeles,Spaghetti,dry,218,boxes,2026-03-01,730,2028-02-29,718,75,balanced
Central California Food Bank,Fresno,Sugar,dry,384,bags,2026-02-17,730,2028-02-17,706,98,surplus
Feeding San Diego,San Diego,Avocados,produce,84,units,2026-03-12,7,2026-03-19,6,68,balanced
Los Angeles Regional Food Bank,Los Angeles,Sugar,dry,20,bags,2026-02-23,730,2028-02-23,712,82,shortage
Central California Food Bank,Fresno,Sugar,dry,362,bags,2026-02-24,730,2028-02-24,713,40,surplus
Food Bank of Contra Costa and Solano,Concord,Cheese blocks,dairy,367,blocks,2026-02-25,30,2026-03-27,14,24,surplus
Sacramento Food Bank & Family Services,Sacramento,Peanut butter,dry,259,jars,2026-03-01,365,2027-03-01,353,113,balanced
Feeding San Diego,San Diego,Frozen vegetables mix,protein,44,bags,2026-02-27,365,2027-02-27,351,20,balanced
Food Bank of Contra Costa and Solano,Concord,Oranges,produce,212,lbs,2026-02-26,14,2026-03-12,-1,81,balanced
Second Harvest of Silicon Valley,San Jose,Oatmeal,dry,175,boxes,2026-03-06,365,2027-03-06,358,103,balanced
Second Harvest Food Bank of Orange County,Irvine,Chicken breast frozen,protein,344,packs,2026-02-28,180,2026-08-27,167,82,surplus
Sacramento Food Bank & Family Services,Sacramento,Canned soup,canned,222,cans,2026-03-10,540,2027-09-01,537,66,surplus
Los Angeles Regional Food Bank,Los Angeles,Egg cartons,dairy,194,cartons,2026-03-12,21,2026-04-02,20,111,balanced
Yolo Food Bank,Woodland,Spinach,produce,102,bags,2026-03-02,7,2026-03-09,-4,95,balanced
Sacramento Food Bank & Family Services,Sacramento,Rice 5lb bag,dry,172,bags,2026-02-21,730,2028-02-21,710,62,balanced
Yolo Food Bank,Woodland,Bell peppers,produce,360,lbs,2026-03-13,10,2026-03-23,10,32,surplus
Food Bank of Contra Costa and Solano,Concord,Cereal,dry,334,boxes,2026-03-04,180,2026-08-31,171,33,surplus
Sacramento Food Bank & Family Services,Sacramento,Canned corn,canned,52,cans,2026-03-06,730,2028-03-05,723,49,balanced
Second Harvest of Silicon Valley,San Jose,Canned green beans,canned,20,cans,2026-03-03,730,2028-03-02,720,112,shortage
Yolo Food Bank,Woodland,Canned beans,canned,316,cans,2026-03-09,730,2028-03-08,726,37,surplus
Alameda County Community Food Bank,Oakland,Canned carrots,canned,328,cans,2026-02-28,730,2028-02-28,717,72,surplus
Central California Food Bank,Fresno,Lentils,dry,314,bags,2026-02-24,730,2028-02-24,713,66,surplus
San Francisco-Marin Food Bank,San Francisco,Canned tomatoes,canned,108,cans,2026-03-10,730,2028-03-09,727,104,balanced
Yolo Food Bank,Woodland,Chicken breast frozen,protein,370,packs,2026-03-05,180,2026-09-01,172,42,surplus
Alameda County Community Food Bank,Oakland,Cheese blocks,dairy,349,blocks,2026-02-28,30,2026-03-30,17,69,surplus
Los Angeles Regional Food Bank,Los Angeles,Spaghetti,dry,74,boxes,2026-03-06,730,2028-03-05,723,115,shortage
Yolo Food Bank,Woodland,Chicken breast frozen,protein,346,packs,2026-03-11,180,2026-09-07,178,30,surplus
San Francisco-Marin Food Bank,San Francisco,Egg cartons,dairy,374,cartons,2026-03-06,21,2026-03-27,14,81,surplus
Yolo Food Bank,Woodland,Spinach,produce,331,bags,2026-02-26,7,2026-03-05,-8,73,surplus
San Francisco-Marin Food Bank,San Francisco,Apples,produce,325,lbs,2026-03-12,21,2026-04-02,20,91,surplus
Second Harvest Food Bank of Orange County,Irvine,Flour,dry,333,bags,2026-02-25,365,2027-02-25,349,31,surplus
Yolo Food Bank,Woodland,Yogurt cups,dairy,29,cups,2026-02-16,21,2026-03-09,-4,27,balanced
Los Angeles Regional Food Bank,Los Angeles,Canned green beans,canned,211,cans,2026-03-01,730,2028-02-29,718,89,balanced
Food Bank of Contra Costa and Solano,Concord,Avocados,produce,269,units,2026-03-12,7,2026-03-19,6,36,surplus
Food Bank of Contra Costa and Solano,Concord,Canned black beans,canned,54,cans,2026-02-22,730,2028-02-22,711,49,balanced
Second Harvest of Silicon Valley,San Jose,Cereal,dry,297,boxes,2026-02-17,180,2026-08-16,156,26,surplus
San Francisco-Marin Food Bank,San Francisco,Bananas,produce,57,lbs,2026-02-20,7,2026-02-27,-14,73,shortage
Second Harvest of Silicon Valley,San Jose,Canned black beans,canned,126,cans,2026-02-18,730,2028-02-18,707,39,surplus
Feeding San Diego,San Diego,Canned soup,canned,287,cans,2026-02-22,540,2027-08-16,521,59,surplus
Los Angeles Regional Food Bank,Los Angeles,Sugar,dry,148,bags,2026-03-06,730,2028-03-05,723,41,surplus
Yolo Food Bank,Woodland,Canned salmon,canned,310,cans,2026-02-27,730,2028-02-27,716,68,surplus
Food Bank of Contra Costa and Solano,Concord,Carrots fresh,produce,307,lbs,2026-03-02,21,2026-03-23,10,39,surplus
Yolo Food Bank,Woodland,Canned peas,canned,112,cans,2026-02-23,730,2028-02-23,712,97,balanced
Second Harvest of Silicon Valley,San Jose,Lettuce,produce,43,heads,2026-03-13,10,2026-03-23,10,94,shortage
Feeding San Diego,San Diego,Frozen vegetables mix,protein,146,bags,2026-03-08,365,2027-03-08,360,24,surplus
Los Angeles Regional Food Bank,Los Angeles,Yogurt cups,dairy,106,cups,2026-02-25,21,2026-03-18,5,95,balanced
San Francisco-Marin Food Bank,San Francisco,Flour,dry,64,bags,2026-03-02,365,2027-03-02,354,61,balanced
Food Bank of Contra Costa and Solano,Concord,Canned tuna,canned,337,cans,2026-03-11,730,2028-03-10,728,63,surplus
Los Angeles Regional Food Bank,Los Angeles,Spaghetti,dry,75,boxes,2026-02-22,730,2028-02-22,711,120,shortage
Central California Food Bank,Fresno,Apples,produce,351,lbs,2026-02-22,21,2026-03-15,2,64,surplus
Second Harvest Food Bank of Orange County,Irvine,Egg cartons,dairy,328,cartons,2026-03-12,21,2026-04-02,20,27,surplus
San Francisco-Marin Food Bank,San Francisco,Rice 5lb bag,dry,216,bags,2026-03-10,730,2028-03-09,727,86,balanced
Sacramento Food Bank & Family Services,Sacramento,Macaroni,dry,238,boxes,2026-03-07,730,2028-03-06,724,42,surplus
Second Harvest of Silicon Valley,San Jose,Bananas,produce,53,lbs,2026-03-04,7,2026-03-11,-2,54,shortage
Alameda County Community Food Bank,Oakland,Canned carrots,canned,92,cans,2026-02-18,730,2028-02-18,707,40,balanced
Sacramento Food Bank & Family Services,Sacramento,Brown rice,dry,27,bags,2026-03-10,365,2027-03-10,362,47,shortage
Second Harvest Food Bank of Orange County,Irvine,Cereal,dry,297,boxes,2026-03-03,180,2026-08-30,170,79,surplus
Central California Food Bank,Fresno,Brown rice,dry,298,bags,2026-02-18,365,2027-02-18,342,56,surplus
Second Harvest of Silicon Valley,San Jose,Oatmeal,dry,63,boxes,2026-02-21,365,2027-02-21,345,89,shortage
Second Harvest Food Bank of Orange County,Irvine,Canned black beans,canned,135,cans,2026-02-28,730,2028-02-28,717,73,balanced
Second Harvest of Silicon Valley,San Jose,Spinach,produce,298,bags,2026-02-22,7,2026-03-01,-12,51,surplus
Alameda County Community Food Bank,Oakland,Bell peppers,produce,233,lbs,2026-02-17,10,2026-02-27,-14,80,balanced
Alameda County Community Food Bank,Oakland,Canned green beans,canned,25,cans,2026-02-24,730,2028-02-24,713,94,shortage
Yolo Food Bank,Woodland,Onions,produce,206,lbs,2026-02-21,30,2026-03-23,10,92,balanced
Alameda County Community Food Bank,Oakland,Spinach,produce,281,bags,2026-02-22,7,2026-03-01,-12,56,surplus
Food Bank of Contra Costa and Solano,Concord,Broccoli,produce,132,lbs,2026-03-02,7,2026-03-09,-4,75,balanced
Feeding San Diego,San Diego,Chicken breast frozen,protein,250,packs,2026-02-17,180,2026-08-16,156,69,surplus
Yolo Food Bank,Woodland,Sugar,dry,190,bags,2026-02-17,730,2028-02-17,706,95,balanced
Yolo Food Bank,Woodland,Milk gallons,dairy,270,gallons,2026-03-09,10,2026-03-19,6,104,balanced
Alameda County Community Food Bank,Oakland,Frozen berries,protein,218,bags,2026-03-03,365,2027-03-03,355,35,surplus
Alameda County Community Food Bank,Oakland,Macaroni,dry,64,boxes,2026-02-21,730,2028-02-21,710,94,shortage
Food Bank of Contra Costa and Solano,Concord,Carrots fresh,produce,59,lbs,2026-03-09,21,2026-03-30,17,96,shortage
Feeding San Diego,San Diego,Spinach,produce,224,bags,2026-03-07,7,2026-03-14,1,90,balanced
Central California Food Bank,Fresno,Canned soup,canned,229,cans,2026-02-17,540,2027-08-11,516,72,surplus
San Francisco-Marin Food Bank,San Francisco,Frozen berries,protein,263,bags,2026-03-03,365,2027-03-03,355,37,surplus
San Francisco-Marin Food Bank,San Francisco,Ground turkey frozen,protein,306,packs,2026-03-08,180,2026-09-04,175,52,surplus
Sacramento Food Bank & Family Services,Sacramento,Almond butter,dry,348,jars,2026-02-20,365,2027-02-20,344,108,surplus
Central California Food Bank,Fresno,Broccoli,produce,153,lbs,2026-03-13,7,2026-03-20,7,72,balanced
Central California Food Bank,Fresno,Rice 5lb bag,dry,327,bags,2026-02-23,730,2028-02-23,712,88,surplus
Second Harvest Food Bank of Orange County,Irvine,Lettuce,produce,311,heads,2026-03-09,10,2026-03-19,6,67,surplus
Feeding San Diego,San Diego,Sugar,dry,74,bags,2026-02-18,730,2028-02-18,707,52,balanced
Central California Food Bank,Fresno,Cheese blocks,dairy,266,blocks,2026-03-12,30,2026-04-11,29,117,balanced
Yolo Food Bank,Woodland,Oatmeal,dry,34,boxes,2026-03-06,365,2027-03-06,358,118,shortage
Second Harvest Food Bank of Orange County,Irvine,Bananas,produce,160,lbs,2026-03-07,7,2026-03-14,1,66,balanced
Yolo Food Bank,Woodland,Spaghetti,dry,111,boxes,2026-03-13,730,2028-03-12,730,67,balanced
Yolo Food Bank,Woodland,Egg cartons,dairy,143,cartons,2026-03-06,21,2026-03-27,14,82,balanced
Los Angeles Regional Food Bank,Los Angeles,Broccoli,produce,356,lbs,2026-03-11,7,2026-03-18,5,24,surplus
Los Angeles Regional Food Bank,Los Angeles,Cheese blocks,dairy,81,blocks,2026-03-07,30,2026-04-06,24,109,shortage
Second Harvest Food Bank of Orange County,Irvine,Chicken breast frozen,protein,67,packs,2026-02-24,180,2026-08-23,163,103,shortage
Alameda County Community Food Bank,Oakland,Macaroni,dry,276,boxes,2026-03-07,730,2028-03-06,724,78,surplus
Sacramento Food Bank & Family Services,Sacramento,Macaroni,dry,281,boxes,2026-03-07,730,2028-03-06,724,32,surplus
Central California Food Bank,Fresno,Lentils,dry,344,bags,2026-03-02,730,2028-03-01,719,44,surplus
Central California Food Bank,Fresno,Canned peas,canned,201,cans,2026-03-03,730,2028-03-02,720,105,balanced
Feeding San Diego,San Diego,Canned green beans,canned,259,cans,2026-03-06,730,2028-03-05,723,40,surplus
Los Angeles Regional Food Bank,Los Angeles,Potatoes,produce,213,lbs,2026-02-18,30,2026-03-20,7,50,surplus
Central California Food Bank,Fresno,Peanut butter,dry,206,jars,2026-02-17,365,2027-02-17,341,108,balanced
Feeding San Diego,San Diego,Rice 5lb bag,dry,191,bags,2026-03-06,730,2028-03-05,723,110,balanced
Food Bank of Contra Costa and Solano,Concord,Frozen berries,protein,75,bags,2026-03-03,365,2027-03-03,355,102,shortage
Alameda County Community Food Bank,Oakland,Peanut butter,dry,298,jars,2026-03-06,365,2027-03-06,358,80,surplus
Yolo Food Bank,Woodland,Peanut butter,dry,226,jars,2026-03-04,365,2027-03-04,356,61,surplus
Los Angeles Regional Food Bank,Los Angeles,Potatoes,produce,209,lbs,2026-03-04,30,2026-04-03,21,41,surplus
Los Angeles Regional Food Bank,Los Angeles,Egg cartons,dairy,284,cartons,2026-02-16,21,2026-03-09,-4,113,balanced
Los Angeles Regional Food Bank,Los Angeles,Oranges,produce,214,lbs,2026-02-16,14,2026-03-02,-11,105,balanced
Food Bank of Contra Costa and Solano,Concord,Cheese blocks,dairy,376,blocks,2026-03-08,30,2026-04-07,25,75,surplus
Food Bank of Contra Costa and Solano,Concord,Macaroni,dry,344,boxes,2026-02-17,730,2028-02-17,706,76,surplus
San Francisco-Marin Food Bank,San Francisco,Cereal,dry,203,boxes,2026-03-13,180,2026-09-09,180,50,surplus
Sacramento Food Bank & Family Services,Sacramento,Butter,dairy,372,packs,2026-02-24,60,2026-04-25,43,119,surplus
Yolo Food Bank,Woodland,Flour,dry,345,bags,2026-02-28,365,2027-02-28,352,29,surplus
Feeding San Diego,San Diego,Frozen vegetables mix,protein,122,bags,2026-02-26,365,2027-02-26,350,96,balanced
Alameda County Community Food Bank,Oakland,Cereal,dry,136,boxes,2026-02-22,180,2026-08-21,161,72,balanced
Central California Food Bank,Fresno,Canned tomatoes,canned,53,cans,2026-03-13,730,2028-03-12,730,44,balanced
Yolo Food Bank,Woodland,Macaroni,dry,148,boxes,2026-02-26,730,2028-02-26,715,35,surplus
Los Angeles Regional Food Bank,Los Angeles,Canned black beans,canned,290,cans,2026-02-18,730,2028-02-18,707,109,balanced
Central California Food Bank,Fresno,Canned green beans,canned,18,cans,2026-02-21,730,2028-02-21,710,53,shortage
Los Angeles Regional Food Bank,Los Angeles,Spinach,produce,368,bags,2026-03-11,7,2026-03-18,5,31,surplus
Yolo Food Bank,Woodland,Ground turkey frozen,protein,50,packs,2026-03-03,180,2026-08-30,170,111,shortage
Central California Food Bank,Fresno,Brown rice,dry,168,bags,2026-03-12,365,2027-03-12,364,113,balanced
Yolo Food Bank,Woodland,Macaroni,dry,157,boxes,2026-03-06,730,2028-03-05,723,118,balanced
Sacramento Food Bank & Family Services,Sacramento,Macaroni,dry,142,boxes,2026-02-23,730,2028-02-23,712,57,balanced
Sacramento Food Bank & Family Services,Sacramento,Canned green beans,canned,56,cans,2026-02-22,730,2028-02-22,711,35,balanced
Second Harvest of Silicon Valley,San Jose,Canned green beans,canned,281,cans,2026-03-01,730,2028-02-29,718,82,surplus
Central California Food Bank,Fresno,Broccoli,produce,249,lbs,2026-03-12,7,2026-03-19,6,32,surplus
San Francisco-Marin Food Bank,San Francisco,Yogurt cups,dairy,232,cups,2026-02-23,21,2026-03-16,3,76,surplus
Sacramento Food Bank & Family Services,Sacramento,Tomatoes,produce,345,lbs,2026-03-11,10,2026-03-21,8,113,surplus
Los Angeles Regional Food Bank,Los Angeles,Tomatoes,produce,130,lbs,2026-02-20,10,2026-03-02,-11,23,surplus
Second Harvest of Silicon Valley,San Jose,Bell peppers,produce,361,lbs,2026-03-08,10,2026-03-18,5,96,surplus
Second Harvest Food Bank of Orange County,Irvine,Pasta,dry,89,boxes,2026-02-25,730,2028-02-25,714,61,balanced
Second Harvest Food Bank of Orange County,Irvine,Almond butter,dry,114,jars,2026-02-24,365,2027-02-24,348,36,surplus
Yolo Food Bank,Woodland,Canned soup,canned,286,cans,2026-02-27,540,2027-08-21,526,113,balanced
Second Harvest Food Bank of Orange County,Irvine,Pasta,dry,274,boxes,2026-02-23,730,2028-02-23,712,120,balanced
Alameda County Community Food Bank,Oakland,Carrots fresh,produce,86,lbs,2026-03-06,21,2026-03-27,14,95,shortage
Second Harvest of Silicon Valley,San Jose,Canned corn,canned,245,cans,2026-02-26,730,2028-02-26,715,99,balanced
Central California Food Bank,Fresno,Sugar,dry,266,bags,2026-02-22,730,2028-02-22,711,88,surplus
Yolo Food Bank,Woodland,Canned beans,canned,41,cans,2026-03-02,730,2028-03-01,719,90,shortage
Feeding San Diego,San Diego,Canned peas,canned,113,cans,2026-02-20,730,2028-02-20,709,53,balanced
Sacramento Food Bank & Family Services,Sacramento,Broccoli,produce,304,lbs,2026-03-03,7,2026-03-10,-3,72,surplus
Yolo Food Bank,Woodland,Canned soup,canned,288,cans,2026-03-12,540,2027-09-03,539,88,surplus
Alameda County Community Food Bank,Oakland,Canned peas,canned,87,cans,2026-03-01,730,2028-02-29,718,27,surplus
Yolo Food Bank,Woodland,Butter,dairy,42,packs,2026-03-03,60,2026-05-02,50,116,shortage
Alameda County Community Food Bank,Oakland,Broccoli,produce,178,lbs,2026-03-05,7,2026-03-12,-1,108,balanced
Los Angeles Regional Food Bank,Los Angeles,Lentils,dry,168,bags,2026-02-18,730,2028-02-18,707,34,surplus
Central California Food Bank,Fresno,Canned peas,canned,221,cans,2026-03-08,730,2028-03-07,725,58,surplus
San Francisco-Marin Food Bank,San Francisco,Oranges,produce,236,lbs,2026-02-25,14,2026-03-11,-2,33,surplus
Yolo Food Bank,Woodland,Yogurt cups,dairy,302,cups,2026-03-09,21,2026-03-30,17,49,surplus
Second Harvest of Silicon Valley,San Jose,Cereal,dry,310,boxes,2026-02-22,180,2026-08-21,161,58,surplus
Alameda County Community Food Bank,Oakland,Avocados,produce,227,units,2026-03-05,7,2026-03-12,-1,96,balanced
Los Angeles Regional Food Bank,Los Angeles,Canned green beans,canned,55,cans,2026-03-07,730,2028-03-06,724,71,shortage
Yolo Food Bank,Woodland,Ground turkey frozen,protein,298,packs,2026-03-01,180,2026-08-28,168,57,surplus
Second Harvest of Silicon Valley,San Jose,Canned peas,canned,285,cans,2026-03-02,730,2028-03-01,719,102,balanced
Second Harvest of Silicon Valley,San Jose,Bell peppers,produce,115,lbs,2026-02-19,10,2026-03-01,-12,105,balanced
Sacramento Food Bank & Family Services,Sacramento,Oatmeal,dry,371,boxes,2026-03-12,365,2027-03-12,364,102,surplus
Second Harvest Food Bank of Orange County,Irvine,Chicken breast frozen,protein,380,packs,2026-02-16,180,2026-08-15,155,97,surplus
Second Harvest of Silicon Valley,San Jose,Bananas,produce,347,lbs,2026-03-04,7,2026-03-11,-2,69,surplus
San Francisco-Marin Food Bank,San Francisco,Carrots fresh,produce,120,lbs,2026-03-03,21,2026-03-24,11,22,surplus
Feeding San Diego,San Diego,Flour,dry,306,bags,2026-02-28,365,2027-02-28,352,83,surplus
Los Angeles Regional Food Bank,Los Angeles,Frozen berries,protein,237,bags,2026-02-16,365,2027-02-16,340,114,balanced
Alameda County Community Food Bank,Oakland,Flour,dry,378,bags,2026-03-08,365,2027-03-08,360,107,surplus
Second Harvest Food Bank of Orange County,Irvine,Cheese blocks,dairy,255,blocks,2026-03-02,30,2026-04-01,19,69,surplus
Feeding San Diego,San Diego,Broccoli,produce,21,lbs,2026-02-28,7,2026-03-07,-6,110,shortage
Second Harvest of Silicon Valley,San Jose,Flour,dry,68,bags,2026-02-24,365,2027-02-24,348,61,balanced
Food Bank of Contra Costa and Solano,Concord,Avocados,produce,278,units,2026-02-19,7,2026-02-26,-15,111,balanced
Alameda County Community Food Bank,Oakland,Chicken breast frozen,protein,304,packs,2026-02-25,180,2026-08-24,164,74,surplus
Food Bank of Contra Costa and Solano,Concord,Rice 5lb bag,dry,387,bags,2026-03-06,730,2028-03-05,723,28,surplus
Feeding San Diego,San Diego,Canned black beans,canned,262,cans,2026-02-25,730,2028-02-25,714,87,surplus
Central California Food Bank,Fresno,Canned peas,canned,324,cans,2026-02-18,730,2028-02-18,707,47,surplus
Second Harvest Food Bank of Orange County,Irvine,Canned tomatoes,canned,332,cans,2026-02-19,730,2028-02-19,708,56,surplus
Sacramento Food Bank & Family Services,Sacramento,Spinach,produce,58,bags,2026-02-18,7,2026-02-25,-16,25,balanced
Food Bank of Contra Costa and Solano,Concord,Broccoli,produce,159,lbs,2026-03-09,7,2026-03-16,3,80,balanced
Yolo Food Bank,Woodland,Flour,dry,209,bags,2026-02-17,365,2027-02-17,341,90,balanced
San Francisco-Marin Food Bank,San Francisco,Bananas,produce,277,lbs,2026-03-04,7,2026-03-11,-2,48,surplus
Yolo Food Bank,Woodland,Canned soup,canned,163,cans,2026-03-04,540,2027-08-26,531,111,balanced
Feeding San Diego,San Diego,Frozen berries,protein,130,bags,2026-02-19,365,2027-02-19,343,68,balanced
Yolo Food Bank,Woodland,Canned corn,canned,221,cans,2026-03-10,730,2028-03-09,727,21,surplus
Food Bank of Contra Costa and Solano,Concord,Potatoes,produce,233,lbs,2026-03-04,30,2026-04-03,21,51,surplus
Food Bank of Contra Costa and Solano,Concord,Frozen vegetables mix,protein,60,bags,2026-02-17,365,2027-02-17,341,97,shortage
Second Harvest Food Bank of Orange County,Irvine,Milk gallons,dairy,54,gallons,2026-03-06,10,2026-03-16,3,89,shortage
Feeding San Diego,San Diego,Canned carrots,canned,61,cans,2026-03-06,730,2028-03-05,723,113,shortage
Central California Food Bank,Fresno,Apples,produce,13,lbs,2026-03-10,21,2026-03-31,18,69,shortage
Alameda County Community Food Bank,Oakland,Canned tuna,canned,224,cans,2026-02-24,730,2028-02-24,713,37,surplus
Feeding San Diego,San Diego,Frozen vegetables mix,protein,93,bags,2026-02-27,365,2027-02-27,351,55,balanced
Sacramento Food Bank & Family Services,Sacramento,Peanut butter,dry,325,jars,2026-03-06,365,2027-03-06,358,69,surplus
Feeding San Diego,San Diego,Rice 5lb bag,dry,338,bags,2026-02-27,730,2028-02-27,716,95,surplus
Sacramento Food Bank & Family Services,Sacramento,Oatmeal,dry,381,boxes,2026-03-03,365,2027-03-03,355,101,surplus
Los Angeles Regional Food Bank,Los Angeles,Spinach,produce,350,bags,2026-02-20,7,2026-02-27,-14,85,surplus
San Francisco-Marin Food Bank,San Francisco,Rice 5lb bag,dry,246,bags,2026-03-05,730,2028-03-04,722,30,surplus
Yolo Food Bank,Woodland,Brown rice,dry,167,bags,2026-02-18,365,2027-02-18,342,88,balanced
Feeding San Diego,San Diego,Onions,produce,237,lbs,2026-02-24,30,2026-03-26,13,31,surplus
Second Harvest of Silicon Valley,San Jose,Cheese blocks,dairy,29,blocks,2026-02-27,30,2026-03-29,16,73,shortage
Second Harvest of Silicon Valley,San Jose,Canned salmon,canned,106,cans,2026-03-12,730,2028-03-11,729,75,balanced
Alameda County Community Food Bank,Oakland,Apples,produce,311,lbs,2026-02-18,21,2026-03-11,-2,24,surplus
Los Angeles Regional Food Bank,Los Angeles,Canned corn,canned,215,cans,2026-03-04,730,2028-03-03,721,44,surplus
Central California Food Bank,Fresno,Yogurt cups,dairy,84,cups,2026-02-16,21,2026-03-09,-4,87,shortage
Los Angeles Regional Food Bank,Los Angeles,Broccoli,produce,198,lbs,2026-02-22,7,2026-03-01,-12,58,surplus
Food Bank of Contra Costa and Solano,Concord,Sugar,dry,289,bags,2026-03-06,730,2028-03-05,723,117,balanced
Second Harvest of Silicon Valley,San Jose,Pasta,dry,398,boxes,2026-03-05,730,2028-03-04,722,100,surplus
Second Harvest Food Bank of Orange County,Irvine,Canned black beans,canned,129,cans,2026-02-17,730,2028-02-17,706,43,balanced
Feeding San Diego,San Diego,Lettuce,produce,221,heads,2026-03-01,10,2026-03-11,-2,82,balanced
Second Harvest of Silicon Valley,San Jose,Canned tomatoes,canned,258,cans,2026-03-04,730,2028-03-03,721,74,surplus
Sacramento Food Bank & Family Services,Sacramento,Frozen berries,protein,126,bags,2026-02-23,365,2027-02-23,347,26,surplus
Los Angeles Regional Food Bank,Los Angeles,Ground turkey frozen,protein,127,packs,2026-03-03,180,2026-08-30,170,98,balanced
San Francisco-Marin Food Bank,San Francisco,Flour,dry,168,bags,2026-03-12,365,2027-03-12,364,81,balanced
Second Harvest of Silicon Valley,San Jose,Frozen berries,protein,74,bags,2026-02-27,365,2027-02-27,351,32,balanced
Second Harvest of Silicon Valley,San Jose,Cheese blocks,dairy,126,blocks,2026-02-26,30,2026-03-28,15,78,balanced
Sacramento Food Bank & Family Services,Sacramento,Canned black beans,canned,309,cans,2026-03-01,730,2028-02-29,718,75,surplus
Feeding San Diego,San Diego,Flour,dry,343,bags,2026-03-01,365,2027-03-01,353,81,surplus
Los Angeles Regional Food Bank,Los Angeles,Canned soup,canned,205,cans,2026-02-22,540,2027-08-16,521,70,balanced
San Francisco-Marin Food Bank,San Francisco,Potatoes,produce,129,lbs,2026-02-27,30,2026-03-29,16,29,surplus
Los Angeles Regional Food Bank,Los Angeles,Ground turkey frozen,protein,219,packs,2026-02-25,180,2026-08-24,164,112,balanced
Second Harvest of Silicon Valley,San Jose,Avocados,produce,300,units,2026-02-19,7,2026-02-26,-15,58,surplus
Yolo Food Bank,Woodland,Macaroni,dry,50,boxes,2026-02-25,730,2028-02-25,714,87,shortage
Feeding San Diego,San Diego,Brown rice,dry,320,bags,2026-03-10,365,2027-03-10,362,61,surplus
Second Harvest of Silicon Valley,San Jose,Lettuce,produce,218,heads,2026-02-24,10,2026-03-06,-7,119,balanced
Food Bank of Contra Costa and Solano,Concord,Pasta,dry,312,boxes,2026-03-13,730,2028-03-12,730,88,surplus
Alameda County Community Food Bank,Oakland,Brown rice,dry,181,bags,2026-03-05,365,2027-03-05,357,24,surplus
Yolo Food Bank,Woodland,Canned tuna,canned,44,cans,2026-02-20,730,2028-02-20,709,72,shortage
Central California Food Bank,Fresno,Milk gallons,dairy,37,gallons,2026-02-16,10,2026-02-26,-15,94,shortage
San Francisco-Marin Food Bank,San Francisco,Cereal,dry,152,boxes,2026-02-25,180,2026-08-24,164,80,balanced
Food Bank of Contra Costa and Solano,Concord,Bananas,produce,145,lbs,2026-03-08,7,2026-03-15,2,56,balanced
Alameda County Community Food Bank,Oakland,Lentils,dry,231,bags,2026-02-24,730,2028-02-24,713,55,surplus
Los Angeles Regional Food Bank,Los Angeles,Spinach,produce,144,bags,2026-02-16,7,2026-02-23,-18,115,balanced
Second Harvest of Silicon Valley,San Jose,Potatoes,produce,250,lbs,2026-02-23,30,2026-03-25,12,83,surplus
San Francisco-Marin Food Bank,San Francisco,Canned black beans,canned,131,cans,2026-03-02,730,2028-03-01,719,94,balanced
Second Harvest of Silicon Valley,San Jose,Bell peppers,produce,319,lbs,2026-03-10,10,2026-03-20,7,66,surplus
Central California Food Bank,Fresno,Brown rice,dry,184,bags,2026-03-03,365,2027-03-03,355,53,surplus
San Francisco-Marin Food Bank,San Francisco,Canned black beans,canned,104,cans,2026-03-07,730,2028-03-06,724,41,balanced
Second Harvest of Silicon Valley,San Jose,Almond butter,dry,398,jars,2026-03-09,365,2027-03-09,361,77,surplus
Second Harvest of Silicon Valley,San Jose,Ground turkey frozen,protein,198,packs,2026-03-04,180,2026-08-31,171,64,surplus
Second Harvest of Silicon Valley,San Jose,Macaroni,dry,66,boxes,2026-03-04,730,2028-03-03,721,35,balanced
Sacramento Food Bank & Family Services,Sacramento,Bell peppers,produce,78,lbs,2026-03-09,10,2026-03-19,6,47,balanced
San Francisco-Marin Food Bank,San Francisco,Flour,dry,150,bags,2026-03-07,365,2027-03-07,359,118,balanced
Los Angeles Regional Food Bank,Los Angeles,Spinach,produce,176,bags,2026-03-06,7,2026-03-13,0,105,balanced
Feeding San Diego,San Diego,Avocados,produce,68,units,2026-02-20,7,2026-02-27,-14,118,shortage
San Francisco-Marin Food Bank,San Francisco,Broccoli,produce,290,lbs,2026-02-20,7,2026-02-27,-14,91,surplus
Yolo Food Bank,Woodland,Sugar,dry,44,bags,2026-02-26,730,2028-02-26,715,71,shortage
Feeding San Diego,San Diego,Cereal,dry,399,boxes,2026-03-11,180,2026-09-07,178,44,surplus
Yolo Food Bank,Woodland,Lentils,dry,265,bags,2026-03-07,730,2028-03-06,724,39,surplus
Sacramento Food Bank & Family Services,Sacramento,Canned peas,canned,339,cans,2026-02-28,730,2028-02-28,717,51,surplus
San Francisco-Marin Food Bank,San Francisco,Bell peppers,produce,74,lbs,2026-03-12,10,2026-03-22,9,111,shortage
Alameda County Community Food Bank,Oakland,Canned salmon,canned,380,cans,2026-03-08,730,2028-03-07,725,119,surplus
Central California Food Bank,Fresno,Frozen vegetables mix,protein,285,bags,2026-03-04,365,2027-03-04,356,25,surplus
Yolo Food Bank,Woodland,Tomatoes,produce,319,lbs,2026-02-24,10,2026-03-06,-7,37,surplus
Central California Food Bank,Fresno,Rice 5lb bag,dry,362,bags,2026-02-27,730,2028-02-27,716,57,surplus
Feeding San Diego,San Diego,Almond butter,dry,208,jars,2026-03-05,365,2027-03-05,357,113,balanced
Second Harvest Food Bank of Orange County,Irvine,Potatoes,produce,350,lbs,2026-02-17,30,2026-03-19,6,64,surplus
Second Harvest of Silicon Valley,San Jose,Canned carrots,canned,64,cans,2026-02-23,730,2028-02-23,712,87,shortage
San Francisco-Marin Food Bank,San Francisco,Cheese blocks,dairy,271,blocks,2026-02-20,30,2026-03-22,9,26,surplus
Yolo Food Bank,Woodland,Apples,produce,275,lbs,2026-02-27,21,2026-03-20,7,65,surplus
Sacramento Food Bank & Family Services,Sacramento,Ground turkey frozen,protein,21,packs,2026-03-04,180,2026-08-31,171,115,shortage
San Francisco-Marin Food Bank,San Francisco,Almond butter,dry,222,jars,2026-02-21,365,2027-02-21,345,92,balanced
San Francisco-Marin Food Bank,San Francisco,Lentils,dry,48,bags,2026-02-16,730,2028-02-16,705,89,shortage
San Francisco-Marin Food Bank,San Francisco,Avocados,produce,60,units,2026-02-17,7,2026-02-24,-17,102,shortage
Central California Food Bank,Fresno,Apples,produce,323,lbs,2026-03-12,21,2026-04-02,20,80,surplus
Sacramento Food Bank & Family Services,Sacramento,Lettuce,produce,286,heads,2026-02-17,10,2026-02-27,-14,112,balanced
Alameda County Community Food Bank,Oakland,Cheese blocks,dairy,267,blocks,2026-02-18,30,2026-03-20,7,72,surplus
Second Harvest of Silicon Valley,San Jose,Canned tuna,canned,51,cans,2026-02-27,730,2028-02-27,716,120,shortage
Second Harvest of Silicon Valley,San Jose,Rice 5lb bag,dry,136,bags,2026-03-02,730,2028-03-01,719,40,surplus
Alameda County Community Food Bank,Oakland,Onions,produce,338,lbs,2026-03-13,30,2026-04-12,30,105,surplus
Second Harvest Food Bank of Orange County,Irvine,Frozen vegetables mix,protein,76,bags,2026-02-25,365,2027-02-25,349,115,shortage
Sacramento Food Bank & Family Services,Sacramento,Butter,dairy,149,packs,2026-02-21,60,2026-04-22,40,97,balanced
Yolo Food Bank,Woodland,Bell peppers,produce,129,lbs,2026-03-04,10,2026-03-14,1,36,surplus
San Francisco-Marin Food Bank,San Francisco,Chicken breast frozen,protein,123,packs,2026-03-08,180,2026-09-04,175,104,balanced
Second Harvest of Silicon Valley,San Jose,Brown rice,dry,351,bags,2026-02-18,365,2027-02-18,342,104,surplus
Feeding San Diego,San Diego,Pasta,dry,262,boxes,2026-02-20,730,2028-02-20,709,95,balanced
San Francisco-Marin Food Bank,San Francisco,Rice 5lb bag,dry,216,bags,2026-03-07,730,2028-03-06,724,61,surplus
Sacramento Food Bank & Family Services,Sacramento,Pasta,dry,57,boxes,2026-03-02,730,2028-03-01,719,91,shortage
Central California Food Bank,Fresno,Canned peas,canned,288,cans,2026-03-02,730,2028-03-01,719,83,surplus
Food Bank of Contra Costa and Solano,Concord,Canned green beans,canned,330,cans,2026-02-19,730,2028-02-19,708,36,surplus
San Francisco-Marin Food Bank,San Francisco,Broccoli,produce,200,lbs,2026-03-12,7,2026-03-19,6,113,balanced
Sacramento Food Bank & Family Services,Sacramento,Bell peppers,produce,300,lbs,2026-03-13,10,2026-03-23,10,73,surplus
San Francisco-Marin Food Bank,San Francisco,Canned carrots,canned,315,cans,2026-02-19,730,2028-02-19,708,61,surplus
Second Harvest of Silicon Valley,San Jose,Cheese blocks,dairy,265,blocks,2026-02-28,30,2026-03-30,17,79,surplus
Sacramento Food Bank & Family Services,Sacramento,Avocados,produce,94,units,2026-03-06,7,2026-03-13,0,24,surplus
Central California Food Bank,Fresno,Spinach,produce,169,bags,2026-03-12,7,2026-03-19,6,45,surplus
Alameda County Community Food Bank,Oakland,Potatoes,produce,32,lbs,2026-03-02,30,2026-04-01,19,74,shortage
Central California Food Bank,Fresno,Butter,dairy,360,packs,2026-02-25,60,2026-04-26,44,92,surplus
San Francisco-Marin Food Bank,San Francisco,Onions,produce,63,lbs,2026-02-25,30,2026-03-27,14,92,shortage
Sacramento Food Bank & Family Services,Sacramento,Pasta,dry,126,boxes,2026-02-24,730,2028-02-24,713,77,balanced
San Francisco-Marin Food Bank,San Francisco,Almond butter,dry,117,jars,2026-03-04,365,2027-03-04,356,61,balanced
Feeding San Diego,San Diego,Milk gallons,dairy,142,gallons,2026-03-06,10,2026-03-16,3,87,balanced
Food Bank of Contra Costa and Solano,Concord,Chicken breast frozen,protein,157,packs,2026-03-10,180,2026-09-06,177,88,balanced
Los Angeles Regional Food Bank,Los Angeles,Almond butter,dry,40,jars,2026-02-21,365,2027-02-21,345,24,balanced
Alameda County Community Food Bank,Oakland,Macaroni,dry,74,boxes,2026-02-23,730,2028-02-23,712,76,shortage
Feeding San Diego,San Diego,Canned tuna,canned,386,cans,2026-02-16,730,2028-02-16,705,36,surplus
Yolo Food Bank,Woodland,Pasta,dry,311,boxes,2026-03-04,730,2028-03-03,721,79,surplus
Second Harvest of Silicon Valley,San Jose,Cheese blocks,dairy,278,blocks,2026-02-23,30,2026-03-25,12,37,surplus
Feeding San Diego,San Diego,Spinach,produce,370,bags,2026-02-24,7,2026-03-03,-10,63,surplus
Central California Food Bank,Fresno,Almond butter,dry,279,jars,2026-03-10,365,2027-03-10,362,27,surplus
Alameda County Community Food Bank,Oakland,Macaroni,dry,139,boxes,2026-02-20,730,2028-02-20,709,41,surplus
Alameda County Community Food Bank,Oakland,Cheese blocks,dairy,127,blocks,2026-02-22,30,2026-03-24,11,110,balanced
Yolo Food Bank,Woodland,Lentils,dry,86,bags,2026-03-06,730,2028-03-05,723,76,balanced
Los Angeles Regional Food Bank,Los Angeles,Canned soup,canned,98,cans,2026-02-17,540,2027-08-11,516,84,balanced
San Francisco-Marin Food Bank,San Francisco,Cheese blocks,dairy,237,blocks,2026-03-12,30,2026-04-11,29,47,surplus
Yolo Food Bank,Woodland,Brown rice,dry,309,bags,2026-03-09,365,2027-03-09,361,109,balanced
San Francisco-Marin Food Bank,San Francisco,Canned carrots,canned,232,cans,2026-03-01,730,2028-02-29,718,40,surplus
Alameda County Community Food Bank,Oakland,Canned green beans,canned,292,cans,2026-02-24,730,2028-02-24,713,24,surplus
Yolo Food Bank,Woodland,Canned soup,canned,394,cans,2026-02-22,540,2027-08-16,521,70,surplus
Los Angeles Regional Food Bank,Los Angeles,Spaghetti,dry,22,boxes,2026-02-24,730,2028-02-24,713,82,shortage
Second Harvest Food Bank of Orange County,Irvine,Canned tomatoes,canned,289,cans,2026-02-22,730,2028-02-22,711,55,surplus
Second Harvest Food Bank of Orange County,Irvine,Canned carrots,canned,212,cans,2026-02-21,730,2028-02-21,710,102,balanced
Food Bank of Contra Costa and Solano,Concord,Oranges,produce,341,lbs,2026-03-09,14,2026-03-23,10,113,surplus
Los Angeles Regional Food Bank,Los Angeles,Oranges,produce,60,lbs,2026-03-03,14,2026-03-17,4,112,shortage
Central California Food Bank,Fresno,Oatmeal,dry,364,boxes,2026-03-07,365,2027-03-07,359,54,surplus
Alameda County Community Food Bank,Oakland,Canned peas,canned,302,cans,2026-02-27,730,2028-02-27,716,65,surplus
Second Harvest Food Bank of Orange County,Irvine,Chicken breast frozen,protein,90,packs,2026-03-07,180,2026-09-03,174,61,balanced
Yolo Food Bank,Woodland,Canned corn,canned,92,cans,2026-02-17,730,2028-02-17,706,109,shortage
Second Harvest Food Bank of Orange County,Irvine,Lettuce,produce,371,heads,2026-03-11,10,2026-03-21,8,54,surplus
San Francisco-Marin Food Bank,San Francisco,Sugar,dry,193,bags,2026-03-02,730,2028-03-01,719,38,surplus
Central California Food Bank,Fresno,Butter,dairy,380,packs,2026-03-12,60,2026-05-11,59,61,surplus
Yolo Food Bank,Woodland,Cereal,dry,353,boxes,2026-03-11,180,2026-09-07,178,52,surplus
Central California Food Bank,Fresno,Spinach,produce,304,bags,2026-03-11,7,2026-03-18,5,64,surplus
Second Harvest Food Bank of Orange County,Irvine,Canned tomatoes,canned,39,cans,2026-03-07,730,2028-03-06,724,87,shortage
Sacramento Food Bank & Family Services,Sacramento,Tomatoes,produce,352,lbs,2026-02-22,10,2026-03-04,-9,110,surplus
Los Angeles Regional Food Bank,Los Angeles,Lentils,dry,121,bags,2026-02-23,730,2028-02-23,712,94,balanced
Los Angeles Regional Food Bank,Los Angeles,Sugar,dry,15,bags,2026-02-21,730,2028-02-21,710,51,shortage
Central California Food Bank,Fresno,Butter,dairy,277,packs,2026-03-07,60,2026-05-06,54,79,surplus
Alameda County Community Food Bank,Oakland,Avocados,produce,308,units,2026-03-02,7,2026-03-09,-4,42,surplus
Alameda County Community Food Bank,Oakland,Sugar,dry,243,bags,2026-03-09,730,2028-03-08,726,61,surplus
Central California Food Bank,Fresno,Onions,produce,215,lbs,2026-02-25,30,2026-03-27,14,99,balanced
Feeding San Diego,San Diego,Frozen vegetables mix,protein,211,bags,2026-03-13,365,2027-03-13,365,63,surplus
Second Harvest of Silicon Valley,San Jose,Bananas,produce,352,lbs,2026-02-26,7,2026-03-05,-8,113,surplus
Los Angeles Regional Food Bank,Los Angeles,Bananas,produce,161,lbs,2026-03-09,7,2026-03-16,3,80,balanced
Second Harvest Food Bank of Orange County,Irvine,Canned tuna,canned,286,cans,2026-03-10,730,2028-03-09,727,68,surplus
San Francisco-Marin Food Bank,San Francisco,Canned black beans,canned,393,cans,2026-03-10,730,2028-03-09,727,111,surplus
Central California Food Bank,Fresno,Almond butter,dry,325,jars,2026-02-16,365,2027-02-16,340,102,surplus
Food Bank of Contra Costa and Solano,Concord,Potatoes,produce,248,lbs,2026-02-28,30,2026-03-30,17,106,balanced
San Francisco-Marin Food Bank,San Francisco,Frozen vegetables mix,protein,161,bags,2026-02-22,365,2027-02-22,346,51,surplus
San Francisco-Marin Food Bank,San Francisco,Canned tomatoes,canned,324,cans,2026-03-13,730,2028-03-12,730,48,surplus
Second Harvest of Silicon Valley,San Jose,Canned carrots,canned,86,cans,2026-02-18,730,2028-02-18,707,107,shortage
Central California Food Bank,Fresno,Canned tuna,canned,159,cans,2026-02-25,730,2028-02-25,714,63,balanced
Central California Food Bank,Fresno,Canned black beans,canned,216,cans,2026-02-27,730,2028-02-27,716,23,surplus
San Francisco-Marin Food Bank,San Francisco,Canned black beans,canned,218,cans,2026-02-17,730,2028-02-17,706,105,balanced
Alameda County Community Food Bank,Oakland,Cereal,dry,277,boxes,2026-02-27,180,2026-08-26,166,67,surplus
Los Angeles Regional Food Bank,Los Angeles,Butter,dairy,260,packs,2026-02-27,60,2026-04-28,46,94,balanced
Sacramento Food Bank & Family Services,Sacramento,Oranges,produce,342,lbs,2026-02-18,14,2026-03-04,-9,35,surplus
Central California Food Bank,Fresno,Bell peppers,produce,249,lbs,2026-03-10,10,2026-03-20,7,46,surplus
Second Harvest of Silicon Valley,San Jose,Chicken breast frozen,protein,331,packs,2026-03-06,180,2026-09-02,173,25,surplus
Alameda County Community Food Bank,Oakland,Pasta,dry,213,boxes,2026-03-01,730,2028-02-29,718,120,balanced
Los Angeles Regional Food Bank,Los Angeles,Carrots fresh,produce,276,lbs,2026-03-13,21,2026-04-03,21,89,surplus
Los Angeles Regional Food Bank,Los Angeles,Onions,produce,214,lbs,2026-02-22,30,2026-03-24,11,101,balanced
Food Bank of Contra Costa and Solano,Concord,Bell peppers,produce,212,lbs,2026-02-23,10,2026-03-05,-8,57,surplus
Central California Food Bank,Fresno,Onions,produce,57,lbs,2026-03-03,30,2026-04-02,20,34,balanced
Feeding San Diego,San Diego,Canned carrots,canned,17,cans,2026-03-12,730,2028-03-11,729,65,shortage
Yolo Food Bank,Woodland,Spaghetti,dry,216,boxes,2026-02-25,730,2028-02-25,714,118,balanced
Los Angeles Regional Food Bank,Los Angeles,Canned beans,canned,224,cans,2026-03-08,730,2028-03-07,725,75,balanced
Food Bank of Contra Costa and Solano,Concord,Pasta,dry,369,boxes,2026-02-25,730,2028-02-25,714,72,surplus
Second Harvest Food Bank of Orange County,Irvine,Broccoli,produce,117,lbs,2026-02-23,7,2026-03-02,-11,114,balanced
Central California Food Bank,Fresno,Pasta,dry,22,boxes,2026-02-28,730,2028-02-28,717,105,shortage
Second Harvest Food Bank of Orange County,Irvine,Bell peppers,produce,162,lbs,2026-03-06,10,2026-03-16,3,69,balanced
Los Angeles Regional Food Bank,Los Angeles,Lentils,dry,384,bags,2026-03-04,730,2028-03-03,721,119,surplus
Central California Food Bank,Fresno,Broccoli,produce,377,lbs,2026-02-25,7,2026-03-04,-9,44,surplus
Alameda County Community Food Bank,Oakland,Milk gallons,dairy,376,gallons,2026-02-27,10,2026-03-09,-4,45,surplus
Second Harvest of Silicon Valley,San Jose,Canned tuna,canned,324,cans,2026-03-11,730,2028-03-10,728,75,surplus
Second Harvest Food Bank of Orange County,Irvine,Lentils,dry,370,bags,2026-02-27,730,2028-02-27,716,109,surplus
Alameda County Community Food Bank,Oakland,Frozen berries,protein,138,bags,2026-02-21,365,2027-02-21,345,89,balanced
Yolo Food Bank,Woodland,Chicken breast frozen,protein,179,packs,2026-03-02,180,2026-08-29,169,41,surplus
Los Angeles Regional Food Bank,Los Angeles,Carrots fresh,produce,141,lbs,2026-02-16,21,2026-03-09,-4,65,balanced
Alameda County Community Food Bank,Oakland,Spinach,produce,231,bags,2026-03-05,7,2026-03-12,-1,79,balanced
Yolo Food Bank,Woodland,Brown rice,dry,131,bags,2026-03-09,365,2027-03-09,361,87,balanced
Second Harvest of Silicon Valley,San Jose,Spinach,produce,173,bags,2026-03-12,7,2026-03-19,6,74,balanced
Yolo Food Bank,Woodland,Canned chickpeas,canned,214,cans,2026-02-20,730,2028-02-20,709,43,surplus
Sacramento Food Bank & Family Services,Sacramento,Canned corn,canned,52,cans,2026-02-25,730,2028-02-25,714,101,shortage
San Francisco-Marin Food Bank,San Francisco,Canned green beans,canned,232,cans,2026-02-16,730,2028-02-16,705,61,surplus
Yolo Food Bank,Woodland,Butter,dairy,209,packs,2026-02-28,60,2026-04-29,47,37,surplus
Food Bank of Contra Costa and Solano,Concord,Broccoli,produce,377,lbs,2026-03-11,7,2026-03-18,5,92,surplus
Second Harvest Food Bank of Orange County,Irvine,Egg cartons,dairy,128,cartons,2026-03-10,21,2026-03-31,18,45,balanced
Yolo Food Bank,Woodland,Canned carrots,canned,26,cans,2026-02-18,730,2028-02-18,707,62,shortage
San Francisco-Marin Food Bank,San Francisco,Tomatoes,produce,97,lbs,2026-03-12,10,2026-03-22,9,39,balanced
Alameda County Community Food Bank,Oakland,Canned black beans,canned,253,cans,2026-02-16,730,2028-02-16,705,56,surplus
Food Bank of Contra Costa and Solano,Concord,Canned tomatoes,canned,13,cans,2026-02-18,730,2028-02-18,707,84,shortage
Second Harvest of Silicon Valley,San Jose,Carrots fresh,produce,365,lbs,2026-03-01,21,2026-03-22,9,46,surplus
Los Angeles Regional Food Bank,Los Angeles,Carrots fresh,produce,61,lbs,2026-02-21,21,2026-03-14,1,107,shortage
Los Angeles Regional Food Bank,Los Angeles,Cereal,dry,85,boxes,2026-02-27,180,2026-08-26,166,77,balanced
San Francisco-Marin Food Bank,San Francisco,Almond butter,dry,87,jars,2026-03-12,365,2027-03-12,364,112,shortage
Food Bank of Contra Costa and Solano,Concord,Onions,produce,338,lbs,2026-02-28,30,2026-03-30,17,99,surplus
Second Harvest Food Bank of Orange County,Irvine,Canned salmon,canned,189,cans,2026-02-16,730,2028-02-16,705,74,balanced
Food Bank of Contra Costa and Solano,Concord,Spaghetti,dry,302,boxes,2026-03-09,730,2028-03-08,726,101,balanced
Feeding San Diego,San Diego,Avocados,produce,382,units,2026-03-12,7,2026-03-19,6,34,surplus
San Francisco-Marin Food Bank,San Francisco,Canned black beans,canned,348,cans,2026-02-19,730,2028-02-19,708,71,surplus
Central California Food Bank,Fresno,Canned beans,canned,376,cans,2026-03-11,730,2028-03-10,728,63,surplus
Sacramento Food Bank & Family Services,Sacramento,Spinach,produce,72,bags,2026-03-10,7,2026-03-17,4,68,balanced
Central California Food Bank,Fresno,Peanut butter,dry,91,jars,2026-02-16,365,2027-02-16,340,77,balanced
Central California Food Bank,Fresno,Butter,dairy,374,packs,2026-03-07,60,2026-05-06,54,87,surplus
Alameda County Community Food Bank,Oakland,Cheese blocks,dairy,383,blocks,2026-02-21,30,2026-03-23,10,94,surplus
Sacramento Food Bank & Family Services,Sacramento,Lentils,dry,394,bags,2026-02-20,730,2028-02-20,709,119,surplus
Feeding San Diego,San Diego,Canned black beans,canned,84,cans,2026-03-04,730,2028-03-03,721,59,balanced
Second Harvest of Silicon Valley,San Jose,Almond butter,dry,269,jars,2026-03-06,365,2027-03-06,358,43,surplus
Second Harvest Food Bank of Orange County,Irvine,Oatmeal,dry,15,boxes,2026-02-28,365,2027-02-28,352,64,shortage
Los Angeles Regional Food Bank,Los Angeles,Bananas,produce,193,lbs,2026-03-01,7,2026-03-08,-5,105,balanced
Central California Food Bank,Fresno,Tomatoes,produce,11,lbs,2026-02-26,10,2026-03-08,-5,30,shortage
Feeding San Diego,San Diego,Onions,produce,126,lbs,2026-02-25,30,2026-03-27,14,86,balanced
Alameda County Community Food Bank,Oakland,Yogurt cups,dairy,95,cups,2026-02-21,21,2026-03-14,1,85,balanced
Central California Food Bank,Fresno,Frozen vegetables mix,protein,351,bags,2026-03-03,365,2027-03-03,355,57,surplus
Alameda County Community Food Bank,Oakland,Frozen vegetables mix,protein,23,bags,2026-02-26,365,2027-02-26,350,55,shortage
Food Bank of Contra Costa and Solano,Concord,Rice 5lb bag,dry,132,bags,2026-02-25,730,2028-02-25,714,102,balanced
Food Bank of Contra Costa and Solano,Concord,Apples,produce,307,lbs,2026-03-01,21,2026-03-22,9,119,balanced
Yolo Food Bank,Woodland,Almond butter,dry,101,jars,2026-02-28,365,2027-02-28,352,99,balanced
Food Bank of Contra Costa and Solano,Concord,Bell peppers,produce,11,lbs,2026-03-09,10,2026-03-19,6,111,shortage
Sacramento Food Bank & Family Services,Sacramento,Potatoes,produce,225,lbs,2026-03-03,30,2026-04-02,20,79,balanced
Sacramento Food Bank & Family Services,Sacramento,Lettuce,produce,304,heads,2026-02-16,10,2026-02-26,-15,98,surplus
Food Bank of Contra Costa and Solano,Concord,Bananas,produce,381,lbs,2026-02-19,7,2026-02-26,-15,119,surplus
Alameda County Community Food Bank,Oakland,Canned black beans,canned,374,cans,2026-03-13,730,2028-03-12,730,24,surplus
Alameda County Community Food Bank,Oakland,Milk gallons,dairy,164,gallons,2026-02-27,10,2026-03-09,-4,24,surplus
Sacramento Food Bank & Family Services,Sacramento,Milk gallons,dairy,51,gallons,2026-02-20,10,2026-03-02,-11,60,shortage
Alameda County Community Food Bank,Oakland,Bananas,produce,178,lbs,2026-02-16,7,2026-02-23,-18,92,balanced
Second Harvest of Silicon Valley,San Jose,Cheese blocks,dairy,292,blocks,2026-03-01,30,2026-03-31,18,99,balanced
Alameda County Community Food Bank,Oakland,Lentils,dry,227,bags,2026-03-08,730,2028-03-07,725,109,balanced
Sacramento Food Bank & Family Services,Sacramento,Potatoes,produce,285,lbs,2026-03-01,30,2026-03-31,18,38,surplus
Alameda County Community Food Bank,Oakland,Peanut butter,dry,354,jars,2026-02-20,365,2027-02-20,344,38,surplus
Feeding San Diego,San Diego,Oranges,produce,116,lbs,2026-03-10,14,2026-03-24,11,89,balanced
Feeding San Diego,San Diego,Rice 5lb bag,dry,364,bags,2026-02-19,730,2028-02-19,708,106,surplus
Feeding San Diego,San Diego,Lettuce,produce,318,heads,2026-03-08,10,2026-03-18,5,25,surplus
Yolo Food Bank,Woodland,Chicken breast frozen,protein,139,packs,2026-02-24,180,2026-08-23,163,113,balanced
Los Angeles Regional Food Bank,Los Angeles,Frozen berries,protein,20,bags,2026-02-16,365,2027-02-16,340,53,shortage
Feeding San Diego,San Diego,Canned salmon,canned,118,cans,2026-02-23,730,2028-02-23,712,62,balanced
Sacramento Food Bank & Family Services,Sacramento,Flour,dry,345,bags,2026-03-12,365,2027-03-12,364,114,surplus
Second Harvest Food Bank of Orange County,Irvine,Cheese blocks,dairy,144,blocks,2026-02-22,30,2026-03-24,11,98,balanced
Yolo Food Bank,Woodland,Ground turkey frozen,protein,336,packs,2026-02-19,180,2026-08-18,158,119,balanced
Second Harvest Food Bank of Orange County,Irvine,Milk gallons,dairy,59,gallons,2026-02-27,10,2026-03-09,-4,89,shortage
Central California Food Bank,Fresno,Ground turkey frozen,protein,170,packs,2026-02-25,180,2026-08-24,164,120,balanced
Central California Food Bank,Fresno,Sugar,dry,341,bags,2026-02-18,730,2028-02-18,707,54,surplus
Yolo Food Bank,Woodland,Potatoes,produce,298,lbs,2026-03-12,30,2026-04-11,29,110,balanced
Food Bank of Contra Costa and Solano,Concord,Broccoli,produce,266,lbs,2026-03-11,7,2026-03-18,5,74,surplus
Alameda County Community Food Bank,Oakland,Rice 5lb bag,dry,144,bags,2026-03-06,730,2028-03-05,723,39,surplus
Yolo Food Bank,Woodland,Flour,dry,230,bags,2026-02-26,365,2027-02-26,350,36,surplus
Feeding San Diego,San Diego,Canned peas,canned,329,cans,2026-03-10,730,2028-03-09,727,51,surplus
Second Harvest of Silicon Valley,San Jose,Bananas,produce,126,lbs,2026-02-24,7,2026-03-03,-10,32,surplus
Central California Food Bank,Fresno,Canned tuna,canned,353,cans,2026-03-08,730,2028-03-07,725,85,surplus
San Francisco-Marin Food Bank,San Francisco,Rice 5lb bag,dry,144,bags,2026-03-06,730,2028-03-05,723,95,balanced
Sacramento Food Bank & Family Services,Sacramento,Canned carrots,canned,83,cans,2026-02-25,730,2028-02-25,714,21,surplus
Alameda County Community Food Bank,Oakland,Canned salmon,canned,148,cans,2026-02-23,730,2028-02-23,712,73,balanced
Feeding San Diego,San Diego,Avocados,produce,180,units,2026-02-18,7,2026-02-25,-16,83,balanced
Yolo Food Bank,Woodland,Broccoli,produce,124,lbs,2026-03-03,7,2026-03-10,-3,24,surplus
Second Harvest Food Bank of Orange County,Irvine,Chicken breast frozen,protein,219,packs,2026-02-21,180,2026-08-20,160,64,surplus
Food Bank of Contra Costa and Solano,Concord,Chicken breast frozen,protein,198,packs,2026-02-26,180,2026-08-25,165,24,surplus
Los Angeles Regional Food Bank,Los Angeles,Oranges,produce,190,lbs,2026-02-24,14,2026-03-10,-3,53,surplus
Yolo Food Bank,Woodland,Canned salmon,canned,205,cans,2026-02-26,730,2028-02-26,715,111,balanced
Sacramento Food Bank & Family Services,Sacramento,Almond butter,dry,257,jars,2026-02-17,365,2027-02-17,341,100,balanced
Central California Food Bank,Fresno,Onions,produce,176,lbs,2026-02-28,30,2026-03-30,17,87,balanced
Yolo Food Bank,Woodland,Lettuce,produce,300,heads,2026-03-05,10,2026-03-15,2,46,surplus
Food Bank of Contra Costa and Solano,Concord,Oatmeal,dry,98,boxes,2026-02-18,365,2027-02-18,342,108,shortage
Feeding San Diego,San Diego,Canned black beans,canned,93,cans,2026-02-19,730,2028-02-19,708,92,balanced
Second Harvest of Silicon Valley,San Jose,Canned tomatoes,canned,249,cans,2026-02-21,730,2028-02-21,710,104,balanced
Alameda County Community Food Bank,Oakland,Canned corn,canned,226,cans,2026-03-12,730,2028-03-11,729,105,balanced
Los Angeles Regional Food Bank,Los Angeles,Macaroni,dry,15,boxes,2026-03-02,730,2028-03-01,719,93,shortage
San Francisco-Marin Food Bank,San Francisco,Spaghetti,dry,318,boxes,2026-02-17,730,2028-02-17,706,40,surplus
Alameda County Community Food Bank,Oakland,Canned black beans,canned,341,cans,2026-02-23,730,2028-02-23,712,115,balanced
Sacramento Food Bank & Family Services,Sacramento,Canned peas,canned,87,cans,2026-03-07,730,2028-03-06,724,98,shortage
Feeding San Diego,San Diego,Canned corn,canned,154,cans,2026-03-13,730,2028-03-12,730,92,balanced
Los Angeles Regional Food Bank,Los Angeles,Canned soup,canned,50,cans,2026-02-19,540,2027-08-13,518,54,shortage
Second Harvest Food Bank of Orange County,Irvine,Cheese blocks,dairy,30,blocks,2026-03-01,30,2026-03-31,18,105,shortage
Second Harvest Food Bank of Orange County,Irvine,Frozen berries,protein,216,bags,2026-03-08,365,2027-03-08,360,109,balanced
Central California Food Bank,Fresno,Avocados,produce,283,units,2026-03-02,7,2026-03-09,-4,46,surplus
Los Angeles Regional Food Bank,Los Angeles,Macaroni,dry,156,boxes,2026-03-10,730,2028-03-09,727,111,balanced
Feeding San Diego,San Diego,Flour,dry,11,bags,2026-03-11,365,2027-03-11,363,88,shortage
Sacramento Food Bank & Family Services,Sacramento,Avocados,produce,370,units,2026-02-19,7,2026-02-26,-15,59,surplus
Alameda County Community Food Bank,Oakland,Lentils,dry,167,bags,2026-02-27,730,2028-02-27,716,73,balanced
Central California Food Bank,Fresno,Canned salmon,canned,73,cans,2026-03-11,730,2028-03-10,728,95,shortage
Sacramento Food Bank & Family Services,Sacramento,Pasta,dry,149,boxes,2026-03-05,730,2028-03-04,722,119,balanced
Feeding San Diego,San Diego,Broccoli,produce,174,lbs,2026-02-20,7,2026-02-27,-14,73,balanced
San Francisco-Marin Food Bank,San Francisco,Egg cartons,dairy,256,cartons,2026-03-08,21,2026-03-29,16,95,balanced
Central California Food Bank,Fresno,Milk gallons,dairy,259,gallons,2026-03-05,10,2026-03-15,2,76,surplus
Food Bank of Contra Costa and Solano,Concord,Spaghetti,dry,105,boxes,2026-02-26,730,2028-02-26,715,44,balanced
Food Bank of Contra Costa and Solano,Concord,Cereal,dry,277,boxes,2026-03-10,180,2026-09-06,177,37,surplus
Feeding San Diego,San Diego,Yogurt cups,dairy,33,cups,2026-03-01,21,2026-03-22,9,47,shortage
Yolo Food Bank,Woodland,Rice 5lb bag,dry,11,bags,2026-02-24,730,2028-02-24,713,106,shortage
Los Angeles Regional Food Bank,Los Angeles,Tomatoes,produce,178,lbs,2026-03-07,10,2026-03-17,4,35,surplus
Sacramento Food Bank & Family Services,Sacramento,Avocados,produce,56,units,2026-03-07,7,2026-03-14,1,60,shortage
Los Angeles Regional Food Bank,Los Angeles,Canned corn,canned,183,cans,2026-02-28,730,2028-02-28,717,38,surplus
Second Harvest Food Bank of Orange County,Irvine,Lettuce,produce,339,heads,2026-02-21,10,2026-03-03,-10,37,surplus
Sacramento Food Bank & Family Services,Sacramento,Canned soup,canned,186,cans,2026-02-26,540,2027-08-20,525,53,surplus
Second Harvest of Silicon Valley,San Jose,Almond butter,dry,244,jars,2026-02-24,365,2027-02-24,348,36,surplus
Alameda County Community Food Bank,Oakland,Bananas,produce,243,lbs,2026-03-10,7,2026-03-17,4,94,balanced
Los Angeles Regional Food Bank,Los Angeles,Lentils,dry,273,bags,2026-03-05,730,2028-03-04,722,30,surplus
Los Angeles Regional Food Bank,Los Angeles,Milk gallons,dairy,91,gallons,2026-03-08,10,2026-03-18,5,108,shortage
Second Harvest Food Bank of Orange County,Irvine,Peanut butter,dry,39,jars,2026-03-11,365,2027-03-11,363,94,shortage
Feeding San Diego,San Diego,Carrots fresh,produce,268,lbs,2026-02-26,21,2026-03-19,6,55,surplus
Yolo Food Bank,Woodland,Oranges,produce,354,lbs,2026-02-25,14,2026-03-11,-2,93,surplus
Second Harvest Food Bank of Orange County,Irvine,Canned chickpeas,canned,387,cans,2026-02-19,730,2028-02-19,708,59,surplus
Los Angeles Regional Food Bank,Los Angeles,Bell peppers,produce,242,lbs,2026-03-06,10,2026-03-16,3,65,surplus
Sacramento Food Bank & Family Services,Sacramento,Tomatoes,produce,82,lbs,2026-03-09,10,2026-03-19,6,82,balanced
Sacramento Food Bank & Family Services,Sacramento,Frozen berries,protein,102,bags,2026-02-17,365,2027-02-17,341,85,balanced
Yolo Food Bank,Woodland,Yogurt cups,dairy,250,cups,2026-02-17,21,2026-03-10,-3,115,balanced
Alameda County Community Food Bank,Oakland,Bananas,produce,202,lbs,2026-02-21,7,2026-02-28,-13,108,balanced
Los Angeles Regional Food Bank,Los Angeles,Sugar,dry,372,bags,2026-02-17,730,2028-02-17,706,84,surplus
San Francisco-Marin Food Bank,San Francisco,Broccoli,produce,382,lbs,2026-03-02,7,2026-03-09,-4,63,surplus
Second Harvest of Silicon Valley,San Jose,Canned black beans,canned,162,cans,2026-03-09,730,2028-03-08,726,56,balanced
Central California Food Bank,Fresno,Apples,produce,40,lbs,2026-03-04,21,2026-03-25,12,102,shortage
Yolo Food Bank,Woodland,Almond butter,dry,18,jars,2026-03-01,365,2027-03-01,353,56,shortage
Food Bank of Contra Costa and Solano,Concord,Canned carrots,canned,327,cans,2026-03-11,730,2028-03-10,728,79,surplus
Food Bank of Contra Costa and Solano,Concord,Bell peppers,produce,330,lbs,2026-03-04,10,2026-03-14,1,106,surplus
Second Harvest of Silicon Valley,San Jose,Sugar,dry,371,bags,2026-03-06,730,2028-03-05,723,93,surplus
Second Harvest Food Bank of Orange County,Irvine,Canned carrots,canned,386,cans,2026-03-13,730,2028-03-12,730,28,surplus
Los Angeles Regional Food Bank,Los Angeles,Pasta,dry,366,boxes,2026-03-07,730,2028-03-06,724,104,surplus
San Francisco-Marin Food Bank,San Francisco,Canned soup,canned,355,cans,2026-03-01,540,2027-08-23,528,52,surplus
Central California Food Bank,Fresno,Oranges,produce,84,lbs,2026-03-06,14,2026-03-20,7,95,shortage
Sacramento Food Bank & Family Services,Sacramento,Lentils,dry,69,bags,2026-02-21,730,2028-02-21,710,84,shortage
Central California Food Bank,Fresno,Almond butter,dry,248,jars,2026-03-10,365,2027-03-10,362,79,surplus
Yolo Food Bank,Woodland,Carrots fresh,produce,161,lbs,2026-02-22,21,2026-03-15,2,64,balanced
Alameda County Community Food Bank,Oakland,Bananas,produce,322,lbs,2026-02-16,7,2026-02-23,-18,20,surplus
Central California Food Bank,Fresno,Brown rice,dry,283,bags,2026-03-02,365,2027-03-02,354,59,surplus
Second Harvest of Silicon Valley,San Jose,Canned black beans,canned,338,cans,2026-02-22,730,2028-02-22,711,45,surplus
Second Harvest Food Bank of Orange County,Irvine,Frozen berries,protein,397,bags,2026-03-05,365,2027-03-05,357,72,surplus
Second Harvest Food Bank of Orange County,Irvine,Oatmeal,dry,55,boxes,2026-03-01,365,2027-03-01,353,48,balanced
Food Bank of Contra Costa and Solano,Concord,Lentils,dry,114,bags,2026-03-11,730,2028-03-10,728,23,surplus
Los Angeles Regional Food Bank,Los Angeles,Frozen berries,protein,111,bags,2026-03-02,365,2027-03-02,354,82,balanced
San Francisco-Marin Food Bank,San Francisco,Milk gallons,dairy,364,gallons,2026-02-21,10,2026-03-03,-10,119,surplus
Yolo Food Bank,Woodland,Sugar,dry,166,bags,2026-03-11,730,2028-03-10,728,31,surplus
Second Harvest Food Bank of Orange County,Irvine,Chicken breast frozen,protein,129,packs,2026-02-23,180,2026-08-22,162,110,balanced
San Francisco-Marin Food Bank,San Francisco,Frozen berries,protein,304,bags,2026-02-20,365,2027-02-20,344,36,surplus
Alameda County Community Food Bank,Oakland,Oatmeal,dry,290,boxes,2026-03-01,365,2027-03-01,353,77,surplus
Second Harvest Food Bank of Orange County,Irvine,Egg cartons,dairy,29,cartons,2026-03-02,21,2026-03-23,10,70,shortage
Sacramento Food Bank & Family Services,Sacramento,Macaroni,dry,176,boxes,2026-03-12,730,2028-03-11,729,113,balanced
Second Harvest Food Bank of Orange County,Irvine,Flour,dry,59,bags,2026-03-03,365,2027-03-03,355,44,balanced
Second Harvest Food Bank of Orange County,Irvine,Cheese blocks,dairy,34,blocks,2026-02-18,30,2026-03-20,7,73,shortage
Alameda County Community Food Bank,Oakland,Sugar,dry,310,bags,2026-02-23,730,2028-02-23,712,21,surplus
Second Harvest of Silicon Valley,San Jose,Cheese blocks,dairy,253,blocks,2026-03-01,30,2026-03-31,18,86,balanced
Second Harvest Food Bank of Orange County,Irvine,Chicken breast frozen,protein,390,packs,2026-02-18,180,2026-08-17,157,50,surplus
Food Bank of Contra Costa and Solano,Concord,Macaroni,dry,216,boxes,2026-03-11,730,2028-03-10,728,23,surplus
Los Angeles Regional Food Bank,Los Angeles,Brown rice,dry,58,bags,2026-02-24,365,2027-02-24,348,105,shortage
San Francisco-Marin Food Bank,San Francisco,Frozen vegetables mix,protein,372,bags,2026-03-11,365,2027-03-11,363,118,surplus
San Francisco-Marin Food Bank,San Francisco,Butter,dairy,376,packs,2026-03-07,60,2026-05-06,54,106,surplus
Los Angeles Regional Food Bank,Los Angeles,Frozen berries,protein,236,bags,2026-03-10,365,2027-03-10,362,37,surplus
Central California Food Bank,Fresno,Canned carrots,canned,386,cans,2026-03-13,730,2028-03-12,730,72,surplus
Los Angeles Regional Food Bank,Los Angeles,Peanut butter,dry,223,jars,2026-03-04,365,2027-03-04,356,103,balanced
Sacramento Food Bank & Family Services,Sacramento,Almond butter,dry,69,jars,2026-03-06,365,2027-03-06,358,64,balanced
San Francisco-Marin Food Bank,San Francisco,Canned black beans,canned,75,cans,2026-03-07,730,2028-03-06,724,120,shortage
Second Harvest Food Bank of Orange County,Irvine,Bell peppers,produce,65,lbs,2026-03-06,10,2026-03-16,3,40,balanced
Los Angeles Regional Food Bank,Los Angeles,Canned soup,canned,349,cans,2026-03-09,540,2027-08-31,536,97,surplus
Sacramento Food Bank & Family Services,Sacramento,Peanut butter,dry,203,jars,2026-03-05,365,2027-03-05,357,110,balanced
Sacramento Food Bank & Family Services,Sacramento,Canned soup,canned,354,cans,2026-03-09,540,2027-08-31,536,120,balanced
Second Harvest Food Bank of Orange County,Irvine,Ground turkey frozen,protein,310,packs,2026-02-19,180,2026-08-18,158,71,surplus
Sacramento Food Bank & Family Services,Sacramento,Macaroni,dry,289,boxes,2026-02-24,730,2028-02-24,713,64,surplus
San Francisco-Marin Food Bank,San Francisco,Avocados,produce,365,units,2026-02-28,7,2026-03-07,-6,69,surplus
Yolo Food Bank,Woodland,Macaroni,dry,247,boxes,2026-02-22,730,2028-02-22,711,73,surplus
Los Angeles Regional Food Bank,Los Angeles,Spaghetti,dry,15,boxes,2026-03-08,730,2028-03-07,725,22,shortage
Sacramento Food Bank & Family Services,Sacramento,Canned salmon,canned,291,cans,2026-02-17,730,2028-02-17,706,80,surplus
Central California Food Bank,Fresno,Oranges,produce,146,lbs,2026-02-24,14,2026-03-10,-3,72,balanced
Second Harvest Food Bank of Orange County,Irvine,Canned green beans,canned,123,cans,2026-02-25,730,2028-02-25,714,59,balanced
Food Bank of Contra Costa and Solano,Concord,Ground turkey frozen,protein,189,packs,2026-02-26,180,2026-08-25,165,55,surplus
Second Harvest of Silicon Valley,San Jose,Flour,dry,255,bags,2026-02-26,365,2027-02-26,350,24,surplus
Alameda County Community Food Bank,Oakland,Canned tomatoes,canned,372,cans,2026-03-06,730,2028-03-05,723,20,surplus
Yolo Food Bank,Woodland,Sugar,dry,322,bags,2026-02-24,730,2028-02-24,713,82,surplus
Feeding San Diego,San Diego,Canned black beans,canned,288,cans,2026-03-12,730,2028-03-11,729,79,surplus
Sacramento Food Bank & Family Services,Sacramento,Milk gallons,dairy,349,gallons,2026-02-24,10,2026-03-06,-7,76,surplus
Yolo Food Bank,Woodland,Macaroni,dry,124,boxes,2026-03-02,730,2028-03-01,719,86,balanced
Los Angeles Regional Food Bank,Los Angeles,Canned salmon,canned,206,cans,2026-03-07,730,2028-03-06,724,108,balanced
Los Angeles Regional Food Bank,Los Angeles,Canned black beans,canned,269,cans,2026-02-21,730,2028-02-21,710,87,surplus
Second Harvest Food Bank of Orange County,Irvine,Ground turkey frozen,protein,84,packs,2026-03-09,180,2026-09-05,176,38,balanced
San Francisco-Marin Food Bank,San Francisco,Spaghetti,dry,63,boxes,2026-03-10,730,2028-03-09,727,42,balanced
Second Harvest of Silicon Valley,San Jose,Canned peas,canned,365,cans,2026-02-28,730,2028-02-28,717,51,surplus
Second Harvest Food Bank of Orange County,Irvine,Apples,produce,250,lbs,2026-03-09,21,2026-03-30,17,47,surplus
Central California Food Bank,Fresno,Flour,dry,123,bags,2026-02-16,365,2027-02-16,340,116,balanced
Feeding San Diego,San Diego,Carrots fresh,produce,40,lbs,2026-03-07,21,2026-03-28,15,100,shortage
Second Harvest of Silicon Valley,San Jose,Chicken breast frozen,protein,364,packs,2026-03-04,180,2026-08-31,171,113,surplus
Sacramento Food Bank & Family Services,Sacramento,Brown rice,dry,167,bags,2026-02-21,365,2027-02-21,345,65,balanced
Feeding San Diego,San Diego,Bananas,produce,74,lbs,2026-03-13,7,2026-03-20,7,68,balanced
Food Bank of Contra Costa and Solano,Concord,Chicken breast frozen,protein,390,packs,2026-03-07,180,2026-09-03,174,64,surplus
Yolo Food Bank,Woodland,Canned tomatoes,canned,274,cans,2026-02-21,730,2028-02-21,710,88,surplus
Feeding San Diego,San Diego,Canned peas,canned,339,cans,2026-03-01,730,2028-02-29,718,31,surplus
Sacramento Food Bank & Family Services,Sacramento,Pasta,dry,188,boxes,2026-03-05,730,2028-03-04,722,86,balanced
Second Harvest Food Bank of Orange County,Irvine,Avocados,produce,34,units,2026-03-13,7,2026-03-20,7,39,shortage
Second Harvest of Silicon Valley,San Jose,Onions,produce,238,lbs,2026-03-06,30,2026-04-05,23,34,surplus
San Francisco-Marin Food Bank,San Francisco,Canned tomatoes,canned,30,cans,2026-03-10,730,2028-03-09,727,112,shortage
Feeding San Diego,San Diego,Lentils,dry,158,bags,2026-02-24,730,2028-02-24,713,34,surplus
Food Bank of Contra Costa and Solano,Concord,Carrots fresh,produce,224,lbs,2026-02-28,21,2026-03-21,8,118,balanced
Alameda County Community Food Bank,Oakland,Lentils,dry,110,bags,2026-03-12,730,2028-03-11,729,95,balanced
Central California Food Bank,Fresno,Canned beans,canned,236,cans,2026-03-13,730,2028-03-12,730,102,balanced
Feeding San Diego,San Diego,Spaghetti,dry,198,boxes,2026-03-05,730,2028-03-04,722,70,balanced
Sacramento Food Bank & Family Services,Sacramento,Canned carrots,canned,305,cans,2026-02-24,730,2028-02-24,713,119,balanced
Food Bank of Contra Costa and Solano,Concord,Cereal,dry,100,boxes,2026-03-10,180,2026-09-06,177,98,balanced
Alameda County Community Food Bank,Oakland,Canned corn,canned,378,cans,2026-02-19,730,2028-02-19,708,73,surplus
Yolo Food Bank,Woodland,Cheese blocks,dairy,327,blocks,2026-02-24,30,2026-03-26,13,91,surplus
Second Harvest Food Bank of Orange County,Irvine,Oatmeal,dry,79,boxes,2026-02-20,365,2027-02-20,344,83,shortage
Alameda County Community Food Bank,Oakland,Apples,produce,149,lbs,2026-02-22,21,2026-03-15,2,107,balanced
Second Harvest Food Bank of Orange County,Irvine,Tomatoes,produce,49,lbs,2026-03-05,10,2026-03-15,2,31,balanced
Yolo Food Bank,Woodland,Brown rice,dry,364,bags,2026-02-26,365,2027-02-26,350,78,surplus
Central California Food Bank,Fresno,Rice 5lb bag,dry,162,bags,2026-02-18,730,2028-02-18,707,109,balanced
Central California Food Bank,Fresno,Yogurt cups,dairy,210,cups,2026-03-05,21,2026-03-26,13,84,balanced
Sacramento Food Bank & Family Services,Sacramento,Onions,produce,72,lbs,2026-02-25,30,2026-03-27,14,99,shortage
Yolo Food Bank,Woodland,Oatmeal,dry,207,boxes,2026-02-18,365,2027-02-18,342,61,surplus
Alameda County Community Food Bank,Oakland,Tomatoes,produce,298,lbs,2026-02-24,10,2026-03-06,-7,62,surplus
San Francisco-Marin Food Bank,San Francisco,Oranges,produce,206,lbs,2026-03-07,14,2026-03-21,8,69,balanced
Los Angeles Regional Food Bank,Los Angeles,Tomatoes,produce,28,lbs,2026-02-21,10,2026-03-03,-10,91,shortage
Central California Food Bank,Fresno,Butter,dairy,45,packs,2026-02-28,60,2026-04-29,47,57,shortage
Sacramento Food Bank & Family Services,Sacramento,Bell peppers,produce,49,lbs,2026-02-24,10,2026-03-06,-7,82,shortage
Sacramento Food Bank & Family Services,Sacramento,Cereal,dry,112,boxes,2026-03-04,180,2026-08-31,171,43,balanced
Sacramento Food Bank & Family Services,Sacramento,Oatmeal,dry,313,boxes,2026-03-11,365,2027-03-11,363,26,surplus
Second Harvest Food Bank of Orange County,Irvine,Pasta,dry,347,boxes,2026-03-10,730,2028-03-09,727,24,surplus
Central California Food Bank,Fresno,Sugar,dry,81,bags,2026-03-07,730,2028-03-06,724,37,balanced
Central California Food Bank,Fresno,Oranges,produce,352,lbs,2026-03-02,14,2026-03-16,3,70,surplus
Alameda County Community Food Bank,Oakland,Canned tomatoes,canned,274,cans,2026-03-01,730,2028-02-29,718,35,surplus
Second Harvest of Silicon Valley,San Jose,Rice 5lb bag,dry,298,bags,2026-03-09,730,2028-03-08,726,66,surplus
Yolo Food Bank,Woodland,Yogurt cups,dairy,193,cups,2026-02-20,21,2026-03-13,0,116,balanced
Central California Food Bank,Fresno,Peanut butter,dry,17,jars,2026-03-09,365,2027-03-09,361,28,shortage
Food Bank of Contra Costa and Solano,Concord,Milk gallons,dairy,59,gallons,2026-03-05,10,2026-03-15,2,52,balanced
Food Bank of Contra Costa and Solano,Concord,Apples,produce,59,lbs,2026-03-03,21,2026-03-24,11,34,balanced
Alameda County Community Food Bank,Oakland,Almond butter,dry,336,jars,2026-03-02,365,2027-03-02,354,52,surplus
Food Bank of Contra Costa and Solano,Concord,Spaghetti,dry,34,boxes,2026-02-28,730,2028-02-28,717,52,shortage
Second Harvest Food Bank of Orange County,Irvine,Ground turkey frozen,protein,371,packs,2026-03-10,180,2026-09-06,177,111,surplus
Central California Food Bank,Fresno,Frozen berries,protein,30,bags,2026-03-03,365,2027-03-03,355,70,shortage
San Francisco-Marin Food Bank,San Francisco,Brown rice,dry,94,bags,2026-03-10,365,2027-03-10,362,82,balanced
Second Harvest of Silicon Valley,San Jose,Canned tomatoes,canned,76,cans,2026-02-28,730,2028-02-28,717,85,shortage
Central California Food Bank,Fresno,Lettuce,produce,40,heads,2026-03-13,10,2026-03-23,10,119,shortage
Sacramento Food Bank & Family Services,Sacramento,Rice 5lb bag,dry,252,bags,2026-03-13,730,2028-03-12,730,103,balanced
Sacramento Food Bank & Family Services,Sacramento,Frozen vegetables mix,protein,288,bags,2026-03-12,365,2027-03-12,364,98,balanced
Second Harvest Food Bank of Orange County,Irvine,Ground turkey frozen,protein,126,packs,2026-02-22,180,2026-08-21,161,108,balanced
Yolo Food Bank,Woodland,Spaghetti,dry,346,boxes,2026-03-06,730,2028-03-05,723,42,surplus
San Francisco-Marin Food Bank,San Francisco,Pasta,dry,298,boxes,2026-03-11,730,2028-03-10,728,98,surplus
Yolo Food Bank,Woodland,Yogurt cups,dairy,187,cups,2026-03-01,21,2026-03-22,9,38,surplus
Second Harvest of Silicon Valley,San Jose,Frozen berries,protein,48,bags,2026-03-04,365,2027-03-04,356,50,shortage
Food Bank of Contra Costa and Solano,Concord,Potatoes,produce,132,lbs,2026-02-21,30,2026-03-23,10,41,surplus
Yolo Food Bank,Woodland,Frozen berries,protein,363,bags,2026-03-06,365,2027-03-06,358,95,surplus
Second Harvest of Silicon Valley,San Jose,Milk gallons,dairy,125,gallons,2026-02-22,10,2026-03-04,-9,51,balanced
Central California Food Bank,Fresno,Sugar,dry,252,bags,2026-02-21,730,2028-02-21,710,50,surplus
Second Harvest Food Bank of Orange County,Irvine,Butter,dairy,392,packs,2026-03-03,60,2026-05-02,50,111,surplus
Alameda County Community Food Bank,Oakland,Canned beans,canned,163,cans,2026-02-28,730,2028-02-28,717,42,surplus
Food Bank of Contra Costa and Solano,Concord,Spinach,produce,21,bags,2026-03-01,7,2026-03-08,-5,117,shortage
Second Harvest Food Bank of Orange County,Irvine,Flour,dry,142,bags,2026-02-20,365,2027-02-20,344,104,balanced
Feeding San Diego,San Diego,Canned tomatoes,canned,231,cans,2026-02-18,730,2028-02-18,707,119,balanced
Sacramento Food Bank & Family Services,Sacramento,Apples,produce,232,lbs,2026-03-01,21,2026-03-22,9,62,surplus
Yolo Food Bank,Woodland,Pasta,dry,329,boxes,2026-03-03,730,2028-03-02,720,45,surplus
Central California Food Bank,Fresno,Ground turkey frozen,protein,346,packs,2026-03-01,180,2026-08-28,168,67,surplus
Food Bank of Contra Costa and Solano,Concord,Cereal,dry,220,boxes,2026-03-09,180,2026-09-05,176,116,balanced
Alameda County Community Food Bank,Oakland,Brown rice,dry,278,bags,2026-02-18,365,2027-02-18,342,60,surplus
Food Bank of Contra Costa and Solano,Concord,Onions,produce,141,lbs,2026-02-18,30,2026-03-20,7,69,balanced
Second Harvest Food Bank of Orange County,Irvine,Tomatoes,produce,297,lbs,2026-02-28,10,2026-03-10,-3,58,surplus
Central California Food Bank,Fresno,Egg cartons,dairy,270,cartons,2026-03-12,21,2026-04-02,20,69,surplus
Los Angeles Regional Food Bank,Los Angeles,Tomatoes,produce,160,lbs,2026-02-26,10,2026-03-08,-5,55,balanced
Second Harvest of Silicon Valley,San Jose,Cheese blocks,dairy,77,blocks,2026-03-04,30,2026-04-03,21,102,shortage
Los Angeles Regional Food Bank,Los Angeles,Spinach,produce,331,bags,2026-03-02,7,2026-03-09,-4,110,surplus
Central California Food Bank,Fresno,Canned corn,canned,329,cans,2026-02-18,730,2028-02-18,707,57,surplus
Los Angeles Regional Food Bank,Los Angeles,Sugar,dry,238,bags,2026-02-18,730,2028-02-18,707,111,balanced
Alameda County Community Food Bank,Oakland,Lentils,dry,98,bags,2026-02-22,730,2028-02-22,711,83,balanced
Yolo Food Bank,Woodland,Frozen berries,protein,240,bags,2026-02-28,365,2027-02-28,352,32,surplus
Central California Food Bank,Fresno,Canned carrots,canned,318,cans,2026-02-25,730,2028-02-25,714,119,balanced
Yolo Food Bank,Woodland,Frozen vegetables mix,protein,333,bags,2026-03-11,365,2027-03-11,363,72,surplus
Los Angeles Regional Food Bank,Los Angeles,Broccoli,produce,35,lbs,2026-02-19,7,2026-02-26,-15,113,shortage
Second Harvest Food Bank of Orange County,Irvine,Frozen vegetables mix,protein,271,bags,2026-02-23,365,2027-02-23,347,71,surplus
Los Angeles Regional Food Bank,Los Angeles,Canned peas,canned,319,cans,2026-02-19,730,2028-02-19,708,58,surplus
San Francisco-Marin Food Bank,San Francisco,Onions,produce,221,lbs,2026-03-09,30,2026-04-08,26,26,surplus
San Francisco-Marin Food Bank,San Francisco,Macaroni,dry,289,boxes,2026-03-10,730,2028-03-09,727,110,balanced
Yolo Food Bank,Woodland,Onions,produce,16,lbs,2026-02-17,30,2026-03-19,6,28,shortage
Food Bank of Contra Costa and Solano,Concord,Oatmeal,dry,34,boxes,2026-02-16,365,2027-02-16,340,37,shortage
Sacramento Food Bank & Family Services,Sacramento,Frozen vegetables mix,protein,54,bags,2026-03-10,365,2027-03-10,362,69,shortage
San Francisco-Marin Food Bank,San Francisco,Yogurt cups,dairy,381,cups,2026-03-02,21,2026-03-23,10,75,surplus
Central California Food Bank,Fresno,Spaghetti,dry,158,boxes,2026-03-01,730,2028-02-29,718,79,balanced
Yolo Food Bank,Woodland,Lettuce,produce,325,heads,2026-02-20,10,2026-03-02,-11,58,surplus
Alameda County Community Food Bank,Oakland,Brown rice,dry,129,bags,2026-02-25,365,2027-02-25,349,102,balanced
Second Harvest of Silicon Valley,San Jose,Canned peas,canned,215,cans,2026-03-02,730,2028-03-01,719,109,balanced
Second Harvest of Silicon Valley,San Jose,Ground turkey frozen,protein,162,packs,2026-02-23,180,2026-08-22,162,111,balanced
San Francisco-Marin Food Bank,San Francisco,Flour,dry,140,bags,2026-02-21,365,2027-02-21,345,36,surplus
Second Harvest Food Bank of Orange County,Irvine,Oranges,produce,330,lbs,2026-03-03,14,2026-03-17,4,29,surplus
Sacramento Food Bank & Family Services,Sacramento,Sugar,dry,205,bags,2026-03-10,730,2028-03-09,727,120,balanced
San Francisco-Marin Food Bank,San Francisco,Tomatoes,produce,181,lbs,2026-03-12,10,2026-03-22,9,80,balanced
Second Harvest Food Bank of Orange County,Irvine,Lentils,dry,380,bags,2026-02-19,730,2028-02-19,708,42,surplus
Food Bank of Contra Costa and Solano,Concord,Frozen vegetables mix,protein,308,bags,2026-02-16,365,2027-02-16,340,84,surplus
Second Harvest Food Bank of Orange County,Irvine,Onions,produce,168,lbs,2026-02-18,30,2026-03-20,7,80,balanced
San Francisco-Marin Food Bank,San Francisco,Canned tomatoes,canned,393,cans,2026-02-20,730,2028-02-20,709,38,surplus
Central California Food Bank,Fresno,Yogurt cups,dairy,142,cups,2026-02-16,21,2026-03-09,-4,114,balanced
Feeding San Diego,San Diego,Broccoli,produce,302,lbs,2026-03-08,7,2026-03-15,2,116,balanced
Second Harvest Food Bank of Orange County,Irvine,Spinach,produce,186,bags,2026-03-01,7,2026-03-08,-5,103,balanced
Yolo Food Bank,Woodland,Tomatoes,produce,349,lbs,2026-03-13,10,2026-03-23,10,110,surplus
Second Harvest of Silicon Valley,San Jose,Rice 5lb bag,dry,270,bags,2026-02-20,730,2028-02-20,709,26,surplus
Food Bank of Contra Costa and Solano,Concord,Cheese blocks,dairy,167,blocks,2026-02-21,30,2026-03-23,10,100,balanced
Second Harvest Food Bank of Orange County,Irvine,Oranges,produce,52,lbs,2026-02-19,14,2026-03-05,-8,100,shortage
Second Harvest of Silicon Valley,San Jose,Canned soup,canned,205,cans,2026-03-09,540,2027-08-31,536,93,balanced
Second Harvest Food Bank of Orange County,Irvine,Cereal,dry,301,boxes,2026-03-03,180,2026-08-30,170,48,surplus
Second Harvest Food Bank of Orange County,Irvine,Macaroni,dry,84,boxes,2026-03-12,730,2028-03-11,729,64,balanced
Feeding San Diego,San Diego,Sugar,dry,337,bags,2026-03-12,730,2028-03-11,729,93,surplus
Feeding San Diego,San Diego,Carrots fresh,produce,125,lbs,2026-02-21,21,2026-03-14,1,98,balanced
Central California Food Bank,Fresno,Canned green beans,canned,240,cans,2026-03-05,730,2028-03-04,722,68,surplus
Second Harvest of Silicon Valley,San Jose,Canned tuna,canned,391,cans,2026-03-11,730,2028-03-10,728,37,surplus
Food Bank of Contra Costa and Solano,Concord,Chicken breast frozen,protein,148,packs,2026-02-19,180,2026-08-18,158,96,balanced
Sacramento Food Bank & Family Services,Sacramento,Tomatoes,produce,31,lbs,2026-03-04,10,2026-03-14,1,48,shortage
Los Angeles Regional Food Bank,Los Angeles,Frozen berries,protein,266,bags,2026-02-18,365,2027-02-18,342,112,balanced
Central California Food Bank,Fresno,Canned carrots,canned,280,cans,2026-02-20,730,2028-02-20,709,81,surplus
Sacramento Food Bank & Family Services,Sacramento,Spaghetti,dry,228,boxes,2026-02-25,730,2028-02-25,714,98,balanced
Sacramento Food Bank & Family Services,Sacramento,Broccoli,produce,389,lbs,2026-03-09,7,2026-03-16,3,24,surplus
Alameda County Community Food Bank,Oakland,Potatoes,produce,71,lbs,2026-02-20,30,2026-03-22,9,72,shortage
Second Harvest Food Bank of Orange County,Irvine,Canned soup,canned,193,cans,2026-03-10,540,2027-09-01,537,51,surplus
Food Bank of Contra Costa and Solano,Concord,Canned tomatoes,canned,245,cans,2026-02-27,730,2028-02-27,716,34,surplus
Second Harvest Food Bank of Orange County,Irvine,Frozen vegetables mix,protein,110,bags,2026-02-19,365,2027-02-19,343,81,balanced
Yolo Food Bank,Woodland,Frozen vegetables mix,protein,254,bags,2026-02-17,365,2027-02-17,341,112,balanced
Feeding San Diego,San Diego,Milk gallons,dairy,102,gallons,2026-03-05,10,2026-03-15,2,91,balanced
Los Angeles Regional Food Bank,Los Angeles,Ground turkey frozen,protein,47,packs,2026-03-11,180,2026-09-07,178,62,shortage
Alameda County Community Food Bank,Oakland,Spinach,produce,166,bags,2026-03-06,7,2026-03-13,0,108,balanced
Second Harvest of Silicon Valley,San Jose,Canned tuna,canned,369,cans,2026-03-01,730,2028-02-29,718,96,surplus
Feeding San Diego,San Diego,Potatoes,produce,153,lbs,2026-03-11,30,2026-04-10,28,103,balanced
Los Angeles Regional Food Bank,Los Angeles,Egg cartons,dairy,123,cartons,2026-03-03,21,2026-03-24,11,55,balanced
San Francisco-Marin Food Bank,San Francisco,Canned corn,canned,16,cans,2026-03-12,730,2028-03-11,729,85,shortage
Second Harvest of Silicon Valley,San Jose,Potatoes,produce,51,lbs,2026-02-21,30,2026-03-23,10,120,shortage
Central California Food Bank,Fresno,Cheese blocks,dairy,340,blocks,2026-03-07,30,2026-04-06,24,65,surplus
Sacramento Food Bank & Family Services,Sacramento,Flour,dry,398,bags,2026-02-28,365,2027-02-28,352,35,surplus
Second Harvest of Silicon Valley,San Jose,Egg cartons,dairy,127,cartons,2026-02-20,21,2026-03-13,0,67,balanced
Alameda County Community Food Bank,Oakland,Ground turkey frozen,protein,289,packs,2026-03-13,180,2026-09-09,180,68,surplus
Alameda County Community Food Bank,Oakland,Oranges,produce,180,lbs,2026-02-25,14,2026-03-11,-2,96,balanced
Central California Food Bank,Fresno,Brown rice,dry,165,bags,2026-03-09,365,2027-03-09,361,112,balanced
Food Bank of Contra Costa and Solano,Concord,Lentils,dry,237,bags,2026-02-19,730,2028-02-19,708,54,surplus
Second Harvest Food Bank of Orange County,Irvine,Canned soup,canned,36,cans,2026-02-24,540,2027-08-18,523,27,balanced
San Francisco-Marin Food Bank,San Francisco,Canned chickpeas,canned,185,cans,2026-03-04,730,2028-03-03,721,65,balanced
Feeding San Diego,San Diego,Lettuce,produce,346,heads,2026-03-09,10,2026-03-19,6,34,surplus
Alameda County Community Food Bank,Oakland,Sugar,dry,389,bags,2026-02-17,730,2028-02-17,706,31,surplus
Second Harvest of Silicon Valley,San Jose,Ground turkey frozen,protein,345,packs,2026-02-16,180,2026-08-15,155,101,surplus
Sacramento Food Bank & Family Services,Sacramento,Canned green beans,canned,230,cans,2026-02-17,730,2028-02-17,706,66,surplus
Food Bank of Contra Costa and Solano,Concord,Sugar,dry,221,bags,2026-03-05,730,2028-03-04,722,75,balanced
Central California Food Bank,Fresno,Lettuce,produce,260,heads,2026-02-21,10,2026-03-03,-10,105,balanced
Second Harvest of Silicon Valley,San Jose,Canned green beans,canned,262,cans,2026-02-22,730,2028-02-22,711,116,balanced
Alameda County Community Food Bank,Oakland,Lentils,dry,244,bags,2026-02-18,730,2028-02-18,707,115,balanced
Second Harvest of Silicon Valley,San Jose,Canned peas,canned,296,cans,2026-02-27,730,2028-02-27,716,42,surplus
Sacramento Food Bank & Family Services,Sacramento,Oranges,produce,48,lbs,2026-03-01,14,2026-03-15,2,100,shortage
Food Bank of Contra Costa and Solano,Concord,Butter,dairy,57,packs,2026-02-27,60,2026-04-28,46,113,shortage
Second Harvest Food Bank of Orange County,Irvine,Canned tuna,canned,54,cans,2026-02-18,730,2028-02-18,707,36,balanced
Alameda County Community Food Bank,Oakland,Canned corn,canned,344,cans,2026-03-04,730,2028-03-03,721,85,surplus
Sacramento Food Bank & Family Services,Sacramento,Bananas,produce,277,lbs,2026-02-21,7,2026-02-28,-13,92,surplus
Yolo Food Bank,Woodland,Cereal,dry,156,boxes,2026-02-23,180,2026-08-22,162,82,balanced
Sacramento Food Bank & Family Services,Sacramento,Spaghetti,dry,146,boxes,2026-03-07,730,2028-03-06,724,50,balanced
Food Bank of Contra Costa and Solano,Concord,Apples,produce,121,lbs,2026-03-04,21,2026-03-25,12,66,balanced
Los Angeles Regional Food Bank,Los Angeles,Rice 5lb bag,dry,292,bags,2026-02-19,730,2028-02-19,708,77,surplus
Second Harvest Food Bank of Orange County,Irvine,Canned tomatoes,canned,327,cans,2026-03-04,730,2028-03-03,721,43,surplus
Sacramento Food Bank & Family Services,Sacramento,Canned salmon,canned,220,cans,2026-02-19,730,2028-02-19,708,56,surplus
Alameda County Community Food Bank,Oakland,Lentils,dry,173,bags,2026-03-05,730,2028-03-04,722,80,balanced
Food Bank of Contra Costa and Solano,Concord,Canned carrots,canned,23,cans,2026-03-09,730,2028-03-08,726,72,shortage
Central California Food Bank,Fresno,Canned corn,canned,360,cans,2026-02-17,730,2028-02-17,706,95,surplus
San Francisco-Marin Food Bank,San Francisco,Bananas,produce,119,lbs,2026-02-20,7,2026-02-27,-14,93,balanced
Yolo Food Bank,Woodland,Canned black beans,canned,97,cans,2026-02-21,730,2028-02-21,710,23,surplus
San Francisco-Marin Food Bank,San Francisco,Peanut butter,dry,339,jars,2026-02-24,365,2027-02-24,348,35,surplus
Sacramento Food Bank & Family Services,Sacramento,Bell peppers,produce,104,lbs,2026-03-06,10,2026-03-16,3,32,surplus
San Francisco-Marin Food Bank,San Francisco,Peanut butter,dry,71,jars,2026-03-02,365,2027-03-02,354,33,balanced
Los Angeles Regional Food Bank,Los Angeles,Cereal,dry,305,boxes,2026-02-18,180,2026-08-17,157,95,surplus
Second Harvest Food Bank of Orange County,Irvine,Canned soup,canned,36,cans,2026-02-26,540,2027-08-20,525,97,shortage
Central California Food Bank,Fresno,Canned salmon,canned,302,cans,2026-03-11,730,2028-03-10,728,21,surplus
Alameda County Community Food Bank,Oakland,Flour,dry,358,bags,2026-02-19,365,2027-02-19,343,74,surplus
Second Harvest Food Bank of Orange County,Irvine,Onions,produce,90,lbs,2026-02-22,30,2026-03-24,11,35,balanced
Los Angeles Regional Food Bank,Los Angeles,Sugar,dry,119,bags,2026-03-01,730,2028-02-29,718,91,balanced
Yolo Food Bank,Woodland,Lentils,dry,351,bags,2026-02-25,730,2028-02-25,714,56,surplus
San Francisco-Marin Food Bank,San Francisco,Carrots fresh,produce,47,lbs,2026-03-06,21,2026-03-27,14,75,shortage
Los Angeles Regional Food Bank,Los Angeles,Macaroni,dry,311,boxes,2026-02-27,730,2028-02-27,716,49,surplus
Feeding San Diego,San Diego,Milk gallons,dairy,183,gallons,2026-03-01,10,2026-03-11,-2,97,balanced
Sacramento Food Bank & Family Services,Sacramento,Pasta,dry,203,boxes,2026-03-03,730,2028-03-02,720,83,balanced
Feeding San Diego,San Diego,Canned soup,canned,158,cans,2026-03-08,540,2027-08-30,535,54,balanced
Yolo Food Bank,Woodland,Ground turkey frozen,protein,48,packs,2026-03-09,180,2026-09-05,176,94,shortage
Food Bank of Contra Costa and Solano,Concord,Pasta,dry,293,boxes,2026-02-25,730,2028-02-25,714,97,surplus
Second Harvest Food Bank of Orange County,Irvine,Canned peas,canned,162,cans,2026-02-16,730,2028-02-16,705,68,balanced
Yolo Food Bank,Woodland,Bananas,produce,61,lbs,2026-03-01,7,2026-03-08,-5,33,balanced
Second Harvest of Silicon Valley,San Jose,Spinach,produce,237,bags,2026-02-18,7,2026-02-25,-16,88,balanced
Feeding San Diego,San Diego,Egg cartons,dairy,97,cartons,2026-02-24,21,2026-03-17,4,116,shortage
Alameda County Community Food Bank,Oakland,Canned soup,canned,106,cans,2026-02-25,540,2027-08-19,524,109,shortage
Yolo Food Bank,Woodland,Bell peppers,produce,163,lbs,2026-03-08,10,2026-03-18,5,52,surplus
Second Harvest of Silicon Valley,San Jose,Apples,produce,184,lbs,2026-03-04,21,2026-03-25,12,68,balanced
Sacramento Food Bank & Family Services,Sacramento,Canned carrots,canned,60,cans,2026-02-27,730,2028-02-27,716,20,balanced
Sacramento Food Bank & Family Services,Sacramento,Broccoli,produce,353,lbs,2026-02-19,7,2026-02-26,-15,94,surplus
Second Harvest of Silicon Valley,San Jose,Butter,dairy,49,packs,2026-02-22,60,2026-04-23,41,89,shortage
Feeding San Diego,San Diego,Chicken breast frozen,protein,158,packs,2026-02-21,180,2026-08-20,160,28,surplus
Sacramento Food Bank & Family Services,Sacramento,Canned corn,canned,30,cans,2026-02-24,730,2028-02-24,713,51,shortage
Los Angeles Regional Food Bank,Los Angeles,Potatoes,produce,147,lbs,2026-03-02,30,2026-04-01,19,93,balanced
Food Bank of Contra Costa and Solano,Concord,Chicken breast frozen,protein,373,packs,2026-03-06,180,2026-09-02,173,75,surplus
Sacramento Food Bank & Family Services,Sacramento,Peanut butter,dry,170,jars,2026-03-08,365,2027-03-08,360,68,balanced
Central California Food Bank,Fresno,Avocados,produce,351,units,2026-02-17,7,2026-02-24,-17,56,surplus
Central California Food Bank,Fresno,Carrots fresh,produce,71,lbs,2026-02-21,21,2026-03-14,1,49,balanced
San Francisco-Marin Food Bank,San Francisco,Oatmeal,dry,19,boxes,2026-02-25,365,2027-02-25,349,31,shortage
Feeding San Diego,San Diego,Sugar,dry,237,bags,2026-02-17,730,2028-02-17,706,38,surplus
Feeding San Diego,San Diego,Avocados,produce,192,units,2026-03-10,7,2026-03-17,4,32,surplus
Second Harvest of Silicon Valley,San Jose,Frozen berries,protein,99,bags,2026-02-18,365,2027-02-18,342,87,balanced
Second Harvest Food Bank of Orange County,Irvine,Flour,dry,360,bags,2026-03-08,365,2027-03-08,360,105,surplus
Yolo Food Bank,Woodland,Canned green beans,canned,295,cans,2026-03-05,730,2028-03-04,722,78,surplus
Second Harvest of Silicon Valley,San Jose,Carrots fresh,produce,196,lbs,2026-03-05,21,2026-03-26,13,71,balanced
Yolo Food Bank,Woodland,Macaroni,dry,101,boxes,2026-03-02,730,2028-03-01,719,116,shortage
Food Bank of Contra Costa and Solano,Concord,Macaroni,dry,223,boxes,2026-02-20,730,2028-02-20,709,30,surplus
San Francisco-Marin Food Bank,San Francisco,Pasta,dry,122,boxes,2026-02-23,730,2028-02-23,712,91,balanced
Alameda County Community Food Bank,Oakland,Canned peas,canned,267,cans,2026-03-10,730,2028-03-09,727,92,balanced
Los Angeles Regional Food Bank,Los Angeles,Macaroni,dry,15,boxes,2026-03-03,730,2028-03-02,720,114,shortage
Yolo Food Bank,Woodland,Canned salmon,canned,26,cans,2026-02-22,730,2028-02-22,711,103,shortage
Sacramento Food Bank & Family Services,Sacramento,Onions,produce,165,lbs,2026-02-21,30,2026-03-23,10,86,balanced
Second Harvest of Silicon Valley,San Jose,Avocados,produce,398,units,2026-03-09,7,2026-03-16,3,30,surplus
Yolo Food Bank,Woodland,Canned tuna,canned,66,cans,2026-03-08,730,2028-03-07,725,25,balanced
Feeding San Diego,San Diego,Canned beans,canned,29,cans,2026-02-24,730,2028-02-24,713,87,shortage
Feeding San Diego,San Diego,Butter,dairy,351,packs,2026-03-07,60,2026-05-06,54,101,surplus
Food Bank of Contra Costa and Solano,Concord,Rice 5lb bag,dry,289,bags,2026-03-06,730,2028-03-05,723,23,surplus
Second Harvest of Silicon Valley,San Jose,Peanut butter,dry,167,jars,2026-03-10,365,2027-03-10,362,52,surplus
Second Harvest Food Bank of Orange County,Irvine,Brown rice,dry,354,bags,2026-02-20,365,2027-02-20,344,118,balanced
Food Bank of Contra Costa and Solano,Concord,Frozen vegetables mix,protein,91,bags,2026-03-12,365,2027-03-12,364,25,surplus
Sacramento Food Bank & Family Services,Sacramento,Avocados,produce,276,units,2026-03-04,7,2026-03-11,-2,39,surplus
Second Harvest of Silicon Valley,San Jose,Canned beans,canned,217,cans,2026-02-17,730,2028-02-17,706,68,surplus
San Francisco-Marin Food Bank,San Francisco,Oranges,produce,240,lbs,2026-03-11,14,2026-03-25,12,25,surplus
Second Harvest Food Bank of Orange County,Irvine,Frozen vegetables mix,protein,158,bags,2026-02-18,365,2027-02-18,342,21,surplus
Alameda County Community Food Bank,Oakland,Lentils,dry,99,bags,2026-03-01,730,2028-02-29,718,54,balanced
Sacramento Food Bank & Family Services,Sacramento,Lentils,dry,78,bags,2026-03-06,730,2028-03-05,723,49,balanced
Sacramento Food Bank & Family Services,Sacramento,Canned peas,canned,218,cans,2026-03-10,730,2028-03-09,727,55,surplus
Yolo Food Bank,Woodland,Canned carrots,canned,373,cans,2026-03-08,730,2028-03-07,725,27,surplus
Second Harvest Food Bank of Orange County,Irvine,Bell peppers,produce,186,lbs,2026-03-09,10,2026-03-19,6,44,surplus
Central California Food Bank,Fresno,Lentils,dry,208,bags,2026-03-02,730,2028-03-01,719,92,balanced
Los Angeles Regional Food Bank,Los Angeles,Canned black beans,canned,294,cans,2026-02-22,730,2028-02-22,711,83,surplus
Feeding San Diego,San Diego,Canned black beans,canned,59,cans,2026-03-09,730,2028-03-08,726,98,shortage
Second Harvest Food Bank of Orange County,Irvine,Almond butter,dry,284,jars,2026-02-24,365,2027-02-24,348,52,surplus
Sacramento Food Bank & Family Services,Sacramento,Tomatoes,produce,72,lbs,2026-02-26,10,2026-03-08,-5,111,shortage
Food Bank of Contra Costa and Solano,Concord,Canned black beans,canned,116,cans,2026-03-07,730,2028-03-06,724,106,balanced
Second Harvest Food Bank of Orange County,Irvine,Frozen vegetables mix,protein,157,bags,2026-03-03,365,2027-03-03,355,40,surplus
Central California Food Bank,Fresno,Canned corn,canned,377,cans,2026-02-27,730,2028-02-27,716,98,surplus
Sacramento Food Bank & Family Services,Sacramento,Cheese blocks,dairy,385,blocks,2026-03-03,30,2026-04-02,20,25,surplus
San Francisco-Marin Food Bank,San Francisco,Egg cartons,dairy,141,cartons,2026-03-08,21,2026-03-29,16,36,surplus
Feeding San Diego,San Diego,Ground turkey frozen,protein,182,packs,2026-03-05,180,2026-09-01,172,81,balanced
Second Harvest Food Bank of Orange County,Irvine,Bell peppers,produce,200,lbs,2026-02-22,10,2026-03-04,-9,112,balanced
Central California Food Bank,Fresno,Onions,produce,317,lbs,2026-02-27,30,2026-03-29,16,46,surplus
Central California Food Bank,Fresno,Ground turkey frozen,protein,335,packs,2026-03-11,180,2026-09-07,178,79,surplus
Central California Food Bank,Fresno,Brown rice,dry,193,bags,2026-02-25,365,2027-02-25,349,31,surplus
Central California Food Bank,Fresno,Carrots fresh,produce,215,lbs,2026-03-08,21,2026-03-29,16,92,balanced
San Francisco-Marin Food Bank,San Francisco,Brown rice,dry,19,bags,2026-02-16,365,2027-02-16,340,50,shortage
Yolo Food Bank,Woodland,Almond butter,dry,366,jars,2026-02-21,365,2027-02-21,345,65,surplus
San Francisco-Marin Food Bank,San Francisco,Canned salmon,canned,239,cans,2026-02-20,730,2028-02-20,709,95,balanced
Sacramento Food Bank & Family Services,Sacramento,Lettuce,produce,133,heads,2026-02-16,10,2026-02-26,-15,91,balanced
Food Bank of Contra Costa and Solano,Concord,Rice 5lb bag,dry,79,bags,2026-02-24,730,2028-02-24,713,62,balanced
Food Bank of Contra Costa and Solano,Concord,Oranges,produce,388,lbs,2026-02-22,14,2026-03-08,-5,90,surplus
Food Bank of Contra Costa and Solano,Concord,Tomatoes,produce,15,lbs,2026-03-05,10,2026-03-15,2,93,shortage
Yolo Food Bank,Woodland,Canned black beans,canned,328,cans,2026-03-06,730,2028-03-05,723,108,surplus
Food Bank of Contra Costa and Solano,Concord,Apples,produce,70,lbs,2026-03-03,21,2026-03-24,11,41,balanced
Second Harvest of Silicon Valley,San Jose,Cereal,dry,136,boxes,2026-02-24,180,2026-08-23,163,39,surplus
Second Harvest of Silicon Valley,San Jose,Macaroni,dry,114,boxes,2026-03-11,730,2028-03-10,728,95,balanced
Central California Food Bank,Fresno,Canned soup,canned,341,cans,2026-03-05,540,2027-08-27,532,34,surplus
San Francisco-Marin Food Bank,San Francisco,Rice 5lb bag,dry,389,bags,2026-02-16,730,2028-02-16,705,94,surplus
Alameda County Community Food Bank,Oakland,Rice 5lb bag,dry,78,bags,2026-03-02,730,2028-03-01,719,69,balanced
Second Harvest Food Bank of Orange County,Irvine,Pasta,dry,16,boxes,2026-02-17,730,2028-02-17,706,35,shortage
Yolo Food Bank,Woodland,Canned soup,canned,200,cans,2026-03-03,540,2027-08-25,530,30,surplus
Alameda County Community Food Bank,Oakland,Apples,produce,336,lbs,2026-02-20,21,2026-03-13,0,26,surplus
Central California Food Bank,Fresno,Carrots fresh,produce,352,lbs,2026-02-24,21,2026-03-17,4,60,surplus
Yolo Food Bank,Woodland,Canned carrots,canned,202,cans,2026-02-25,730,2028-02-25,714,116,balanced
Los Angeles Regional Food Bank,Los Angeles,Canned beans,canned,264,cans,2026-02-26,730,2028-02-26,715,100,balanced
Feeding San Diego,San Diego,Macaroni,dry,114,boxes,2026-03-07,730,2028-03-06,724,77,balanced
Second Harvest Food Bank of Orange County,Irvine,Egg cartons,dairy,189,cartons,2026-02-18,21,2026-03-11,-2,110,balanced
Yolo Food Bank,Woodland,Onions,produce,224,lbs,2026-02-24,30,2026-03-26,13,41,surplus
San Francisco-Marin Food Bank,San Francisco,Sugar,dry,122,bags,2026-02-25,730,2028-02-25,714,71,balanced
Sacramento Food Bank & Family Services,Sacramento,Chicken breast frozen,protein,131,packs,2026-03-04,180,2026-08-31,171,84,balanced
Central California Food Bank,Fresno,Sugar,dry,16,bags,2026-03-13,730,2028-03-12,730,95,shortage
Yolo Food Bank,Woodland,Almond butter,dry,11,jars,2026-02-26,365,2027-02-26,350,112,shortage
Central California Food Bank,Fresno,Lettuce,produce,360,heads,2026-03-07,10,2026-03-17,4,55,surplus
Sacramento Food Bank & Family Services,Sacramento,Milk gallons,dairy,388,gallons,2026-02-18,10,2026-02-28,-13,36,surplus
Yolo Food Bank,Woodland,Canned tuna,canned,364,cans,2026-03-11,730,2028-03-10,728,119,surplus
Feeding San Diego,San Diego,Canned peas,canned,20,cans,2026-02-26,730,2028-02-26,715,80,shortage
Food Bank of Contra Costa and Solano,Concord,Potatoes,produce,35,lbs,2026-03-12,30,2026-04-11,29,91,shortage
Second Harvest Food Bank of Orange County,Irvine,Peanut butter,dry,217,jars,2026-02-19,365,2027-02-19,343,38,surplus
Second Harvest of Silicon Valley,San Jose,Egg cartons,dairy,114,cartons,2026-02-20,21,2026-03-13,0,117,shortage
Los Angeles Regional Food Bank,Los Angeles,Brown rice,dry,305,bags,2026-02-20,365,2027-02-20,344,70,surplus
Second Harvest of Silicon Valley,San Jose,Canned beans,canned,48,cans,2026-02-16,730,2028-02-16,705,29,balanced
Central California Food Bank,Fresno,Almond butter,dry,19,jars,2026-02-27,365,2027-02-27,351,24,shortage
Feeding San Diego,San Diego,Flour,dry,251,bags,2026-03-10,365,2027-03-10,362,110,balanced
Feeding San Diego,San Diego,Peanut butter,dry,162,jars,2026-02-21,365,2027-02-21,345,31,surplus
Sacramento Food Bank & Family Services,Sacramento,Avocados,produce,216,units,2026-03-09,7,2026-03-16,3,24,surplus
Food Bank of Contra Costa and Solano,Concord,Canned corn,canned,214,cans,2026-02-24,730,2028-02-24,713,104,balanced
Second Harvest Food Bank of Orange County,Irvine,Lentils,dry,367,bags,2026-02-20,730,2028-02-20,709,88,surplus
Second Harvest of Silicon Valley,San Jose,Almond butter,dry,215,jars,2026-02-17,365,2027-02-17,341,86,balanced
Yolo Food Bank,Woodland,Pasta,dry,131,boxes,2026-03-11,730,2028-03-10,728,61,balanced
Second Harvest Food Bank of Orange County,Irvine,Canned peas,canned,358,cans,2026-02-25,730,2028-02-25,714,68,surplus
Second Harvest Food Bank of Orange County,Irvine,Rice 5lb bag,dry,274,bags,2026-02-24,730,2028-02-24,713,98,balanced
Los Angeles Regional Food Bank,Los Angeles,Brown rice,dry,131,bags,2026-03-04,365,2027-03-04,356,96,balanced
Alameda County Community Food Bank,Oakland,Potatoes,produce,50,lbs,2026-03-10,30,2026-04-09,27,117,shortage
Alameda County Community Food Bank,Oakland,Canned peas,canned,229,cans,2026-02-28,730,2028-02-28,717,41,surplus
Sacramento Food Bank & Family Services,Sacramento,Peanut butter,dry,15,jars,2026-02-19,365,2027-02-19,343,91,shortage
Food Bank of Contra Costa and Solano,Concord,Chicken breast frozen,protein,231,packs,2026-02-20,180,2026-08-19,159,39,surplus
Food Bank of Contra Costa and Solano,Concord,Canned peas,canned,155,cans,2026-02-26,730,2028-02-26,715,115,balanced
Yolo Food Bank,Woodland,Brown rice,dry,225,bags,2026-03-04,365,2027-03-04,356,60,surplus
Yolo Food Bank,Woodland,Broccoli,produce,268,lbs,2026-02-19,7,2026-02-26,-15,113,balanced
Second Harvest Food Bank of Orange County,Irvine,Ground turkey frozen,protein,71,packs,2026-02-18,180,2026-08-17,157,44,balanced
Alameda County Community Food Bank,Oakland,Pasta,dry,261,boxes,2026-02-16,730,2028-02-16,705,46,surplus
Sacramento Food Bank & Family Services,Sacramento,Apples,produce,90,lbs,2026-03-05,21,2026-03-26,13,78,balanced
Sacramento Food Bank & Family Services,Sacramento,Canned soup,canned,173,cans,2026-03-13,540,2027-09-04,540,103,balanced
Second Harvest Food Bank of Orange County,Irvine,Frozen berries,protein,22,bags,2026-03-01,365,2027-03-01,353,83,shortage
Central California Food Bank,Fresno,Sugar,dry,308,bags,2026-02-18,730,2028-02-18,707,52,surplus
Central California Food Bank,Fresno,Canned tuna,canned,110,cans,2026-03-07,730,2028-03-06,724,84,balanced
Los Angeles Regional Food Bank,Los Angeles,Milk gallons,dairy,119,gallons,2026-02-26,10,2026-03-08,-5,30,surplus
Feeding San Diego,San Diego,Lettuce,produce,137,heads,2026-02-20,10,2026-03-02,-11,103,balanced
Second Harvest of Silicon Valley,San Jose,Canned black beans,canned,270,cans,2026-02-27,730,2028-02-27,716,76,surplus
Los Angeles Regional Food Bank,Los Angeles,Frozen berries,protein,257,bags,2026-03-13,365,2027-03-13,365,61,surplus
Yolo Food Bank,Woodland,Frozen berries,protein,157,bags,2026-02-23,365,2027-02-23,347,52,surplus
Los Angeles Regional Food Bank,Los Angeles,Sugar,dry,400,bags,2026-03-05,730,2028-03-04,722,68,surplus
Central California Food Bank,Fresno,Milk gallons,dairy,300,gallons,2026-02-22,10,2026-03-04,-9,119,balanced
Second Harvest Food Bank of Orange County,Irvine,Ground turkey frozen,protein,269,packs,2026-03-10,180,2026-09-06,177,47,surplus
San Francisco-Marin Food Bank,San Francisco,Canned chickpeas,canned,237,cans,2026-02-20,730,2028-02-20,709,114,balanced
Second Harvest of Silicon Valley,San Jose,Lettuce,produce,277,heads,2026-03-04,10,2026-03-14,1,66,surplus
Alameda County Community Food Bank,Oakland,Canned carrots,canned,16,cans,2026-03-03,730,2028-03-02,720,95,shortage
Alameda County Community Food Bank,Oakland,Broccoli,produce,230,lbs,2026-03-04,7,2026-03-11,-2,66,surplus
Central California Food Bank,Fresno,Lettuce,produce,244,heads,2026-03-05,10,2026-03-15,2,107,balanced
Sacramento Food Bank & Family Services,Sacramento,Milk gallons,dairy,209,gallons,2026-03-02,10,2026-03-12,-1,116,balanced
Second Harvest of Silicon Valley,San Jose,Avocados,produce,206,units,2026-03-03,7,2026-03-10,-3,67,surplus
Feeding San Diego,San Diego,Cereal,dry,176,boxes,2026-02-26,180,2026-08-25,165,41,surplus
Central California Food Bank,Fresno,Bell peppers,produce,120,lbs,2026-03-09,10,2026-03-19,6,110,balanced
Second Harvest of Silicon Valley,San Jose,Canned black beans,canned,71,cans,2026-02-20,730,2028-02-20,709,80,shortage
Los Angeles Regional Food Bank,Los Angeles,Ground turkey frozen,protein,30,packs,2026-03-07,180,2026-09-03,174,41,shortage
Central California Food Bank,Fresno,Butter,dairy,18,packs,2026-02-17,60,2026-04-18,36,65,shortage
Second Harvest Food Bank of Orange County,Irvine,Canned peas,canned,386,cans,2026-02-23,730,2028-02-23,712,85,surplus
Feeding San Diego,San Diego,Frozen vegetables mix,protein,296,bags,2026-02-18,365,2027-02-18,342,110,balanced
Los Angeles Regional Food Bank,Los Angeles,Chicken breast frozen,protein,176,packs,2026-03-01,180,2026-08-28,168,38,surplus
Sacramento Food Bank & Family Services,Sacramento,Apples,produce,280,lbs,2026-03-12,21,2026-04-02,20,45,surplus
Second Harvest Food Bank of Orange County,Irvine,Ground turkey frozen,protein,79,packs,2026-02-28,180,2026-08-27,167,25,surplus
Alameda County Community Food Bank,Oakland,Chicken breast frozen,protein,220,packs,2026-03-12,180,2026-09-08,179,66,surplus
Food Bank of Contra Costa and Solano,Concord,Egg cartons,dairy,205,cartons,2026-03-08,21,2026-03-29,16,118,balanced
Second Harvest of Silicon Valley,San Jose,Butter,dairy,286,packs,2026-02-25,60,2026-04-26,44,54,surplus
Second Harvest Food Bank of Orange County,Irvine,Brown rice,dry,330,bags,2026-02-20,365,2027-02-20,344,66,surplus
Alameda County Community Food Bank,Oakland,Canned chickpeas,canned,191,cans,2026-02-23,730,2028-02-23,712,73,balanced
Feeding San Diego,San Diego,Canned carrots,canned,65,cans,2026-03-12,730,2028-03-11,729,94,shortage
San Francisco-Marin Food Bank,San Francisco,Apples,produce,356,lbs,2026-02-24,21,2026-03-17,4,32,surplus
San Francisco-Marin Food Bank,San Francisco,Canned green beans,canned,116,cans,2026-03-02,730,2028-03-01,719,58,balanced
Los Angeles Regional Food Bank,Los Angeles,Broccoli,produce,145,lbs,2026-02-19,7,2026-02-26,-15,48,surplus
Central California Food Bank,Fresno,Canned black beans,canned,214,cans,2026-02-27,730,2028-02-27,716,56,surplus
Food Bank of Contra Costa and Solano,Concord,Frozen vegetables mix,protein,399,bags,2026-03-07,365,2027-03-07,359,80,surplus
Sacramento Food Bank & Family Services,Sacramento,Pasta,dry,162,boxes,2026-02-19,730,2028-02-19,708,72,balanced
Second Harvest of Silicon Valley,San Jose,Canned corn,canned,289,cans,2026-02-22,730,2028-02-22,711,95,surplus
Los Angeles Regional Food Bank,Los Angeles,Macaroni,dry,122,boxes,2026-02-26,730,2028-02-26,715,59,balanced
Los Angeles Regional Food Bank,Los Angeles,Lettuce,produce,35,heads,2026-02-20,10,2026-03-02,-11,55,shortage
Sacramento Food Bank & Family Services,Sacramento,Yogurt cups,dairy,99,cups,2026-02-19,21,2026-03-12,-1,117,shortage
Sacramento Food Bank & Family Services,Sacramento,Canned salmon,canned,183,cans,2026-02-18,730,2028-02-18,707,65,balanced
San Francisco-Marin Food Bank,San Francisco,Cereal,dry,312,boxes,2026-02-21,180,2026-08-20,160,62,surplus
Sacramento Food Bank & Family Services,Sacramento,Avocados,produce,234,units,2026-03-12,7,2026-03-19,6,102,balanced
Central California Food Bank,Fresno,Canned corn,canned,278,cans,2026-02-27,730,2028-02-27,716,104,balanced
Second Harvest Food Bank of Orange County,Irvine,Yogurt cups,dairy,103,cups,2026-03-01,21,2026-03-22,9,112,shortage
Food Bank of Contra Costa and Solano,Concord,Canned corn,canned,247,cans,2026-02-16,730,2028-02-16,705,36,surplus
Alameda County Community Food Bank,Oakland,Pasta,dry,150,boxes,2026-03-08,730,2028-03-07,725,26,surplus
Central California Food Bank,Fresno,Spinach,produce,342,bags,2026-02-23,7,2026-03-02,-11,50,surplus
Central California Food Bank,Fresno,Brown rice,dry,308,bags,2026-02-24,365,2027-02-24,348,60,surplus
Feeding San Diego,San Diego,Canned salmon,canned,194,cans,2026-03-02,730,2028-03-01,719,33,surplus
Sacramento Food Bank & Family Services,Sacramento,Bell peppers,produce,244,lbs,2026-02-25,10,2026-03-07,-6,107,balanced
Second Harvest of Silicon Valley,San Jose,Lettuce,produce,251,heads,2026-02-26,10,2026-03-08,-5,33,surplus
Los Angeles Regional Food Bank,Los Angeles,Chicken breast frozen,protein,260,packs,2026-03-13,180,2026-09-09,180,75,surplus
Food Bank of Contra Costa and Solano,Concord,Cereal,dry,331,boxes,2026-02-24,180,2026-08-23,163,100,surplus
San Francisco-Marin Food Bank,San Francisco,Bananas,produce,303,lbs,2026-03-05,7,2026-03-12,-1,90,surplus
Second Harvest Food Bank of Orange County,Irvine,Lettuce,produce,350,heads,2026-02-26,10,2026-03-08,-5,77,surplus
Central California Food Bank,Fresno,Lettuce,produce,248,heads,2026-03-08,10,2026-03-18,5,87,balanced
Sacramento Food Bank & Family Services,Sacramento,Oatmeal,dry,122,boxes,2026-02-22,365,2027-02-22,346,25,surplus
Alameda County Community Food Bank,Oakland,Onions,produce,209,lbs,2026-03-03,30,2026-04-02,20,75,balanced
San Francisco-Marin Food Bank,San Francisco,Sugar,dry,90,bags,2026-03-12,730,2028-03-11,729,110,shortage
Food Bank of Contra Costa and Solano,Concord,Bananas,produce,145,lbs,2026-03-07,7,2026-03-14,1,101,balanced
Alameda County Community Food Bank,Oakland,Spinach,produce,17,bags,2026-02-24,7,2026-03-03,-10,87,shortage
Feeding San Diego,San Diego,Bell peppers,produce,48,lbs,2026-02-26,10,2026-03-08,-5,45,balanced
Second Harvest Food Bank of Orange County,Irvine,Canned salmon,canned,30,cans,2026-02-27,730,2028-02-27,716,53,shortage
Second Harvest of Silicon Valley,San Jose,Spaghetti,dry,387,boxes,2026-03-09,730,2028-03-08,726,117,surplus
Sacramento Food Bank & Family Services,Sacramento,Frozen vegetables mix,protein,268,bags,2026-03-04,365,2027-03-04,356,92,balanced
Food Bank of Contra Costa and Solano,Concord,Canned green beans,canned,69,cans,2026-02-16,730,2028-02-16,705,23,balanced
Yolo Food Bank,Woodland,Frozen berries,protein,296,bags,2026-03-06,365,2027-03-06,358,42,surplus
Alameda County Community Food Bank,Oakland,Potatoes,produce,302,lbs,2026-03-06,30,2026-04-05,23,74,surplus
Yolo Food Bank,Woodland,Cereal,dry,388,boxes,2026-03-12,180,2026-09-08,179,90,surplus
Central California Food Bank,Fresno,Lettuce,produce,312,heads,2026-02-24,10,2026-03-06,-7,32,surplus
Alameda County Community Food Bank,Oakland,Egg cartons,dairy,207,cartons,2026-02-24,21,2026-03-17,4,105,balanced
Alameda County Community Food Bank,Oakland,Tomatoes,produce,304,lbs,2026-03-05,10,2026-03-15,2,29,surplus
Food Bank of Contra Costa and Solano,Concord,Cheese blocks,dairy,151,blocks,2026-03-06,30,2026-04-05,23,105,balanced
Alameda County Community Food Bank,Oakland,Macaroni,dry,89,boxes,2026-03-13,730,2028-03-12,730,84,balanced
Los Angeles Regional Food Bank,Los Angeles,Frozen berries,protein,317,bags,2026-03-11,365,2027-03-11,363,91,surplus
Second Harvest Food Bank of Orange County,Irvine,Spinach,produce,219,bags,2026-03-10,7,2026-03-17,4,67,surplus
Second Harvest Food Bank of Orange County,Irvine,Butter,dairy,97,packs,2026-02-20,60,2026-04-21,39,40,balanced
Central California Food Bank,Fresno,Sugar,dry,36,bags,2026-02-27,730,2028-02-27,716,40,shortage
San Francisco-Marin Food Bank,San Francisco,Peanut butter,dry,212,jars,2026-03-06,365,2027-03-06,358,24,surplus
Food Bank of Contra Costa and Solano,Concord,Frozen vegetables mix,protein,37,bags,2026-02-28,365,2027-02-28,352,26,balanced
Yolo Food Bank,Woodland,Frozen vegetables mix,protein,41,bags,2026-03-12,365,2027-03-12,364,42,shortage
Los Angeles Regional Food Bank,Los Angeles,Milk gallons,dairy,209,gallons,2026-02-18,10,2026-02-28,-13,29,surplus
Yolo Food Bank,Woodland,Cheese blocks,dairy,84,blocks,2026-02-27,30,2026-03-29,16,113,shortage
San Francisco-Marin Food Bank,San Francisco,Tomatoes,produce,220,lbs,2026-03-10,10,2026-03-20,7,76,balanced
Second Harvest Food Bank of Orange County,Irvine,Oranges,produce,106,lbs,2026-03-13,14,2026-03-27,14,77,balanced
Second Harvest of Silicon Valley,San Jose,Pasta,dry,370,boxes,2026-03-09,730,2028-03-08,726,66,surplus
Food Bank of Contra Costa and Solano,Concord,Oranges,produce,373,lbs,2026-03-09,14,2026-03-23,10,109,surplus
San Francisco-Marin Food Bank,San Francisco,Canned tomatoes,canned,240,cans,2026-03-12,730,2028-03-11,729,99,balanced
Feeding San Diego,San Diego,Ground turkey frozen,protein,177,packs,2026-02-23,180,2026-08-22,162,104,balanced
Central California Food Bank,Fresno,Almond butter,dry,168,jars,2026-02-21,365,2027-02-21,345,84,balanced
San Francisco-Marin Food Bank,San Francisco,Lentils,dry,128,bags,2026-02-24,730,2028-02-24,713,31,surplus
Feeding San Diego,San Diego,Ground turkey frozen,protein,200,packs,2026-03-01,180,2026-08-28,168,37,surplus
Central California Food Bank,Fresno,Canned corn,canned,248,cans,2026-03-13,730,2028-03-12,730,20,surplus
Alameda County Community Food Bank,Oakland,Lentils,dry,351,bags,2026-02-21,730,2028-02-21,710,97,surplus
Sacramento Food Bank & Family Services,Sacramento,Cheese blocks,dairy,278,blocks,2026-02-19,30,2026-03-21,8,83,surplus
Yolo Food Bank,Woodland,Macaroni,dry,175,boxes,2026-02-22,730,2028-02-22,711,90,balanced
Second Harvest of Silicon Valley,San Jose,Milk gallons,dairy,341,gallons,2026-02-21,10,2026-03-03,-10,49,surplus
San Francisco-Marin Food Bank,San Francisco,Canned carrots,canned,133,cans,2026-02-28,730,2028-02-28,717,105,balanced
Central California Food Bank,Fresno,Brown rice,dry,79,bags,2026-02-20,365,2027-02-20,344,119,shortage
Alameda County Community Food Bank,Oakland,Canned tuna,canned,142,cans,2026-03-08,730,2028-03-07,725,102,balanced
Second Harvest of Silicon Valley,San Jose,Bell peppers,produce,386,lbs,2026-02-27,10,2026-03-09,-4,70,surplus
Food Bank of Contra Costa and Solano,Concord,Apples,produce,23,lbs,2026-02-20,21,2026-03-13,0,85,shortage
Second Harvest of Silicon Valley,San Jose,Almond butter,dry,247,jars,2026-02-22,365,2027-02-22,346,36,surplus
San Francisco-Marin Food Bank,San Francisco,Oatmeal,dry,178,boxes,2026-02-27,365,2027-02-27,351,87,balanced
Sacramento Food Bank & Family Services,Sacramento,Bananas,produce,89,lbs,2026-02-26,7,2026-03-05,-8,40,balanced
Yolo Food Bank,Woodland,Brown rice,dry,361,bags,2026-02-26,365,2027-02-26,350,71,surplus
Second Harvest Food Bank of Orange County,Irvine,Spaghetti,dry,143,boxes,2026-02-22,730,2028-02-22,711,98,balanced
San Francisco-Marin Food Bank,San Francisco,Canned green beans,canned,285,cans,2026-03-08,730,2028-03-07,725,82,surplus
Second Harvest Food Bank of Orange County,Irvine,Canned green beans,canned,254,cans,2026-03-07,730,2028-03-06,724,53,surplus
San Francisco-Marin Food Bank,San Francisco,Pasta,dry,189,boxes,2026-03-02,730,2028-03-01,719,53,surplus
Los Angeles Regional Food Bank,Los Angeles,Spinach,produce,107,bags,2026-03-06,7,2026-03-13,0,47,balanced
Sacramento Food Bank & Family Services,Sacramento,Ground turkey frozen,protein,393,packs,2026-03-09,180,2026-09-05,176,51,surplus
San Francisco-Marin Food Bank,San Francisco,Apples,produce,306,lbs,2026-02-20,21,2026-03-13,0,44,surplus
Second Harvest Food Bank of Orange County,Irvine,Canned chickpeas,canned,299,cans,2026-02-26,730,2028-02-26,715,102,balanced
Food Bank of Contra Costa and Solano,Concord,Frozen vegetables mix,protein,52,bags,2026-03-04,365,2027-03-04,356,62,shortage
Los Angeles Regional Food Bank,Los Angeles,Ground turkey frozen,protein,190,packs,2026-02-16,180,2026-08-15,155,102,balanced
Alameda County Community Food Bank,Oakland,Bananas,produce,62,lbs,2026-02-26,7,2026-03-05,-8,110,shortage
Second Harvest Food Bank of Orange County,Irvine,Frozen berries,protein,127,bags,2026-03-02,365,2027-03-02,354,69,balanced
Food Bank of Contra Costa and Solano,Concord,Sugar,dry,218,bags,2026-03-08,730,2028-03-07,725,69,surplus
Yolo Food Bank,Woodland,Bell peppers,produce,234,lbs,2026-03-05,10,2026-03-15,2,60,surplus
Sacramento Food Bank & Family Services,Sacramento,Bananas,produce,308,lbs,2026-03-12,7,2026-03-19,6,114,balanced
San Francisco-Marin Food Bank,San Francisco,Frozen berries,protein,287,bags,2026-03-07,365,2027-03-07,359,60,surplus
Food Bank of Contra Costa and Solano,Concord,Canned tuna,canned,297,cans,2026-03-11,730,2028-03-10,728,54,surplus
Yolo Food Bank,Woodland,Canned salmon,canned,263,cans,2026-03-10,730,2028-03-09,727,67,surplus
Los Angeles Regional Food Bank,Los Angeles,Canned soup,canned,217,cans,2026-02-25,540,2027-08-19,524,53,surplus
Sacramento Food Bank & Family Services,Sacramento,Brown rice,dry,123,bags,2026-03-02,365,2027-03-02,354,78,balanced
Central California Food Bank,Fresno,Canned beans,canned,101,cans,2026-03-04,730,2028-03-03,721,56,balanced
Central California Food Bank,Fresno,Canned tuna,canned,43,cans,2026-02-21,730,2028-02-21,710,30,balanced
Second Harvest of Silicon Valley,San Jose,Potatoes,produce,371,lbs,2026-03-03,30,2026-04-02,20,25,surplus
Yolo Food Bank,Woodland,Macaroni,dry,112,boxes,2026-02-27,730,2028-02-27,716,84,balanced
Second Harvest Food Bank of Orange County,Irvine,Canned tomatoes,canned,57,cans,2026-02-28,730,2028-02-28,717,116,shortage
Central California Food Bank,Fresno,Spaghetti,dry,381,boxes,2026-02-23,730,2028-02-23,712,36,surplus
Los Angeles Regional Food Bank,Los Angeles,Oatmeal,dry,256,boxes,2026-03-07,365,2027-03-07,359,29,surplus
Food Bank of Contra Costa and Solano,Concord,Potatoes,produce,54,lbs,2026-03-13,30,2026-04-12,30,116,shortage
Alameda County Community Food Bank,Oakland,Peanut butter,dry,89,jars,2026-02-27,365,2027-02-27,351,102,shortage
Food Bank of Contra Costa and Solano,Concord,Tomatoes,produce,98,lbs,2026-02-28,10,2026-03-10,-3,28,surplus
Second Harvest of Silicon Valley,San Jose,Brown rice,dry,10,bags,2026-02-28,365,2027-02-28,352,104,shortage
Yolo Food Bank,Woodland,Carrots fresh,produce,293,lbs,2026-03-09,21,2026-03-30,17,63,surplus
Food Bank of Contra Costa and Solano,Concord,Avocados,produce,128,units,2026-03-05,7,2026-03-12,-1,29,surplus
Alameda County Community Food Bank,Oakland,Ground turkey frozen,protein,231,packs,2026-02-17,180,2026-08-16,156,109,balanced
Feeding San Diego,San Diego,Macaroni,dry,39,boxes,2026-02-19,730,2028-02-19,708,95,shortage
San Francisco-Marin Food Bank,San Francisco,Sugar,dry,77,bags,2026-02-21,730,2028-02-21,710,43,balanced
Second Harvest of Silicon Valley,San Jose,Yogurt cups,dairy,138,cups,2026-03-09,21,2026-03-30,17,89,balanced
San Francisco-Marin Food Bank,San Francisco,Flour,dry,242,bags,2026-02-16,365,2027-02-16,340,103,balanced
Alameda County Community Food Bank,Oakland,Onions,produce,60,lbs,2026-03-12,30,2026-04-11,29,72,shortage
Second Harvest of Silicon Valley,San Jose,Potatoes,produce,235,lbs,2026-02-18,30,2026-03-20,7,97,balanced
Sacramento Food Bank & Family Services,Sacramento,Oranges,produce,279,lbs,2026-03-09,14,2026-03-23,10,55,surplus
Second Harvest Food Bank of Orange County,Irvine,Frozen berries,protein,285,bags,2026-03-10,365,2027-03-10,362,41,surplus
Alameda County Community Food Bank,Oakland,Macaroni,dry,300,boxes,2026-03-12,730,2028-03-11,729,43,surplus
Yolo Food Bank,Woodland,Canned black beans,canned,336,cans,2026-03-12,730,2028-03-11,729,95,surplus
Yolo Food Bank,Woodland,Almond butter,dry,389,jars,2026-03-08,365,2027-03-08,360,69,surplus
Yolo Food Bank,Woodland,Butter,dairy,135,packs,2026-02-25,60,2026-04-26,44,59,balanced
Alameda County Community Food Bank,Oakland,Canned salmon,canned,285,cans,2026-03-05,730,2028-03-04,722,51,surplus
Sacramento Food Bank & Family Services,Sacramento,Onions,produce,218,lbs,2026-03-11,30,2026-04-10,28,101,balanced
Feeding San Diego,San Diego,Egg cartons,dairy,32,cartons,2026-02-16,21,2026-03-09,-4,55,shortage
San Francisco-Marin Food Bank,San Francisco,Egg cartons,dairy,308,cartons,2026-02-22,21,2026-03-15,2,58,surplus
Food Bank of Contra Costa and Solano,Concord,Canned tuna,canned,83,cans,2026-03-11,730,2028-03-10,728,22,surplus
Second Harvest of Silicon Valley,San Jose,Lettuce,produce,37,heads,2026-02-21,10,2026-03-03,-10,59,shortage
San Francisco-Marin Food Bank,San Francisco,Lentils,dry,224,bags,2026-02-25,730,2028-02-25,714,113,balanced
San Francisco-Marin Food Bank,San Francisco,Canned salmon,canned,229,cans,2026-02-18,730,2028-02-18,707,93,balanced
Second Harvest of Silicon Valley,San Jose,Egg cartons,dairy,323,cartons,2026-03-09,21,2026-03-30,17,66,surplus
San Francisco-Marin Food Bank,San Francisco,Oatmeal,dry,353,boxes,2026-02-26,365,2027-02-26,350,47,surplus
Second Harvest of Silicon Valley,San Jose,Ground turkey frozen,protein,58,packs,2026-02-28,180,2026-08-27,167,57,balanced
Yolo Food Bank,Woodland,Flour,dry,69,bags,2026-02-26,365,2027-02-26,350,98,shortage
Feeding San Diego,San Diego,Cereal,dry,186,boxes,2026-03-07,180,2026-09-03,174,107,balanced
Feeding San Diego,San Diego,Canned corn,canned,355,cans,2026-02-22,730,2028-02-22,711,42,surplus
Second Harvest Food Bank of Orange County,Irvine,Flour,dry,114,bags,2026-02-27,365,2027-02-27,351,104,balanced
Feeding San Diego,San Diego,Milk gallons,dairy,160,gallons,2026-02-25,10,2026-03-07,-6,22,surplus
Yolo Food Bank,Woodland,Lettuce,produce,148,heads,2026-02-17,10,2026-02-27,-14,92,balanced
Second Harvest of Silicon Valley,San Jose,Egg cartons,dairy,287,cartons,2026-02-24,21,2026-03-17,4,42,surplus
Feeding San Diego,San Diego,Yogurt cups,dairy,225,cups,2026-02-18,21,2026-03-11,-2,113,balanced
Sacramento Food Bank & Family Services,Sacramento,Canned green beans,canned,373,cans,2026-03-07,730,2028-03-06,724,22,surplus
Los Angeles Regional Food Bank,Los Angeles,Canned salmon,canned,161,cans,2026-02-21,730,2028-02-21,710,113,balanced
San Francisco-Marin Food Bank,San Francisco,Butter,dairy,386,packs,2026-02-26,60,2026-04-27,45,29,surplus
Alameda County Community Food Bank,Oakland,Cheese blocks,dairy,351,blocks,2026-03-13,30,2026-04-12,30,87,surplus
Yolo Food Bank,Woodland,Pasta,dry,46,boxes,2026-02-26,730,2028-02-26,715,94,shortage
Sacramento Food Bank & Family Services,Sacramento,Canned beans,canned,366,cans,2026-02-16,730,2028-02-16,705,105,surplus
Second Harvest Food Bank of Orange County,Irvine,Flour,dry,132,bags,2026-02-23,365,2027-02-23,347,30,surplus
Second Harvest Food Bank of Orange County,Irvine,Canned soup,canned,57,cans,2026-02-18,540,2027-08-12,517,26,balanced
Sacramento Food Bank & Family Services,Sacramento,Lentils,dry,228,bags,2026-03-02,730,2028-03-01,719,65,surplus
Yolo Food Bank,Woodland,Apples,produce,391,lbs,2026-02-24,21,2026-03-17,4,29,surplus
Yolo Food Bank,Woodland,Butter,dairy,336,packs,2026-03-06,60,2026-05-05,53,104,surplus
Food Bank of Contra Costa and Solano,Concord,Onions,produce,219,lbs,2026-03-02,30,2026-04-01,19,112,balanced
Food Bank of Contra Costa and Solano,Concord,Oatmeal,dry,269,boxes,2026-03-01,365,2027-03-01,353,54,surplus
Second Harvest Food Bank of Orange County,Irvine,Frozen berries,protein,377,bags,2026-03-12,365,2027-03-12,364,85,surplus
Food Bank of Contra Costa and Solano,Concord,Avocados,produce,309,units,2026-02-26,7,2026-03-05,-8,47,surplus
Sacramento Food Bank & Family Services,Sacramento,Canned corn,canned,118,cans,2026-02-16,730,2028-02-16,705,46,balanced
Second Harvest of Silicon Valley,San Jose,Lentils,dry,63,bags,2026-03-03,730,2028-03-02,720,60,balanced
Alameda County Community Food Bank,Oakland,Egg cartons,dairy,56,cartons,2026-02-27,21,2026-03-20,7,57,shortage
Sacramento Food Bank & Family Services,Sacramento,Canned beans,canned,236,cans,2026-02-24,730,2028-02-24,713,108,balanced
Central California Food Bank,Fresno,Canned black beans,canned,364,cans,2026-03-02,730,2028-03-01,719,99,surplus
Food Bank of Contra Costa and Solano,Concord,Frozen berries,protein,128,bags,2026-03-12,365,2027-03-12,364,101,balanced
Second Harvest Food Bank of Orange County,Irvine,Avocados,produce,58,units,2026-02-21,7,2026-02-28,-13,38,balanced
Second Harvest of Silicon Valley,San Jose,Canned soup,canned,143,cans,2026-03-03,540,2027-08-25,530,79,balanced
Feeding San Diego,San Diego,Canned green beans,canned,96,cans,2026-03-02,730,2028-03-01,719,95,balanced
Second Harvest Food Bank of Orange County,Irvine,Macaroni,dry,284,boxes,2026-03-05,730,2028-03-04,722,51,surplus
Sacramento Food Bank & Family Services,Sacramento,Ground turkey frozen,protein,384,packs,2026-02-26,180,2026-08-25,165,44,surplus
Yolo Food Bank,Woodland,Bananas,produce,241,lbs,2026-02-24,7,2026-03-03,-10,64,surplus
Food Bank of Contra Costa and Solano,Concord,Pasta,dry,377,boxes,2026-03-07,730,2028-03-06,724,91,surplus
Second Harvest of Silicon Valley,San Jose,Oranges,produce,380,lbs,2026-03-12,14,2026-03-26,13,67,surplus
Second Harvest of Silicon Valley,San Jose,Butter,dairy,228,packs,2026-03-07,60,2026-05-06,54,77,balanced
San Francisco-Marin Food Bank,San Francisco,Canned tomatoes,canned,177,cans,2026-03-06,730,2028-03-05,723,88,balanced
Feeding San Diego,San Diego,Canned beans,canned,131,cans,2026-03-09,730,2028-03-08,726,39,surplus
Second Harvest of Silicon Valley,San Jose,Avocados,produce,63,units,2026-03-04,7,2026-03-11,-2,112,shortage
Los Angeles Regional Food Bank,Los Angeles,Ground turkey frozen,protein,13,packs,2026-02-26,180,2026-08-25,165,34,shortage
Second Harvest of Silicon Valley,San Jose,Canned tomatoes,canned,272,cans,2026-03-09,730,2028-03-08,726,20,surplus
Food Bank of Contra Costa and Solano,Concord,Frozen vegetables mix,protein,129,bags,2026-03-13,365,2027-03-13,365,101,balanced
Central California Food Bank,Fresno,Milk gallons,dairy,30,gallons,2026-02-22,10,2026-03-04,-9,41,shortage
San Francisco-Marin Food Bank,San Francisco,Canned soup,canned,214,cans,2026-02-23,540,2027-08-17,522,112,balanced
Central California Food Bank,Fresno,Canned corn,canned,356,cans,2026-03-01,730,2028-02-29,718,117,surplus
Sacramento Food Bank & Family Services,Sacramento,Canned chickpeas,canned,133,cans,2026-03-03,730,2028-03-02,720,115,balanced
Los Angeles Regional Food Bank,Los Angeles,Spaghetti,dry,211,boxes,2026-02-25,730,2028-02-25,714,66,surplus
San Francisco-Marin Food Bank,San Francisco,Canned chickpeas,canned,118,cans,2026-02-20,730,2028-02-20,709,93,balanced
Second Harvest of Silicon Valley,San Jose,Canned carrots,canned,132,cans,2026-03-13,730,2028-03-12,730,101,balanced
Food Bank of Contra Costa and Solano,Concord,Onions,produce,228,lbs,2026-02-18,30,2026-03-20,7,110,balanced
Food Bank of Contra Costa and Solano,Concord,Flour,dry,234,bags,2026-02-23,365,2027-02-23,347,42,surplus
Alameda County Community Food Bank,Oakland,Canned black beans,canned,147,cans,2026-02-21,730,2028-02-21,710,28,surplus
Feeding San Diego,San Diego,Ground turkey frozen,protein,264,packs,2026-02-24,180,2026-08-23,163,56,surplus
Yolo Food Bank,Woodland,Oranges,produce,212,lbs,2026-03-04,14,2026-03-18,5,29,surplus
Sacramento Food Bank & Family Services,Sacramento,Canned peas,canned,133,cans,2026-03-02,730,2028-03-01,719,48,balanced
Food Bank of Contra Costa and Solano,Concord,Oranges,produce,130,lbs,2026-02-19,14,2026-03-05,-8,55,balanced
Second Harvest Food Bank of Orange County,Irvine,Bell peppers,produce,231,lbs,2026-03-01,10,2026-03-11,-2,80,balanced
Central California Food Bank,Fresno,Brown rice,dry,303,bags,2026-03-05,365,2027-03-05,357,60,surplus
San Francisco-Marin Food Bank,San Francisco,Pasta,dry,177,boxes,2026-02-20,730,2028-02-20,709,83,balanced
Second Harvest Food Bank of Orange County,Irvine,Chicken breast frozen,protein,194,packs,2026-02-24,180,2026-08-23,163,53,surplus
Food Bank of Contra Costa and Solano,Concord,Lentils,dry,72,bags,2026-02-23,730,2028-02-23,712,115,shortage
Food Bank of Contra Costa and Solano,Concord,Canned corn,canned,15,cans,2026-02-16,730,2028-02-16,705,75,shortage
Feeding San Diego,San Diego,Pasta,dry,79,boxes,2026-02-23,730,2028-02-23,712,110,shortage
Sacramento Food Bank & Family Services,Sacramento,Peanut butter,dry,255,jars,2026-03-09,365,2027-03-09,361,28,surplus
Feeding San Diego,San Diego,Bell peppers,produce,395,lbs,2026-03-11,10,2026-03-21,8,24,surplus
Second Harvest of Silicon Valley,San Jose,Canned black beans,canned,72,cans,2026-02-22,730,2028-02-22,711,63,balanced
Alameda County Community Food Bank,Oakland,Carrots fresh,produce,320,lbs,2026-02-26,21,2026-03-19,6,47,surplus
Los Angeles Regional Food Bank,Los Angeles,Egg cartons,dairy,112,cartons,2026-03-12,21,2026-04-02,20,30,surplus
Feeding San Diego,San Diego,Sugar,dry,57,bags,2026-03-02,730,2028-03-01,719,108,shortage
Yolo Food Bank,Woodland,Broccoli,produce,281,lbs,2026-02-23,7,2026-03-02,-11,25,surplus
Alameda County Community Food Bank,Oakland,Rice 5lb bag,dry,299,bags,2026-03-11,730,2028-03-10,728,65,surplus
Yolo Food Bank,Woodland,Almond butter,dry,189,jars,2026-03-06,365,2027-03-06,358,85,balanced
Feeding San Diego,San Diego,Butter,dairy,209,packs,2026-02-19,60,2026-04-20,38,91,balanced
Sacramento Food Bank & Family Services,Sacramento,Canned black beans,canned,347,cans,2026-03-04,730,2028-03-03,721,92,surplus
Los Angeles Regional Food Bank,Los Angeles,Egg cartons,dairy,291,cartons,2026-03-10,21,2026-03-31,18,116,balanced
Second Harvest of Silicon Valley,San Jose,Rice 5lb bag,dry,334,bags,2026-03-11,730,2028-03-10,728,32,surplus
Sacramento Food Bank & Family Services,Sacramento,Ground turkey frozen,protein,101,packs,2026-02-21,180,2026-08-20,160,83,balanced
Los Angeles Regional Food Bank,Los Angeles,Bananas,produce,225,lbs,2026-02-20,7,2026-02-27,-14,53,surplus
Yolo Food Bank,Woodland,Spinach,produce,303,bags,2026-02-21,7,2026-02-28,-13,120,balanced
San Francisco-Marin Food Bank,San Francisco,Tomatoes,produce,93,lbs,2026-03-01,10,2026-03-11,-2,86,balanced
Yolo Food Bank,Woodland,Cheese blocks,dairy,350,blocks,2026-02-19,30,2026-03-21,8,24,surplus
Food Bank of Contra Costa and Solano,Concord,Canned peas,canned,180,cans,2026-02-18,730,2028-02-18,707,114,balanced
Sacramento Food Bank & Family Services,Sacramento,Ground turkey frozen,protein,75,packs,2026-03-03,180,2026-08-30,170,35,balanced
Sacramento Food Bank & Family Services,Sacramento,Pasta,dry,61,boxes,2026-02-26,730,2028-02-26,715,97,shortage
Feeding San Diego,San Diego,Rice 5lb bag,dry,354,bags,2026-03-02,730,2028-03-01,719,50,surplus
Second Harvest of Silicon Valley,San Jose,Potatoes,produce,252,lbs,2026-03-07,30,2026-04-06,24,53,surplus
Second Harvest Food Bank of Orange County,Irvine,Canned salmon,canned,32,cans,2026-02-17,730,2028-02-17,706,106,shortage
Central California Food Bank,Fresno,Butter,dairy,232,packs,2026-03-09,60,2026-05-08,56,114,balanced
Yolo Food Bank,Woodland,Cereal,dry,213,boxes,2026-02-18,180,2026-08-17,157,46,surplus
San Francisco-Marin Food Bank,San Francisco,Rice 5lb bag,dry,356,bags,2026-02-28,730,2028-02-28,717,60,surplus
Feeding San Diego,San Diego,Macaroni,dry,128,boxes,2026-02-16,730,2028-02-16,705,74,balanced
Feeding San Diego,San Diego,Spaghetti,dry,396,boxes,2026-03-11,730,2028-03-10,728,102,surplus
Food Bank of Contra Costa and Solano,Concord,Sugar,dry,298,bags,2026-02-22,730,2028-02-22,711,23,surplus
Second Harvest Food Bank of Orange County,Irvine,Flour,dry,52,bags,2026-02-22,365,2027-02-22,346,101,shortage
Second Harvest of Silicon Valley,San Jose,Avocados,produce,51,units,2026-03-01,7,2026-03-08,-5,29,balanced
Sacramento Food Bank & Family Services,Sacramento,Brown rice,dry,348,bags,2026-02-16,365,2027-02-16,340,61,surplus
Second Harvest Food Bank of Orange County,Irvine,Bananas,produce,199,lbs,2026-02-24,7,2026-03-03,-10,46,surplus
Food Bank of Contra Costa and Solano,Concord,Broccoli,produce,254,lbs,2026-03-07,7,2026-03-14,1,84,surplus
Los Angeles Regional Food Bank,Los Angeles,Apples,produce,324,lbs,2026-02-18,21,2026-03-11,-2,107,surplus
Alameda County Community Food Bank,Oakland,Canned beans,canned,20,cans,2026-03-04,730,2028-03-03,721,89,shortage
Food Bank of Contra Costa and Solano,Concord,Canned tomatoes,canned,169,cans,2026-03-04,730,2028-03-03,721,43,surplus
Second Harvest Food Bank of Orange County,Irvine,Cereal,dry,369,boxes,2026-02-22,180,2026-08-21,161,90,surplus
Food Bank of Contra Costa and Solano,Concord,Frozen vegetables mix,protein,177,bags,2026-02-27,365,2027-02-27,351,111,balanced
Feeding San Diego,San Diego,Frozen berries,protein,150,bags,2026-02-24,365,2027-02-24,348,79,balanced
Sacramento Food Bank & Family Services,Sacramento,Sugar,dry,128,bags,2026-02-18,730,2028-02-18,707,53,balanced
Central California Food Bank,Fresno,Macaroni,dry,333,boxes,2026-02-21,730,2028-02-21,710,74,surplus
Feeding San Diego,San Diego,Cereal,dry,399,boxes,2026-03-02,180,2026-08-29,169,40,surplus
San Francisco-Marin Food Bank,San Francisco,Bananas,produce,400,lbs,2026-03-13,7,2026-03-20,7,101,surplus
Second Harvest of Silicon Valley,San Jose,Cereal,dry,106,boxes,2026-02-25,180,2026-08-24,164,60,balanced
Feeding San Diego,San Diego,Spaghetti,dry,270,boxes,2026-03-07,730,2028-03-06,724,44,surplus
Alameda County Community Food Bank,Oakland,Oranges,produce,165,lbs,2026-02-25,14,2026-03-11,-2,70,balanced
Central California Food Bank,Fresno,Oatmeal,dry,167,boxes,2026-02-25,365,2027-02-25,349,106,balanced
Los Angeles Regional Food Bank,Los Angeles,Sugar,dry,281,bags,2026-03-07,730,2028-03-06,724,71,surplus
Second Harvest Food Bank of Orange County,Irvine,Apples,produce,349,lbs,2026-02-21,21,2026-03-14,1,98,surplus
Second Harvest Food Bank of Orange County,Irvine,Egg cartons,dairy,107,cartons,2026-03-08,21,2026-03-29,16,69,balanced
Feeding San Diego,San Diego,Frozen vegetables mix,protein,58,bags,2026-03-07,365,2027-03-07,359,56,balanced
Second Harvest of Silicon Valley,San Jose,Rice 5lb bag,dry,25,bags,2026-02-22,730,2028-02-22,711,106,shortage
Los Angeles Regional Food Bank,Los Angeles,Pasta,dry,289,boxes,2026-03-01,730,2028-02-29,718,39,surplus
Feeding San Diego,San Diego,Spinach,produce,159,bags,2026-03-09,7,2026-03-16,3,76,balanced
Second Harvest Food Bank of Orange County,Irvine,Canned carrots,canned,326,cans,2026-03-08,730,2028-03-07,725,115,balanced
Yolo Food Bank,Woodland,Canned green beans,canned,345,cans,2026-02-23,730,2028-02-23,712,93,surplus
Yolo Food Bank,Woodland,Onions,produce,129,lbs,2026-02-21,30,2026-03-23,10,32,surplus
Feeding San Diego,San Diego,Onions,produce,178,lbs,2026-02-18,30,2026-03-20,7,88,balanced
San Francisco-Marin Food Bank,San Francisco,Canned green beans,canned,360,cans,2026-03-05,730,2028-03-04,722,113,surplus
Alameda County Community Food Bank,Oakland,Cereal,dry,247,boxes,2026-03-03,180,2026-08-30,170,110,balanced
Second Harvest Food Bank of Orange County,Irvine,Carrots fresh,produce,22,lbs,2026-03-03,21,2026-03-24,11,118,shortage
Yolo Food Bank,Woodland,Frozen vegetables mix,protein,351,bags,2026-03-11,365,2027-03-11,363,54,surplus
San Francisco-Marin Food Bank,San Francisco,Canned corn,canned,395,cans,2026-02-17,730,2028-02-17,706,60,surplus
Second Harvest Food Bank of Orange County,Irvine,Canned corn,canned,163,cans,2026-03-05,730,2028-03-04,722,24,surplus
Second Harvest of Silicon Valley,San Jose,Broccoli,produce,312,lbs,2026-02-21,7,2026-02-28,-13,89,surplus
Los Angeles Regional Food Bank,Los Angeles,Milk gallons,dairy,154,gallons,2026-03-07,10,2026-03-17,4,50,surplus
Los Angeles Regional Food Bank,Los Angeles,Peanut butter,dry,400,jars,2026-03-03,365,2027-03-03,355,108,surplus
Second Harvest Food Bank of Orange County,Irvine,Canned corn,canned,354,cans,2026-03-04,730,2028-03-03,721,31,surplus
Los Angeles Regional Food Bank,Los Angeles,Frozen berries,protein,214,bags,2026-02-19,365,2027-02-19,343,89,balanced
Central California Food Bank,Fresno,Canned black beans,canned,71,cans,2026-02-17,730,2028-02-17,706,32,balanced
Yolo Food Bank,Woodland,Pasta,dry,156,boxes,2026-03-02,730,2028-03-01,719,92,balanced
Alameda County Community Food Bank,Oakland,Milk gallons,dairy,234,gallons,2026-02-27,10,2026-03-09,-4,21,surplus
Los Angeles Regional Food Bank,Los Angeles,Cereal,dry,150,boxes,2026-03-07,180,2026-09-03,174,111,balanced
Feeding San Diego,San Diego,Lentils,dry,388,bags,2026-02-23,730,2028-02-23,712,71,surplus
Feeding San Diego,San Diego,Pasta,dry,113,boxes,2026-03-13,730,2028-03-12,730,75,balanced
Alameda County Community Food Bank,Oakland,Butter,dairy,364,packs,2026-02-20,60,2026-04-21,39,34,surplus
Los Angeles Regional Food Bank,Los Angeles,Bell peppers,produce,43,lbs,2026-03-09,10,2026-03-19,6,93,shortage
Second Harvest of Silicon Valley,San Jose,Peanut butter,dry,154,jars,2026-03-12,365,2027-03-12,364,74,balanced
Yolo Food Bank,Woodland,Cereal,dry,165,boxes,2026-03-04,180,2026-08-31,171,21,surplus
Los Angeles Regional Food Bank,Los Angeles,Canned chickpeas,canned,102,cans,2026-02-18,730,2028-02-18,707,114,shortage
Yolo Food Bank,Woodland,Canned carrots,canned,212,cans,2026-03-05,730,2028-03-04,722,106,balanced
Central California Food Bank,Fresno,Carrots fresh,produce,118,lbs,2026-02-23,21,2026-03-16,3,56,balanced
Central California Food Bank,Fresno,Sugar,dry,180,bags,2026-03-06,730,2028-03-05,723,54,surplus
Feeding San Diego,San Diego,Frozen berries,protein,76,bags,2026-02-18,365,2027-02-18,342,101,shortage
Central California Food Bank,Fresno,Cereal,dry,56,boxes,2026-03-13,180,2026-09-09,180,88,shortage
Second Harvest of Silicon Valley,San Jose,Canned soup,canned,64,cans,2026-03-06,540,2027-08-28,533,91,shortage
San Francisco-Marin Food Bank,San Francisco,Lettuce,produce,11,heads,2026-02-26,10,2026-03-08,-5,43,shortage
Sacramento Food Bank & Family Services,Sacramento,Canned peas,canned,177,cans,2026-03-13,730,2028-03-12,730,28,surplus
Central California Food Bank,Fresno,Sugar,dry,16,bags,2026-02-26,730,2028-02-26,715,93,shortage
Second Harvest of Silicon Valley,San Jose,Tomatoes,produce,105,lbs,2026-03-09,10,2026-03-19,6,119,shortage
Feeding San Diego,San Diego,Bananas,produce,268,lbs,2026-03-03,7,2026-03-10,-3,93,balanced
Yolo Food Bank,Woodland,Carrots fresh,produce,87,lbs,2026-02-17,21,2026-03-10,-3,100,shortage
Alameda County Community Food Bank,Oakland,Bananas,produce,108,lbs,2026-02-24,7,2026-03-03,-10,34,surplus
Food Bank of Contra Costa and Solano,Concord,Pasta,dry,190,boxes,2026-02-23,730,2028-02-23,712,37,surplus
Second Harvest of Silicon Valley,San Jose,Almond butter,dry,37,jars,2026-02-19,365,2027-02-19,343,115,shortage
Yolo Food Bank,Woodland,Flour,dry,260,bags,2026-02-24,365,2027-02-24,348,21,surplus
Second Harvest Food Bank of Orange County,Irvine,Milk gallons,dairy,207,gallons,2026-02-17,10,2026-02-27,-14,52,surplus
Food Bank of Contra Costa and Solano,Concord,Butter,dairy,335,packs,2026-03-02,60,2026-05-01,49,116,balanced
Second Harvest Food Bank of Orange County,Irvine,Rice 5lb bag,dry,224,bags,2026-03-02,730,2028-03-01,719,46,surplus
San Francisco-Marin Food Bank,San Francisco,Apples,produce,224,lbs,2026-02-24,21,2026-03-17,4,43,surplus
Second Harvest of Silicon Valley,San Jose,Bananas,produce,234,lbs,2026-02-17,7,2026-02-24,-17,68,surplus
Food Bank of Contra Costa and Solano,Concord,Chicken breast frozen,protein,357,packs,2026-02-16,180,2026-08-15,155,20,surplus
Food Bank of Contra Costa and Solano,Concord,Canned tomatoes,canned,44,cans,2026-03-04,730,2028-03-03,721,63,shortage
Yolo Food Bank,Woodland,Peanut butter,dry,176,jars,2026-03-01,365,2027-03-01,353,41,surplus
Second Harvest of Silicon Valley,San Jose,Egg cartons,dairy,258,cartons,2026-03-08,21,2026-03-29,16,87,balanced
Second Harvest of Silicon Valley,San Jose,Canned carrots,canned,151,cans,2026-03-05,730,2028-03-04,722,60,balanced
San Francisco-Marin Food Bank,San Francisco,Lentils,dry,238,bags,2026-02-26,730,2028-02-26,715,65,surplus
Food Bank of Contra Costa and Solano,Concord,Brown rice,dry,162,bags,2026-02-19,365,2027-02-19,343,60,balanced
Feeding San Diego,San Diego,Ground turkey frozen,protein,100,packs,2026-03-13,180,2026-09-09,180,72,balanced
Yolo Food Bank,Woodland,Bananas,produce,374,lbs,2026-02-19,7,2026-02-26,-15,69,surplus
Feeding San Diego,San Diego,Canned tuna,canned,36,cans,2026-02-19,730,2028-02-19,708,76,shortage
Alameda County Community Food Bank,Oakland,Cheese blocks,dairy,213,blocks,2026-02-25,30,2026-03-27,14,83,balanced
Second Harvest of Silicon Valley,San Jose,Canned tomatoes,canned,13,cans,2026-03-06,730,2028-03-05,723,68,shortage
Los Angeles Regional Food Bank,Los Angeles,Spaghetti,dry,301,boxes,2026-03-11,730,2028-03-10,728,25,surplus
Central California Food Bank,Fresno,Frozen berries,protein,397,bags,2026-02-23,365,2027-02-23,347,75,surplus
Food Bank of Contra Costa and Solano,Concord,Lettuce,produce,169,heads,2026-02-16,10,2026-02-26,-15,46,surplus
Second Harvest Food Bank of Orange County,Irvine,Pasta,dry,115,boxes,2026-02-16,730,2028-02-16,705,63,balanced
Feeding San Diego,San Diego,Lettuce,produce,282,heads,2026-03-05,10,2026-03-15,2,45,surplus
Central California Food Bank,Fresno,Canned carrots,canned,164,cans,2026-03-07,730,2028-03-06,724,91,balanced
Sacramento Food Bank & Family Services,Sacramento,Apples,produce,337,lbs,2026-02-23,21,2026-03-16,3,41,surplus
Sacramento Food Bank & Family Services,Sacramento,Avocados,produce,173,units,2026-02-18,7,2026-02-25,-16,96,balanced
Second Harvest of Silicon Valley,San Jose,Canned carrots,canned,296,cans,2026-02-24,730,2028-02-24,713,20,surplus
Second Harvest of Silicon Valley,San Jose,Canned tuna,canned,58,cans,2026-03-09,730,2028-03-08,726,77,shortage
Yolo Food Bank,Woodland,Frozen vegetables mix,protein,335,bags,2026-02-19,365,2027-02-19,343,85,surplus
Sacramento Food Bank & Family Services,Sacramento,Brown rice,dry,67,bags,2026-02-22,365,2027-02-22,346,82,shortage
Alameda County Community Food Bank,Oakland,Butter,dairy,301,packs,2026-03-06,60,2026-05-05,53,60,surplus
Second Harvest Food Bank of Orange County,Irvine,Apples,produce,212,lbs,2026-02-25,21,2026-03-18,5,36,surplus
Central California Food Bank,Fresno,Lentils,dry,228,bags,2026-02-18,730,2028-02-18,707,65,surplus
San Francisco-Marin Food Bank,San Francisco,Chicken breast frozen,protein,231,packs,2026-03-02,180,2026-08-29,169,107,balanced
Yolo Food Bank,Woodland,Potatoes,produce,141,lbs,2026-03-05,30,2026-04-04,22,57,balanced
Feeding San Diego,San Diego,Milk gallons,dairy,383,gallons,2026-02-21,10,2026-03-03,-10,34,surplus
Alameda County Community Food Bank,Oakland,Broccoli,produce,83,lbs,2026-03-08,7,2026-03-15,2,89,shortage
Los Angeles Regional Food Bank,Los Angeles,Frozen vegetables mix,protein,19,bags,2026-03-11,365,2027-03-11,363,82,shortage
Alameda County Community Food Bank,Oakland,Yogurt cups,dairy,142,cups,2026-03-09,21,2026-03-30,17,116,balanced
Alameda County Community Food Bank,Oakland,Chicken breast frozen,protein,379,packs,2026-02-28,180,2026-08-27,167,110,surplus
Food Bank of Contra Costa and Solano,Concord,Canned black beans,canned,31,cans,2026-03-02,730,2028-03-01,719,50,shortage
Los Angeles Regional Food Bank,Los Angeles,Canned beans,canned,231,cans,2026-02-26,730,2028-02-26,715,36,surplus
Feeding San Diego,San Diego,Tomatoes,produce,221,lbs,2026-03-01,10,2026-03-11,-2,69,surplus
Sacramento Food Bank & Family Services,Sacramento,Milk gallons,dairy,87,gallons,2026-02-18,10,2026-02-28,-13,59,balanced
Feeding San Diego,San Diego,Lentils,dry,39,bags,2026-02-16,730,2028-02-16,705,38,balanced
Food Bank of Contra Costa and Solano,Concord,Potatoes,produce,249,lbs,2026-02-20,30,2026-03-22,9,32,surplus
Feeding San Diego,San Diego,Broccoli,produce,194,lbs,2026-02-19,7,2026-02-26,-15,74,balanced
San Francisco-Marin Food Bank,San Francisco,Canned tuna,canned,214,cans,2026-02-19,730,2028-02-19,708,119,balanced
Alameda County Community Food Bank,Oakland,Oatmeal,dry,239,boxes,2026-03-06,365,2027-03-06,358,49,surplus
San Francisco-Marin Food Bank,San Francisco,Potatoes,produce,161,lbs,2026-03-05,30,2026-04-04,22,67,balanced
Second Harvest Food Bank of Orange County,Irvine,Milk gallons,dairy,225,gallons,2026-02-28,10,2026-03-10,-3,26,surplus
Feeding San Diego,San Diego,Pasta,dry,271,boxes,2026-03-08,730,2028-03-07,725,41,surplus
Central California Food Bank,Fresno,Potatoes,produce,200,lbs,2026-02-18,30,2026-03-20,7,90,balanced
Central California Food Bank,Fresno,Onions,produce,231,lbs,2026-03-06,30,2026-04-05,23,106,balanced
Sacramento Food Bank & Family Services,Sacramento,Bananas,produce,315,lbs,2026-03-06,7,2026-03-13,0,112,balanced
Yolo Food Bank,Woodland,Carrots fresh,produce,125,lbs,2026-02-16,21,2026-03-09,-4,105,balanced
Los Angeles Regional Food Bank,Los Angeles,Tomatoes,produce,246,lbs,2026-02-23,10,2026-03-05,-8,116,balanced
Alameda County Community Food Bank,Oakland,Egg cartons,dairy,198,cartons,2026-03-02,21,2026-03-23,10,71,balanced
Sacramento Food Bank & Family Services,Sacramento,Bananas,produce,108,lbs,2026-03-05,7,2026-03-12,-1,28,surplus
Second Harvest Food Bank of Orange County,Irvine,Canned corn,canned,366,cans,2026-02-28,730,2028-02-28,717,57,surplus
Central California Food Bank,Fresno,Spaghetti,dry,98,boxes,2026-03-08,730,2028-03-07,725,98,balanced
Alameda County Community Food Bank,Oakland,Milk gallons,dairy,98,gallons,2026-03-07,10,2026-03-17,4,103,shortage
Sacramento Food Bank & Family Services,Sacramento,Egg cartons,dairy,309,cartons,2026-02-28,21,2026-03-21,8,101,surplus
Second Harvest Food Bank of Orange County,Irvine,Ground turkey frozen,protein,332,packs,2026-03-11,180,2026-09-07,178,61,surplus
Feeding San Diego,San Diego,Almond butter,dry,234,jars,2026-03-01,365,2027-03-01,353,120,balanced
Central California Food Bank,Fresno,Brown rice,dry,277,bags,2026-03-06,365,2027-03-06,358,117,balanced
Second Harvest of Silicon Valley,San Jose,Cheese blocks,dairy,191,blocks,2026-03-05,30,2026-04-04,22,106,balanced
Yolo Food Bank,Woodland,Almond butter,dry,73,jars,2026-02-27,365,2027-02-27,351,111,shortage
Los Angeles Regional Food Bank,Los Angeles,Canned salmon,canned,270,cans,2026-02-21,730,2028-02-21,710,20,surplus
Feeding San Diego,San Diego,Onions,produce,320,lbs,2026-03-11,30,2026-04-10,28,68,surplus
Alameda County Community Food Bank,Oakland,Avocados,produce,261,units,2026-03-13,7,2026-03-20,7,49,surplus
Feeding San Diego,San Diego,Macaroni,dry,96,boxes,2026-03-13,730,2028-03-12,730,38,balanced
Los Angeles Regional Food Bank,Los Angeles,Onions,produce,11,lbs,2026-02-21,30,2026-03-23,10,101,shortage
Central California Food Bank,Fresno,Spaghetti,dry,144,boxes,2026-02-22,730,2028-02-22,711,26,surplus
Central California Food Bank,Fresno,Egg cartons,dairy,201,cartons,2026-03-02,21,2026-03-23,10,70,balanced
Los Angeles Regional Food Bank,Los Angeles,Tomatoes,produce,58,lbs,2026-02-28,10,2026-03-10,-3,34,balanced
Yolo Food Bank,Woodland,Canned soup,canned,355,cans,2026-03-10,540,2027-09-01,537,81,surplus
Alameda County Community Food Bank,Oakland,Broccoli,produce,219,lbs,2026-03-04,7,2026-03-11,-2,48,surplus
San Francisco-Marin Food Bank,San Francisco,Canned salmon,canned,226,cans,2026-03-10,730,2028-03-09,727,65,surplus
Central California Food Bank,Fresno,Canned chickpeas,canned,345,cans,2026-02-24,730,2028-02-24,713,37,surplus
Alameda County Community Food Bank,Oakland,Bell peppers,produce,103,lbs,2026-02-19,10,2026-03-01,-12,94,balanced
Alameda County Community Food Bank,Oakland,Canned peas,canned,147,cans,2026-02-25,730,2028-02-25,714,87,balanced
Feeding San Diego,San Diego,Canned black beans,canned,352,cans,2026-02-27,730,2028-02-27,716,47,surplus
Second Harvest Food Bank of Orange County,Irvine,Carrots fresh,produce,350,lbs,2026-03-10,21,2026-03-31,18,88,surplus
San Francisco-Marin Food Bank,San Francisco,Canned green beans,canned,296,cans,2026-02-17,730,2028-02-17,706,42,surplus
Los Angeles Regional Food Bank,Los Angeles,Bananas,produce,99,lbs,2026-02-27,7,2026-03-06,-7,102,shortage
Feeding San Diego,San Diego,Flour,dry,371,bags,2026-03-03,365,2027-03-03,355,118,surplus
Second Harvest of Silicon Valley,San Jose,Tomatoes,produce,253,lbs,2026-03-04,10,2026-03-14,1,83,surplus
San Francisco-Marin Food Bank,San Francisco,Carrots fresh,produce,89,lbs,2026-03-09,21,2026-03-30,17,41,balanced
Sacramento Food Bank & Family Services,Sacramento,Almond butter,dry,200,jars,2026-02-21,365,2027-02-21,345,90,balanced
Los Angeles Regional Food Bank,Los Angeles,Onions,produce,24,lbs,2026-03-04,30,2026-04-03,21,80,shortage
Second Harvest Food Bank of Orange County,Irvine,Canned beans,canned,203,cans,2026-03-03,730,2028-03-02,720,109,balanced
Second Harvest of Silicon Valley,San Jose,Canned tuna,canned,320,cans,2026-02-24,730,2028-02-24,713,34,surplus
Yolo Food Bank,Woodland,Ground turkey frozen,protein,367,packs,2026-02-21,180,2026-08-20,160,113,surplus
Food Bank of Contra Costa and Solano,Concord,Oatmeal,dry,381,boxes,2026-02-27,365,2027-02-27,351,57,surplus
Los Angeles Regional Food Bank,Los Angeles,Canned salmon,canned,68,cans,2026-02-27,730,2028-02-27,716,80,shortage
Food Bank of Contra Costa and Solano,Concord,Frozen vegetables mix,protein,265,bags,2026-03-03,365,2027-03-03,355,101,balanced
Los Angeles Regional Food Bank,Los Angeles,Onions,produce,97,lbs,2026-03-06,30,2026-04-05,23,120,shortage
Los Angeles Regional Food Bank,Los Angeles,Brown rice,dry,52,bags,2026-02-27,365,2027-02-27,351,39,balanced
San Francisco-Marin Food Bank,San Francisco,Cheese blocks,dairy,272,blocks,2026-02-19,30,2026-03-21,8,24,surplus
San Francisco-Marin Food Bank,San Francisco,Frozen vegetables mix,protein,321,bags,2026-03-11,365,2027-03-11,363,82,surplus
Second Harvest Food Bank of Orange County,Irvine,Spaghetti,dry,234,boxes,2026-03-04,730,2028-03-03,721,70,surplus
Sacramento Food Bank & Family Services,Sacramento,Spinach,produce,124,bags,2026-03-13,7,2026-03-20,7,107,balanced
San Francisco-Marin Food Bank,San Francisco,Carrots fresh,produce,339,lbs,2026-03-10,21,2026-03-31,18,96,surplus
Food Bank of Contra Costa and Solano,Concord,Lettuce,produce,256,heads,2026-02-21,10,2026-03-03,-10,109,balanced
Second Harvest of Silicon Valley,San Jose,Potatoes,produce,210,lbs,2026-02-21,30,2026-03-23,10,20,surplus
Second Harvest Food Bank of Orange County,Irvine,Flour,dry,200,bags,2026-03-08,365,2027-03-08,360,26,surplus
Feeding San Diego,San Diego,Canned green beans,canned,116,cans,2026-02-16,730,2028-02-16,705,43,balanced
Central California Food Bank,Fresno,Brown rice,dry,157,bags,2026-02-28,365,2027-02-28,352,74,balanced
Second Harvest Food Bank of Orange County,Irvine,Butter,dairy,85,packs,2026-03-01,60,2026-04-30,48,79,balanced
Feeding San Diego,San Diego,Ground turkey frozen,protein,387,packs,2026-03-03,180,2026-08-30,170,115,surplus
Yolo Food Bank,Woodland,Brown rice,dry,15,bags,2026-03-02,365,2027-03-02,354,22,shortage
Sacramento Food Bank & Family Services,Sacramento,Rice 5lb bag,dry,147,bags,2026-02-17,730,2028-02-17,706,51,balanced
Los Angeles Regional Food Bank,Los Angeles,Spaghetti,dry,261,boxes,2026-02-28,730,2028-02-28,717,109,balanced
Alameda County Community Food Bank,Oakland,Spaghetti,dry,191,boxes,2026-02-19,730,2028-02-19,708,62,surplus
Food Bank of Contra Costa and Solano,Concord,Egg cartons,dairy,164,cartons,2026-02-18,21,2026-03-11,-2,48,surplus
San Francisco-Marin Food Bank,San Francisco,Egg cartons,dairy,313,cartons,2026-03-13,21,2026-04-03,21,35,surplus
Central California Food Bank,Fresno,Oatmeal,dry,221,boxes,2026-02-16,365,2027-02-16,340,110,balanced
Central California Food Bank,Fresno,Frozen vegetables mix,protein,358,bags,2026-03-12,365,2027-03-12,364,117,surplus
Central California Food Bank,Fresno,Tomatoes,produce,214,lbs,2026-02-18,10,2026-02-28,-13,116,balanced
Sacramento Food Bank & Family Services,Sacramento,Cheese blocks,dairy,379,blocks,2026-02-27,30,2026-03-29,16,78,surplus
Central California Food Bank,Fresno,Chicken breast frozen,protein,182,packs,2026-02-24,180,2026-08-23,163,26,surplus
Sacramento Food Bank & Family Services,Sacramento,Carrots fresh,produce,358,lbs,2026-02-18,21,2026-03-11,-2,55,surplus
Second Harvest of Silicon Valley,San Jose,Oranges,produce,14,lbs,2026-03-02,14,2026-03-16,3,120,shortage
Feeding San Diego,San Diego,Butter,dairy,49,packs,2026-02-24,60,2026-04-25,43,86,shortage
Yolo Food Bank,Woodland,Canned chickpeas,canned,225,cans,2026-02-17,730,2028-02-17,706,31,surplus
San Francisco-Marin Food Bank,San Francisco,Apples,produce,84,lbs,2026-02-20,21,2026-03-13,0,86,shortage
Food Bank of Contra Costa and Solano,Concord,Spaghetti,dry,213,boxes,2026-02-24,730,2028-02-24,713,120,balanced
San Francisco-Marin Food Bank,San Francisco,Brown rice,dry,19,bags,2026-03-05,365,2027-03-05,357,72,shortage
Second Harvest of Silicon Valley,San Jose,Canned corn,canned,127,cans,2026-02-23,730,2028-02-23,712,105,balanced
Second Harvest Food Bank of Orange County,Irvine,Potatoes,produce,146,lbs,2026-03-10,30,2026-04-09,27,20,surplus
San Francisco-Marin Food Bank,San Francisco,Canned beans,canned,148,cans,2026-03-02,730,2028-03-01,719,63,balanced
Sacramento Food Bank & Family Services,Sacramento,Canned carrots,canned,226,cans,2026-02-25,730,2028-02-25,714,54,surplus
Feeding San Diego,San Diego,Spinach,produce,145,bags,2026-03-10,7,2026-03-17,4,107,balanced
Sacramento Food Bank & Family Services,Sacramento,Macaroni,dry,247,boxes,2026-02-27,730,2028-02-27,716,34,surplus
Central California Food Bank,Fresno,Oatmeal,dry,185,boxes,2026-02-16,365,2027-02-16,340,98,balanced
San Francisco-Marin Food Bank,San Francisco,Onions,produce,275,lbs,2026-02-25,30,2026-03-27,14,23,surplus
Feeding San Diego,San Diego,Canned carrots,canned,349,cans,2026-03-06,730,2028-03-05,723,59,surplus
Feeding San Diego,San Diego,Lentils,dry,263,bags,2026-03-12,730,2028-03-11,729,107,balanced
Sacramento Food Bank & Family Services,Sacramento,Potatoes,produce,232,lbs,2026-02-28,30,2026-03-30,17,104,balanced
Central California Food Bank,Fresno,Canned salmon,canned,189,cans,2026-03-01,730,2028-02-29,718,78,balanced
Second Harvest of Silicon Valley,San Jose,Carrots fresh,produce,307,lbs,2026-02-19,21,2026-03-12,-1,101,surplus
Feeding San Diego,San Diego,Spaghetti,dry,353,boxes,2026-03-09,730,2028-03-08,726,105,surplus
Yolo Food Bank,Woodland,Macaroni,dry,368,boxes,2026-03-05,730,2028-03-04,722,85,surplus
Yolo Food Bank,Woodland,Frozen berries,protein,353,bags,2026-03-01,365,2027-03-01,353,98,surplus
Food Bank of Contra Costa and Solano,Concord,Canned carrots,canned,310,cans,2026-03-11,730,2028-03-10,728,45,surplus
San Francisco-Marin Food Bank,San Francisco,Egg cartons,dairy,143,cartons,2026-03-02,21,2026-03-23,10,34,surplus
Alameda County Community Food Bank,Oakland,Sugar,dry,335,bags,2026-02-16,730,2028-02-16,705,42,surplus
Sacramento Food Bank & Family Services,Sacramento,Spinach,produce,318,bags,2026-02-21,7,2026-02-28,-13,89,surplus
Second Harvest of Silicon Valley,San Jose,Egg cartons,dairy,109,cartons,2026-03-09,21,2026-03-30,17,102,balanced
Second Harvest Food Bank of Orange County,Irvine,Frozen berries,protein,138,bags,2026-03-08,365,2027-03-08,360,55,balanced
Second Harvest Food Bank of Orange County,Irvine,Milk gallons,dairy,398,gallons,2026-03-08,10,2026-03-18,5,111,surplus
Feeding San Diego,San Diego,Lentils,dry,387,bags,2026-03-10,730,2028-03-09,727,110,surplus
Feeding San Diego,San Diego,Oatmeal,dry,114,boxes,2026-02-24,365,2027-02-24,348,45,balanced
Second Harvest Food Bank of Orange County,Irvine,Canned salmon,canned,367,cans,2026-02-17,730,2028-02-17,706,34,surplus
Yolo Food Bank,Woodland,Carrots fresh,produce,323,lbs,2026-02-24,21,2026-03-17,4,68,surplus
San Francisco-Marin Food Bank,San Francisco,Oatmeal,dry,16,boxes,2026-03-09,365,2027-03-09,361,111,shortage
Los Angeles Regional Food Bank,Los Angeles,Cheese blocks,dairy,144,blocks,2026-02-21,30,2026-03-23,10,59,balanced
Los Angeles Regional Food Bank,Los Angeles,Carrots fresh,produce,221,lbs,2026-02-23,21,2026-03-16,3,107,balanced
Second Harvest of Silicon Valley,San Jose,Lettuce,produce,184,heads,2026-03-09,10,2026-03-19,6,36,surplus
Second Harvest Food Bank of Orange County,Irvine,Canned soup,canned,185,cans,2026-03-07,540,2027-08-29,534,39,surplus
Food Bank of Contra Costa and Solano,Concord,Canned peas,canned,209,cans,2026-03-03,730,2028-03-02,720,40,surplus
Second Harvest Food Bank of Orange County,Irvine,Canned salmon,canned,191,cans,2026-03-10,730,2028-03-09,727,85,balanced
Second Harvest Food Bank of Orange County,Irvine,Cereal,dry,65,boxes,2026-03-01,180,2026-08-28,168,86,shortage
Central California Food Bank,Fresno,Flour,dry,220,bags,2026-03-07,365,2027-03-07,359,73,surplus
Yolo Food Bank,Woodland,Canned tomatoes,canned,123,cans,2026-03-09,730,2028-03-08,726,46,balanced
Feeding San Diego,San Diego,Cereal,dry,350,boxes,2026-03-07,180,2026-09-03,174,109,surplus
Sacramento Food Bank & Family Services,Sacramento,Macaroni,dry,215,boxes,2026-02-21,730,2028-02-21,710,85,balanced
Second Harvest of Silicon Valley,San Jose,Oatmeal,dry,282,boxes,2026-02-19,365,2027-02-19,343,116,balanced
Los Angeles Regional Food Bank,Los Angeles,Oranges,produce,313,lbs,2026-02-26,14,2026-03-12,-1,63,surplus
Alameda County Community Food Bank,Oakland,Sugar,dry,182,bags,2026-03-03,730,2028-03-02,720,64,balanced
Los Angeles Regional Food Bank,Los Angeles,Frozen berries,protein,320,bags,2026-02-27,365,2027-02-27,351,65,surplus
Yolo Food Bank,Woodland,Cheese blocks,dairy,183,blocks,2026-02-21,30,2026-03-23,10,92,balanced
Sacramento Food Bank & Family Services,Sacramento,Potatoes,produce,375,lbs,2026-03-01,30,2026-03-31,18,82,surplus
Los Angeles Regional Food Bank,Los Angeles,Spinach,produce,64,bags,2026-02-16,7,2026-02-23,-18,49,balanced
Sacramento Food Bank & Family Services,Sacramento,Sugar,dry,121,bags,2026-03-02,730,2028-03-01,719,103,balanced
Second Harvest Food Bank of Orange County,Irvine,Canned beans,canned,249,cans,2026-03-07,730,2028-03-06,724,73,surplus
San Francisco-Marin Food Bank,San Francisco,Onions,produce,145,lbs,2026-02-19,30,2026-03-21,8,45,surplus
Los Angeles Regional Food Bank,Los Angeles,Bell peppers,produce,308,lbs,2026-02-16,10,2026-02-26,-15,39,surplus
Food Bank of Contra Costa and Solano,Concord,Onions,produce,400,lbs,2026-02-24,30,2026-03-26,13,29,surplus
Second Harvest of Silicon Valley,San Jose,Pasta,dry,48,boxes,2026-02-20,730,2028-02-20,709,84,shortage
Yolo Food Bank,Woodland,Butter,dairy,384,packs,2026-02-20,60,2026-04-21,39,90,surplus
Second Harvest Food Bank of Orange County,Irvine,Flour,dry,200,bags,2026-02-28,365,2027-02-28,352,62,surplus
Yolo Food Bank,Woodland,Flour,dry,264,bags,2026-02-24,365,2027-02-24,348,115,balanced
Second Harvest of Silicon Valley,San Jose,Canned carrots,canned,186,cans,2026-03-13,730,2028-03-12,730,100,balanced
Second Harvest of Silicon Valley,San Jose,Egg cartons,dairy,181,cartons,2026-03-10,21,2026-03-31,18,53,surplus
Los Angeles Regional Food Bank,Los Angeles,Apples,produce,15,lbs,2026-02-20,21,2026-03-13,0,60,shortage
Feeding San Diego,San Diego,Almond butter,dry,279,jars,2026-02-20,365,2027-02-20,344,24,surplus
Feeding San Diego,San Diego,Canned soup,canned,253,cans,2026-03-07,540,2027-08-29,534,83,surplus
Second Harvest Food Bank of Orange County,Irvine,Canned soup,canned,252,cans,2026-02-21,540,2027-08-15,520,45,surplus
Sacramento Food Bank & Family Services,Sacramento,Milk gallons,dairy,168,gallons,2026-03-13,10,2026-03-23,10,46,surplus
Feeding San Diego,San Diego,Avocados,produce,206,units,2026-03-02,7,2026-03-09,-4,28,surplus
Feeding San Diego,San Diego,Frozen berries,protein,140,bags,2026-02-24,365,2027-02-24,348,111,balanced
Los Angeles Regional Food Bank,Los Angeles,Oatmeal,dry,137,boxes,2026-03-07,365,2027-03-07,359,22,surplus
Yolo Food Bank,Woodland,Cheese blocks,dairy,188,blocks,2026-03-08,30,2026-04-07,25,65,balanced
Second Harvest Food Bank of Orange County,Irvine,Cheese blocks,dairy,31,blocks,2026-02-17,30,2026-03-19,6,93,shortage
Second Harvest of Silicon Valley,San Jose,Frozen vegetables mix,protein,300,bags,2026-03-07,365,2027-03-07,359,68,surplus
Central California Food Bank,Fresno,Canned carrots,canned,270,cans,2026-02-28,730,2028-02-28,717,29,surplus
Los Angeles Regional Food Bank,Los Angeles,Canned carrots,canned,246,cans,2026-03-11,730,2028-03-10,728,116,balanced
Second Harvest of Silicon Valley,San Jose,Sugar,dry,101,bags,2026-02-28,730,2028-02-28,717,60,balanced
Yolo Food Bank,Woodland,Almond butter,dry,281,jars,2026-02-26,365,2027-02-26,350,85,surplus
San Francisco-Marin Food Bank,San Francisco,Oranges,produce,26,lbs,2026-02-23,14,2026-03-09,-4,92,shortage
Central California Food Bank,Fresno,Apples,produce,243,lbs,2026-03-02,21,2026-03-23,10,73,surplus
Central California Food Bank,Fresno,Lentils,dry,227,bags,2026-02-21,730,2028-02-21,710,23,surplus
Second Harvest Food Bank of Orange County,Irvine,Onions,produce,158,lbs,2026-03-10,30,2026-04-09,27,70,balanced
San Francisco-Marin Food Bank,San Francisco,Lentils,dry,19,bags,2026-02-24,730,2028-02-24,713,42,shortage
San Francisco-Marin Food Bank,San Francisco,Potatoes,produce,309,lbs,2026-02-25,30,2026-03-27,14,60,surplus
Yolo Food Bank,Woodland,Canned corn,canned,200,cans,2026-03-03,730,2028-03-02,720,33,surplus
San Francisco-Marin Food Bank,San Francisco,Tomatoes,produce,80,lbs,2026-02-16,10,2026-02-26,-15,48,balanced
Alameda County Community Food Bank,Oakland,Ground turkey frozen,protein,85,packs,2026-02-21,180,2026-08-20,160,82,balanced
Second Harvest Food Bank of Orange County,Irvine,Canned tomatoes,canned,235,cans,2026-02-22,730,2028-02-22,711,107,balanced
Alameda County Community Food Bank,Oakland,Frozen berries,protein,131,bags,2026-02-27,365,2027-02-27,351,105,balanced
Second Harvest Food Bank of Orange County,Irvine,Spaghetti,dry,76,boxes,2026-03-06,730,2028-03-05,723,35,balanced
San Francisco-Marin Food Bank,San Francisco,Yogurt cups,dairy,167,cups,2026-03-03,21,2026-03-24,11,120,balanced
Second Harvest Food Bank of Orange County,Irvine,Oatmeal,dry,399,boxes,2026-02-22,365,2027-02-22,346,46,surplus
Food Bank of Contra Costa and Solano,Concord,Lentils,dry,219,bags,2026-03-03,730,2028-03-02,720,116,balanced
Alameda County Community Food Bank,Oakland,Butter,dairy,156,packs,2026-03-12,60,2026-05-11,59,112,balanced
Second Harvest of Silicon Valley,San Jose,Canned peas,canned,347,cans,2026-02-21,730,2028-02-21,710,43,surplus
San Francisco-Marin Food Bank,San Francisco,Canned tomatoes,canned,223,cans,2026-03-09,730,2028-03-08,726,98,balanced
Alameda County Community Food Bank,Oakland,Oatmeal,dry,311,boxes,2026-03-08,365,2027-03-08,360,23,surplus
Los Angeles Regional Food Bank,Los Angeles,Canned beans,canned,354,cans,2026-02-24,730,2028-02-24,713,62,surplus
Food Bank of Contra Costa and Solano,Concord,Brown rice,dry,83,bags,2026-02-17,365,2027-02-17,341,116,shortage
Central California Food Bank,Fresno,Frozen vegetables mix,protein,114,bags,2026-02-22,365,2027-02-22,346,23,surplus
Second Harvest of Silicon Valley,San Jose,Potatoes,produce,304,lbs,2026-02-24,30,2026-03-26,13,86,surplus
Sacramento Food Bank & Family Services,Sacramento,Apples,produce,382,lbs,2026-02-23,21,2026-03-16,3,69,surplus
Sacramento Food Bank & Family Services,Sacramento,Canned black beans,canned,160,cans,2026-03-08,730,2028-03-07,725,59,balanced
San Francisco-Marin Food Bank,San Francisco,Bananas,produce,161,lbs,2026-03-12,7,2026-03-19,6,116,balanced
Yolo Food Bank,Woodland,Broccoli,produce,88,lbs,2026-02-26,7,2026-03-05,-8,23,surplus
San Francisco-Marin Food Bank,San Francisco,Flour,dry,122,bags,2026-02-18,365,2027-02-18,342,112,balanced
Sacramento Food Bank & Family Services,Sacramento,Lettuce,produce,351,heads,2026-03-10,10,2026-03-20,7,107,surplus
San Francisco-Marin Food Bank,San Francisco,Milk gallons,dairy,84,gallons,2026-03-04,10,2026-03-14,1,108,shortage
San Francisco-Marin Food Bank,San Francisco,Carrots fresh,produce,76,lbs,2026-03-13,21,2026-04-03,21,101,shortage
Food Bank of Contra Costa and Solano,Concord,Rice 5lb bag,dry,67,bags,2026-02-26,730,2028-02-26,715,54,balanced
Second Harvest of Silicon Valley,San Jose,Rice 5lb bag,dry,118,bags,2026-02-24,730,2028-02-24,713,60,balanced
Second Harvest Food Bank of Orange County,Irvine,Rice 5lb bag,dry,308,bags,2026-02-21,730,2028-02-21,710,35,surplus
Second Harvest of Silicon Valley,San Jose,Spaghetti,dry,182,boxes,2026-03-02,730,2028-03-01,719,90,balanced
Second Harvest of Silicon Valley,San Jose,Brown rice,dry,112,bags,2026-02-22,365,2027-02-22,346,34,surplus
Food Bank of Contra Costa and Solano,Concord,Canned tomatoes,canned,142,cans,2026-03-07,730,2028-03-06,724,111,balanced
Yolo Food Bank,Woodland,Canned beans,canned,39,cans,2026-02-18,730,2028-02-18,707,96,shortage
Feeding San Diego,San Diego,Oatmeal,dry,257,boxes,2026-03-07,365,2027-03-07,359,66,surplus
Second Harvest of Silicon Valley,San Jose,Potatoes,produce,300,lbs,2026-03-09,30,2026-04-08,26,84,surplus
Central California Food Bank,Fresno,Butter,dairy,375,packs,2026-02-27,60,2026-04-28,46,43,surplus
Sacramento Food Bank & Family Services,Sacramento,Chicken breast frozen,protein,152,packs,2026-02-20,180,2026-08-19,159,74,balanced
Food Bank of Contra Costa and Solano,Concord,Canned tomatoes,canned,85,cans,2026-03-06,730,2028-03-05,723,72,balanced
Food Bank of Contra Costa and Solano,Concord,Canned chickpeas,canned,144,cans,2026-03-08,730,2028-03-07,725,31,surplus
Central California Food Bank,Fresno,Canned tuna,canned,88,cans,2026-02-25,730,2028-02-25,714,79,balanced
Central California Food Bank,Fresno,Apples,produce,210,lbs,2026-03-11,21,2026-04-01,19,26,surplus
Alameda County Community Food Bank,Oakland,Almond butter,dry,362,jars,2026-02-23,365,2027-02-23,347,76,surplus
Central California Food Bank,Fresno,Canned carrots,canned,361,cans,2026-03-10,730,2028-03-09,727,53,surplus
Feeding San Diego,San Diego,Canned black beans,canned,211,cans,2026-03-08,730,2028-03-07,725,73,balanced
Second Harvest of Silicon Valley,San Jose,Oatmeal,dry,10,boxes,2026-03-10,365,2027-03-10,362,63,shortage
Yolo Food Bank,Woodland,Onions,produce,363,lbs,2026-02-27,30,2026-03-29,16,40,surplus
Los Angeles Regional Food Bank,Los Angeles,Potatoes,produce,387,lbs,2026-03-12,30,2026-04-11,29,89,surplus
Central California Food Bank,Fresno,Oranges,produce,101,lbs,2026-03-13,14,2026-03-27,14,90,balanced
Sacramento Food Bank & Family Services,Sacramento,Canned peas,canned,278,cans,2026-03-11,730,2028-03-10,728,51,surplus
Yolo Food Bank,Woodland,Frozen vegetables mix,protein,213,bags,2026-03-06,365,2027-03-06,358,66,surplus
San Francisco-Marin Food Bank,San Francisco,Onions,produce,58,lbs,2026-02-16,30,2026-03-18,5,34,balanced
Alameda County Community Food Bank,Oakland,Tomatoes,produce,344,lbs,2026-03-09,10,2026-03-19,6,65,surplus
San Francisco-Marin Food Bank,San Francisco,Almond butter,dry,335,jars,2026-03-11,365,2027-03-11,363,91,surplus
Second Harvest of Silicon Valley,San Jose,Canned chickpeas,canned,365,cans,2026-02-22,730,2028-02-22,711,60,surplus
Yolo Food Bank,Woodland,Cheese blocks,dairy,116,blocks,2026-02-23,30,2026-03-25,12,45,balanced
Los Angeles Regional Food Bank,Los Angeles,Butter,dairy,19,packs,2026-02-19,60,2026-04-20,38,108,shortage
Alameda County Community Food Bank,Oakland,Oranges,produce,194,lbs,2026-03-01,14,2026-03-15,2,53,surplus
Second Harvest Food Bank of Orange County,Irvine,Canned soup,canned,364,cans,2026-03-07,540,2027-08-29,534,21,surplus
Los Angeles Regional Food Bank,Los Angeles,Butter,dairy,283,packs,2026-02-21,60,2026-04-22,40,26,surplus
San Francisco-Marin Food Bank,San Francisco,Canned soup,canned,281,cans,2026-03-07,540,2027-08-29,534,42,surplus
Yolo Food Bank,Woodland,Ground turkey frozen,protein,277,packs,2026-02-22,180,2026-08-21,161,117,balanced
Alameda County Community Food Bank,Oakland,Spinach,produce,379,bags,2026-02-21,7,2026-02-28,-13,106,surplus
Alameda County Community Food Bank,Oakland,Oranges,produce,391,lbs,2026-03-06,14,2026-03-20,7,46,surplus
Second Harvest of Silicon Valley,San Jose,Potatoes,produce,36,lbs,2026-02-26,30,2026-03-28,15,56,shortage
San Francisco-Marin Food Bank,San Francisco,Canned salmon,canned,299,cans,2026-02-17,730,2028-02-17,706,66,surplus
Yolo Food Bank,Woodland,Potatoes,produce,228,lbs,2026-02-22,30,2026-03-24,11,75,surplus
Feeding San Diego,San Diego,Macaroni,dry,41,boxes,2026-02-24,730,2028-02-24,713,38,balanced
Central California Food Bank,Fresno,Yogurt cups,dairy,226,cups,2026-03-07,21,2026-03-28,15,26,surplus
Sacramento Food Bank & Family Services,Sacramento,Frozen berries,protein,122,bags,2026-03-12,365,2027-03-12,364,84,balanced
San Francisco-Marin Food Bank,San Francisco,Bananas,produce,38,lbs,2026-03-07,7,2026-03-14,1,56,shortage
Second Harvest Food Bank of Orange County,Irvine,Canned black beans,canned,364,cans,2026-02-18,730,2028-02-18,707,65,surplus
Food Bank of Contra Costa and Solano,Concord,Sugar,dry,198,bags,2026-03-05,730,2028-03-04,722,100,balanced
Los Angeles Regional Food Bank,Los Angeles,Canned tuna,canned,304,cans,2026-03-07,730,2028-03-06,724,88,surplus
Alameda County Community Food Bank,Oakland,Bell peppers,produce,222,lbs,2026-03-09,10,2026-03-19,6,111,balanced
Central California Food Bank,Fresno,Canned chickpeas,canned,378,cans,2026-02-28,730,2028-02-28,717,41,surplus
Alameda County Community Food Bank,Oakland,Potatoes,produce,249,lbs,2026-03-05,30,2026-04-04,22,38,surplus
Second Harvest Food Bank of Orange County,Irvine,Canned carrots,canned,294,cans,2026-02-17,730,2028-02-17,706,46,surplus
Alameda County Community Food Bank,Oakland,Sugar,dry,226,bags,2026-03-12,730,2028-03-11,729,36,surplus
Food Bank of Contra Costa and Solano,Concord,Pasta,dry,163,boxes,2026-03-13,730,2028-03-12,730,32,surplus
Second Harvest Food Bank of Orange County,Irvine,Chicken breast frozen,protein,87,packs,2026-02-16,180,2026-08-15,155,58,balanced
Alameda County Community Food Bank,Oakland,Rice 5lb bag,dry,153,bags,2026-02-26,730,2028-02-26,715,118,balanced
Feeding San Diego,San Diego,Canned tomatoes,canned,229,cans,2026-03-05,730,2028-03-04,722,77,balanced
Alameda County Community Food Bank,Oakland,Flour,dry,381,bags,2026-03-02,365,2027-03-02,354,105,surplus
Yolo Food Bank,Woodland,Frozen vegetables mix,protein,181,bags,2026-03-01,365,2027-03-01,353,108,balanced
Feeding San Diego,San Diego,Brown rice,dry,167,bags,2026-03-02,365,2027-03-02,354,75,balanced
Alameda County Community Food Bank,Oakland,Canned peas,canned,190,cans,2026-03-06,730,2028-03-05,723,98,balanced
Central California Food Bank,Fresno,Cheese blocks,dairy,272,blocks,2026-02-27,30,2026-03-29,16,104,balanced
Sacramento Food Bank & Family Services,Sacramento,Carrots fresh,produce,164,lbs,2026-03-04,21,2026-03-25,12,70,balanced
Food Bank of Contra Costa and Solano,Concord,Lettuce,produce,140,heads,2026-03-13,10,2026-03-23,10,81,balanced
Second Harvest Food Bank of Orange County,Irvine,Pasta,dry,91,boxes,2026-03-02,730,2028-03-01,719,46,balanced
Sacramento Food Bank & Family Services,Sacramento,Ground turkey frozen,protein,71,packs,2026-02-22,180,2026-08-21,161,69,balanced
Alameda County Community Food Bank,Oakland,Spinach,produce,313,bags,2026-03-07,7,2026-03-14,1,63,surplus
Los Angeles Regional Food Bank,Los Angeles,Avocados,produce,12,units,2026-03-01,7,2026-03-08,-5,69,shortage
Second Harvest of Silicon Valley,San Jose,Flour,dry,201,bags,2026-03-04,365,2027-03-04,356,96,balanced
Feeding San Diego,San Diego,Almond butter,dry,355,jars,2026-02-26,365,2027-02-26,350,101,surplus
Alameda County Community Food Bank,Oakland,Oranges,produce,138,lbs,2026-03-07,14,2026-03-21,8,51,balanced
Food Bank of Contra Costa and Solano,Concord,Bananas,produce,111,lbs,2026-03-04,7,2026-03-11,-2,29,surplus
Second Harvest of Silicon Valley,San Jose,Lettuce,produce,376,heads,2026-03-01,10,2026-03-11,-2,84,surplus
Second Harvest Food Bank of Orange County,Irvine,Cereal,dry,329,boxes,2026-02-17,180,2026-08-16,156,82,surplus
Second Harvest Food Bank of Orange County,Irvine,Almond butter,dry,357,jars,2026-02-19,365,2027-02-19,343,115,surplus
San Francisco-Marin Food Bank,San Francisco,Canned tuna,canned,221,cans,2026-02-27,730,2028-02-27,716,117,balanced
Sacramento Food Bank & Family Services,Sacramento,Bell peppers,produce,250,lbs,2026-03-08,10,2026-03-18,5,66,surplus
Central California Food Bank,Fresno,Bananas,produce,256,lbs,2026-02-27,7,2026-03-06,-7,59,surplus
Food Bank of Contra Costa and Solano,Concord,Oatmeal,dry,345,boxes,2026-02-23,365,2027-02-23,347,21,surplus
Alameda County Community Food Bank,Oakland,Cheese blocks,dairy,28,blocks,2026-02-23,30,2026-03-25,12,45,shortage
San Francisco-Marin Food Bank,San Francisco,Cereal,dry,116,boxes,2026-03-09,180,2026-09-05,176,112,balanced
Central California Food Bank,Fresno,Carrots fresh,produce,85,lbs,2026-02-18,21,2026-03-11,-2,60,balanced
Sacramento Food Bank & Family Services,Sacramento,Pasta,dry,165,boxes,2026-02-22,730,2028-02-22,711,108,balanced
Second Harvest of Silicon Valley,San Jose,Canned carrots,canned,392,cans,2026-02-20,730,2028-02-20,709,26,surplus
Food Bank of Contra Costa and Solano,Concord,Canned soup,canned,57,cans,2026-02-27,540,2027-08-21,526,27,balanced
Yolo Food Bank,Woodland,Canned green beans,canned,240,cans,2026-03-02,730,2028-03-01,719,79,surplus
Los Angeles Regional Food Bank,Los Angeles,Carrots fresh,produce,61,lbs,2026-02-28,21,2026-03-21,8,115,shortage
Central California Food Bank,Fresno,Lettuce,produce,252,heads,2026-02-18,10,2026-02-28,-13,33,surplus
Alameda County Community Food Bank,Oakland,Bell peppers,produce,20,lbs,2026-03-07,10,2026-03-17,4,85,shortage
Second Harvest of Silicon Valley,San Jose,Lentils,dry,161,bags,2026-02-17,730,2028-02-17,706,120,balanced
Central California Food Bank,Fresno,Oranges,produce,224,lbs,2026-02-22,14,2026-03-08,-5,92,balanced
Sacramento Food Bank & Family Services,Sacramento,Frozen vegetables mix,protein,159,bags,2026-03-02,365,2027-03-02,354,91,balanced
Los Angeles Regional Food Bank,Los Angeles,Canned salmon,canned,211,cans,2026-02-16,730,2028-02-16,705,115,balanced
Second Harvest of Silicon Valley,San Jose,Frozen vegetables mix,protein,206,bags,2026-03-03,365,2027-03-03,355,69,balanced
Second Harvest Food Bank of Orange County,Irvine,Milk gallons,dairy,343,gallons,2026-02-17,10,2026-02-27,-14,29,surplus
Food Bank of Contra Costa and Solano,Concord,Peanut butter,dry,373,jars,2026-03-05,365,2027-03-05,357,57,surplus
Yolo Food Bank,Woodland,Macaroni,dry,116,boxes,2026-03-12,730,2028-03-11,729,61,balanced
Sacramento Food Bank & Family Services,Sacramento,Chicken breast frozen,protein,178,packs,2026-02-18,180,2026-08-17,157,65,balanced
Feeding San Diego,San Diego,Frozen vegetables mix,protein,377,bags,2026-02-19,365,2027-02-19,343,99,surplus
Food Bank of Contra Costa and Solano,Concord,Spinach,produce,149,bags,2026-02-17,7,2026-02-24,-17,117,balanced
Feeding San Diego,San Diego,Ground turkey frozen,protein,125,packs,2026-03-08,180,2026-09-04,175,74,balanced
Second Harvest Food Bank of Orange County,Irvine,Bell peppers,produce,20,lbs,2026-02-16,10,2026-02-26,-15,42,shortage
Yolo Food Bank,Woodland,Peanut butter,dry,157,jars,2026-03-03,365,2027-03-03,355,27,surplus
Sacramento Food Bank & Family Services,Sacramento,Butter,dairy,334,packs,2026-03-09,60,2026-05-08,56,37,surplus
Sacramento Food Bank & Family Services,Sacramento,Ground turkey frozen,protein,288,packs,2026-03-13,180,2026-09-09,180,110,balanced
Food Bank of Contra Costa and Solano,Concord,Cheese blocks,dairy,216,blocks,2026-03-11,30,2026-04-10,28,116,balanced
Yolo Food Bank,Woodland,Frozen vegetables mix,protein,169,bags,2026-02-18,365,2027-02-18,342,91,balanced
Second Harvest of Silicon Valley,San Jose,Canned soup,canned,100,cans,2026-03-11,540,2027-09-02,538,120,shortage
Food Bank of Contra Costa and Solano,Concord,Macaroni,dry,204,boxes,2026-03-07,730,2028-03-06,724,61,surplus
Sacramento Food Bank & Family Services,Sacramento,Egg cartons,dairy,318,cartons,2026-02-19,21,2026-03-12,-1,91,surplus
Central California Food Bank,Fresno,Oranges,produce,361,lbs,2026-02-27,14,2026-03-13,0,79,surplus
San Francisco-Marin Food Bank,San Francisco,Canned corn,canned,231,cans,2026-03-05,730,2028-03-04,722,43,surplus
Second Harvest Food Bank of Orange County,Irvine,Butter,dairy,361,packs,2026-03-02,60,2026-05-01,49,77,surplus
Central California Food Bank,Fresno,Canned soup,canned,319,cans,2026-03-07,540,2027-08-29,534,49,surplus
San Francisco-Marin Food Bank,San Francisco,Canned tomatoes,canned,87,cans,2026-02-25,730,2028-02-25,714,25,surplus
Second Harvest of Silicon Valley,San Jose,Broccoli,produce,353,lbs,2026-02-22,7,2026-03-01,-12,50,surplus
Alameda County Community Food Bank,Oakland,Canned tomatoes,canned,347,cans,2026-02-20,730,2028-02-20,709,89,surplus
Feeding San Diego,San Diego,Canned green beans,canned,360,cans,2026-02-20,730,2028-02-20,709,36,surplus
Food Bank of Contra Costa and Solano,Concord,Egg cartons,dairy,300,cartons,2026-03-09,21,2026-03-30,17,67,surplus
Food Bank of Contra Costa and Solano,Concord,Canned black beans,canned,330,cans,2026-02-24,730,2028-02-24,713,54,surplus
Alameda County Community Food Bank,Oakland,Canned tuna,canned,119,cans,2026-03-08,730,2028-03-07,725,77,balanced
Alameda County Community Food Bank,Oakland,Potatoes,produce,172,lbs,2026-03-05,30,2026-04-04,22,95,balanced
Feeding San Diego,San Diego,Peanut butter,dry,363,jars,2026-02-18,365,2027-02-18,342,25,surplus
Sacramento Food Bank & Family Services,Sacramento,Frozen vegetables mix,protein,63,bags,2026-03-11,365,2027-03-11,363,26,balanced
Feeding San Diego,San Diego,Egg cartons,dairy,399,cartons,2026-02-23,21,2026-03-16,3,50,surplus
Sacramento Food Bank & Family Services,Sacramento,Onions,produce,194,lbs,2026-03-13,30,2026-04-12,30,71,balanced
San Francisco-Marin Food Bank,San Francisco,Cheese blocks,dairy,382,blocks,2026-02-22,30,2026-03-24,11,110,surplus
San Francisco-Marin Food Bank,San Francisco,Canned chickpeas,canned,319,cans,2026-02-21,730,2028-02-21,710,104,surplus
Sacramento Food Bank & Family Services,Sacramento,Spaghetti,dry,369,boxes,2026-03-02,730,2028-03-01,719,58,surplus
Feeding San Diego,San Diego,Oatmeal,dry,170,boxes,2026-03-12,365,2027-03-12,364,90,balanced
Second Harvest Food Bank of Orange County,Irvine,Canned black beans,canned,96,cans,2026-02-21,730,2028-02-21,710,82,balanced
Los Angeles Regional Food Bank,Los Angeles,Rice 5lb bag,dry,274,bags,2026-02-25,730,2028-02-25,714,118,balanced
Yolo Food Bank,Woodland,Lentils,dry,200,bags,2026-02-27,730,2028-02-27,716,25,surplus
Second Harvest Food Bank of Orange County,Irvine,Canned soup,canned,99,cans,2026-02-26,540,2027-08-20,525,30,surplus
Central California Food Bank,Fresno,Onions,produce,397,lbs,2026-02-17,30,2026-03-19,6,25,surplus
Yolo Food Bank,Woodland,Broccoli,produce,226,lbs,2026-03-06,7,2026-03-13,0,51,surplus
Food Bank of Contra Costa and Solano,Concord,Peanut butter,dry,234,jars,2026-02-27,365,2027-02-27,351,112,balanced
Central California Food Bank,Fresno,Canned salmon,canned,279,cans,2026-03-09,730,2028-03-08,726,58,surplus
Food Bank of Contra Costa and Solano,Concord,Rice 5lb bag,dry,108,bags,2026-03-07,730,2028-03-06,724,37,balanced
Feeding San Diego,San Diego,Brown rice,dry,16,bags,2026-03-13,365,2027-03-13,365,107,shortage
Second Harvest of Silicon Valley,San Jose,Ground turkey frozen,protein,256,packs,2026-03-04,180,2026-08-31,171,23,surplus
Food Bank of Contra Costa and Solano,Concord,Avocados,produce,346,units,2026-02-21,7,2026-02-28,-13,20,surplus
Second Harvest of Silicon Valley,San Jose,Rice 5lb bag,dry,232,bags,2026-03-05,730,2028-03-04,722,92,balanced
Sacramento Food Bank & Family Services,Sacramento,Bananas,produce,231,lbs,2026-02-17,7,2026-02-24,-17,56,surplus
Food Bank of Contra Costa and Solano,Concord,Cereal,dry,101,boxes,2026-03-05,180,2026-09-01,172,97,balanced
San Francisco-Marin Food Bank,San Francisco,Macaroni,dry,238,boxes,2026-02-20,730,2028-02-20,709,85,balanced
Second Harvest of Silicon Valley,San Jose,Chicken breast frozen,protein,253,packs,2026-02-25,180,2026-08-24,164,71,surplus
Sacramento Food Bank & Family Services,Sacramento,Peanut butter,dry,306,jars,2026-03-13,365,2027-03-13,365,87,surplus
Food Bank of Contra Costa and Solano,Concord,Frozen vegetables mix,protein,305,bags,2026-03-04,365,2027-03-04,356,58,surplus
Los Angeles Regional Food Bank,Los Angeles,Canned salmon,canned,155,cans,2026-02-22,730,2028-02-22,711,48,surplus
Feeding San Diego,San Diego,Lettuce,produce,33,heads,2026-03-04,10,2026-03-14,1,36,shortage
San Francisco-Marin Food Bank,San Francisco,Avocados,produce,103,units,2026-03-05,7,2026-03-12,-1,91,balanced
Sacramento Food Bank & Family Services,Sacramento,Canned beans,canned,39,cans,2026-02-21,730,2028-02-21,710,99,shortage
San Francisco-Marin Food Bank,San Francisco,Milk gallons,dairy,296,gallons,2026-02-22,10,2026-03-04,-9,36,surplus
Central California Food Bank,Fresno,Canned beans,canned,326,cans,2026-02-25,730,2028-02-25,714,61,surplus
Sacramento Food Bank & Family Services,Sacramento,Canned tomatoes,canned,97,cans,2026-03-11,730,2028-03-10,728,68,balanced
Sacramento Food Bank & Family Services,Sacramento,Bell peppers,produce,25,lbs,2026-02-18,10,2026-02-28,-13,29,shortage
Alameda County Community Food Bank,Oakland,Canned corn,canned,209,cans,2026-02-26,730,2028-02-26,715,48,surplus
Alameda County Community Food Bank,Oakland,Canned tuna,canned,379,cans,2026-03-05,730,2028-03-04,722,29,surplus
Yolo Food Bank,Woodland,Potatoes,produce,325,lbs,2026-02-16,30,2026-03-18,5,58,surplus
Yolo Food Bank,Woodland,Sugar,dry,48,bags,2026-02-17,730,2028-02-17,706,64,shortage
Feeding San Diego,San Diego,Canned salmon,canned,164,cans,2026-03-09,730,2028-03-08,726,64,balanced
Yolo Food Bank,Woodland,Almond butter,dry,369,jars,2026-02-20,365,2027-02-20,344,74,surplus
Central California Food Bank,Fresno,Canned carrots,canned,353,cans,2026-02-23,730,2028-02-23,712,96,surplus
Alameda County Community Food Bank,Oakland,Pasta,dry,331,boxes,2026-02-27,730,2028-02-27,716,72,surplus
Yolo Food Bank,Woodland,Bananas,produce,288,lbs,2026-03-07,7,2026-03-14,1,60,surplus
Second Harvest of Silicon Valley,San Jose,Canned corn,canned,21,cans,2026-02-18,730,2028-02-18,707,28,shortage
Yolo Food Bank,Woodland,Carrots fresh,produce,310,lbs,2026-03-07,21,2026-03-28,15,65,surplus
Second Harvest of Silicon Valley,San Jose,Milk gallons,dairy,342,gallons,2026-03-01,10,2026-03-11,-2,95,surplus
Yolo Food Bank,Woodland,Yogurt cups,dairy,119,cups,2026-03-13,21,2026-04-03,21,112,balanced
Second Harvest of Silicon Valley,San Jose,Macaroni,dry,158,boxes,2026-02-20,730,2028-02-20,709,83,balanced
Sacramento Food Bank & Family Services,Sacramento,Frozen vegetables mix,protein,205,bags,2026-02-21,365,2027-02-21,345,99,balanced
Sacramento Food Bank & Family Services,Sacramento,Potatoes,produce,175,lbs,2026-03-03,30,2026-04-02,20,71,balanced
Food Bank of Contra Costa and Solano,Concord,Onions,produce,36,lbs,2026-03-04,30,2026-04-03,21,26,balanced
Yolo Food Bank,Woodland,Onions,produce,157,lbs,2026-02-25,30,2026-03-27,14,52,surplus
Second Harvest Food Bank of Orange County,Irvine,Lentils,dry,195,bags,2026-03-01,730,2028-02-29,718,86,balanced
Los Angeles Regional Food Bank,Los Angeles,Canned tomatoes,canned,142,cans,2026-03-13,730,2028-03-12,730,59,balanced
Alameda County Community Food Bank,Oakland,Canned chickpeas,canned,288,cans,2026-02-18,730,2028-02-18,707,41,surplus
Second Harvest of Silicon Valley,San Jose,Almond butter,dry,128,jars,2026-02-19,365,2027-02-19,343,120,balanced
Second Harvest Food Bank of Orange County,Irvine,Butter,dairy,198,packs,2026-03-07,60,2026-05-06,54,51,surplus
Second Harvest Food Bank of Orange County,Irvine,Canned soup,canned,276,cans,2026-02-26,540,2027-08-20,525,46,surplus
Feeding San Diego,San Diego,Canned chickpeas,canned,172,cans,2026-02-19,730,2028-02-19,708,84,balanced
Central California Food Bank,Fresno,Canned peas,canned,34,cans,2026-03-05,730,2028-03-04,722,78,shortage
Central California Food Bank,Fresno,Potatoes,produce,194,lbs,2026-02-22,30,2026-03-24,11,112,balanced
Alameda County Community Food Bank,Oakland,Peanut butter,dry,175,jars,2026-02-26,365,2027-02-26,350,73,balanced
Second Harvest of Silicon Valley,San Jose,Canned tomatoes,canned,109,cans,2026-02-22,730,2028-02-22,711,87,balanced
Central California Food Bank,Fresno,Canned black beans,canned,329,cans,2026-02-22,730,2028-02-22,711,65,surplus
Yolo Food Bank,Woodland,Broccoli,produce,351,lbs,2026-03-11,7,2026-03-18,5,22,surplus
Sacramento Food Bank & Family Services,Sacramento,Egg cartons,dairy,12,cartons,2026-02-16,21,2026-03-09,-4,65,shortage
Second Harvest Food Bank of Orange County,Irvine,Cheese blocks,dairy,216,blocks,2026-03-10,30,2026-04-09,27,84,balanced
Second Harvest of Silicon Valley,San Jose,Pasta,dry,228,boxes,2026-03-02,730,2028-03-01,719,36,surplus
Central California Food Bank,Fresno,Milk gallons,dairy,335,gallons,2026-03-02,10,2026-03-12,-1,73,surplus
Sacramento Food Bank & Family Services,Sacramento,Canned tuna,canned,102,cans,2026-03-05,730,2028-03-04,722,116,shortage
Second Harvest of Silicon Valley,San Jose,Butter,dairy,321,packs,2026-03-08,60,2026-05-07,55,114,balanced
Feeding San Diego,San Diego,Potatoes,produce,179,lbs,2026-02-17,30,2026-03-19,6,44,surplus
San Francisco-Marin Food Bank,San Francisco,Oranges,produce,374,lbs,2026-03-05,14,2026-03-19,6,80,surplus
Food Bank of Contra Costa and Solano,Concord,Ground turkey frozen,protein,51,packs,2026-03-01,180,2026-08-28,168,68,shortage
Sacramento Food Bank & Family Services,Sacramento,Yogurt cups,dairy,235,cups,2026-03-08,21,2026-03-29,16,74,surplus
Los Angeles Regional Food Bank,Los Angeles,Cereal,dry,300,boxes,2026-03-05,180,2026-09-01,172,44,surplus
Second Harvest of Silicon Valley,San Jose,Frozen berries,protein,90,bags,2026-03-11,365,2027-03-11,363,59,balanced
Los Angeles Regional Food Bank,Los Angeles,Macaroni,dry,345,boxes,2026-03-09,730,2028-03-08,726,20,surplus
Los Angeles Regional Food Bank,Los Angeles,Peanut butter,dry,150,jars,2026-02-17,365,2027-02-17,341,71,balanced
San Francisco-Marin Food Bank,San Francisco,Oatmeal,dry,156,boxes,2026-03-06,365,2027-03-06,358,75,balanced
Central California Food Bank,Fresno,Rice 5lb bag,dry,152,bags,2026-03-02,730,2028-03-01,719,98,balanced
San Francisco-Marin Food Bank,San Francisco,Canned carrots,canned,355,cans,2026-03-12,730,2028-03-11,729,112,surplus
Second Harvest Food Bank of Orange County,Irvine,Sugar,dry,59,bags,2026-03-10,730,2028-03-09,727,113,shortage
Sacramento Food Bank & Family Services,Sacramento,Ground turkey frozen,protein,190,packs,2026-02-20,180,2026-08-19,159,69,balanced
Los Angeles Regional Food Bank,Los Angeles,Canned corn,canned,73,cans,2026-03-10,730,2028-03-09,727,39,balanced
San Francisco-Marin Food Bank,San Francisco,Tomatoes,produce,97,lbs,2026-02-28,10,2026-03-10,-3,91,balanced
San Francisco-Marin Food Bank,San Francisco,Sugar,dry,239,bags,2026-02-18,730,2028-02-18,707,62,surplus
Food Bank of Contra Costa and Solano,Concord,Canned salmon,canned,395,cans,2026-03-13,730,2028-03-12,730,87,surplus
Sacramento Food Bank & Family Services,Sacramento,Lettuce,produce,312,heads,2026-02-25,10,2026-03-07,-6,115,balanced
Feeding San Diego,San Diego,Oranges,produce,392,lbs,2026-03-13,14,2026-03-27,14,33,surplus
Feeding San Diego,San Diego,Butter,dairy,215,packs,2026-03-04,60,2026-05-03,51,46,surplus
Feeding San Diego,San Diego,Apples,produce,196,lbs,2026-02-17,21,2026-03-10,-3,33,surplus
Central California Food Bank,Fresno,Canned black beans,canned,101,cans,2026-02-17,730,2028-02-17,706,88,balanced
Feeding San Diego,San Diego,Frozen berries,protein,247,bags,2026-03-07,365,2027-03-07,359,50,surplus
Second Harvest of Silicon Valley,San Jose,Ground turkey frozen,protein,83,packs,2026-03-13,180,2026-09-09,180,116,shortage
Sacramento Food Bank & Family Services,Sacramento,Canned tomatoes,canned,245,cans,2026-02-26,730,2028-02-26,715,99,balanced
Second Harvest Food Bank of Orange County,Irvine,Lettuce,produce,19,heads,2026-03-13,10,2026-03-23,10,87,shortage
Feeding San Diego,San Diego,Almond butter,dry,29,jars,2026-02-20,365,2027-02-20,344,41,shortage
Feeding San Diego,San Diego,Canned soup,canned,365,cans,2026-02-27,540,2027-08-21,526,82,surplus
San Francisco-Marin Food Bank,San Francisco,Rice 5lb bag,dry,267,bags,2026-02-17,730,2028-02-17,706,40,surplus
San Francisco-Marin Food Bank,San Francisco,Peanut butter,dry,233,jars,2026-02-22,365,2027-02-22,346,95,balanced
Central California Food Bank,Fresno,Brown rice,dry,314,bags,2026-02-27,365,2027-02-27,351,70,surplus
Second Harvest of Silicon Valley,San Jose,Bananas,produce,298,lbs,2026-02-27,7,2026-03-06,-7,104,balanced
Central California Food Bank,Fresno,Canned beans,canned,163,cans,2026-03-09,730,2028-03-08,726,70,balanced
Yolo Food Bank,Woodland,Oatmeal,dry,180,boxes,2026-03-12,365,2027-03-12,364,113,balanced
Yolo Food Bank,Woodland,Egg cartons,dairy,62,cartons,2026-03-03,21,2026-03-24,11,86,shortage
Yolo Food Bank,Woodland,Canned beans,canned,24,cans,2026-03-01,730,2028-02-29,718,116,shortage
Feeding San Diego,San Diego,Bananas,produce,195,lbs,2026-02-17,7,2026-02-24,-17,63,surplus
Yolo Food Bank,Woodland,Peanut butter,dry,318,jars,2026-02-24,365,2027-02-24,348,94,surplus
San Francisco-Marin Food Bank,San Francisco,Peanut butter,dry,233,jars,2026-02-23,365,2027-02-23,347,110,balanced
San Francisco-Marin Food Bank,San Francisco,Macaroni,dry,71,boxes,2026-03-06,730,2028-03-05,723,92,shortage
Central California Food Bank,Fresno,Pasta,dry,188,boxes,2026-03-05,730,2028-03-04,722,120,balanced
Sacramento Food Bank & Family Services,Sacramento,Frozen berries,protein,249,bags,2026-02-26,365,2027-02-26,350,51,surplus
Second Harvest Food Bank of Orange County,Irvine,Cereal,dry,206,boxes,2026-03-06,180,2026-09-02,173,96,balanced
Food Bank of Contra Costa and Solano,Concord,Canned black beans,canned,222,cans,2026-02-28,730,2028-02-28,717,37,surplus
Second Harvest of Silicon Valley,San Jose,Ground turkey frozen,protein,210,packs,2026-03-05,180,2026-09-01,172,32,surplus
Los Angeles Regional Food Bank,Los Angeles,Almond butter,dry,87,jars,2026-02-24,365,2027-02-24,348,105,shortage
Feeding San Diego,San Diego,Cheese blocks,dairy,62,blocks,2026-03-06,30,2026-04-05,23,73,shortage
Sacramento Food Bank & Family Services,Sacramento,Oatmeal,dry,118,boxes,2026-02-22,365,2027-02-22,346,88,balanced
Sacramento Food Bank & Family Services,Sacramento,Carrots fresh,produce,14,lbs,2026-02-24,21,2026-03-17,4,103,shortage
San Francisco-Marin Food Bank,San Francisco,Frozen berries,protein,325,bags,2026-02-16,365,2027-02-16,340,44,surplus
Sacramento Food Bank & Family Services,Sacramento,Onions,produce,231,lbs,2026-02-26,30,2026-03-28,15,49,surplus
Sacramento Food Bank & Family Services,Sacramento,Tomatoes,produce,28,lbs,2026-03-10,10,2026-03-20,7,25,balanced
Food Bank of Contra Costa and Solano,Concord,Canned carrots,canned,136,cans,2026-03-12,730,2028-03-11,729,113,balanced
Alameda County Community Food Bank,Oakland,Canned soup,canned,387,cans,2026-02-24,540,2027-08-18,523,42,surplus
Feeding San Diego,San Diego,Canned black beans,canned,255,cans,2026-03-01,730,2028-02-29,718,50,surplus
Second Harvest Food Bank of Orange County,Irvine,Cheese blocks,dairy,100,blocks,2026-03-12,30,2026-04-11,29,102,shortage
Yolo Food Bank,Woodland,Butter,dairy,366,packs,2026-03-04,60,2026-05-03,51,32,surplus
Second Harvest Food Bank of Orange County,Irvine,Egg cartons,dairy,267,cartons,2026-02-21,21,2026-03-14,1,112,balanced
Los Angeles Regional Food Bank,Los Angeles,Canned chickpeas,canned,76,cans,2026-03-04,730,2028-03-03,721,104,shortage
Second Harvest of Silicon Valley,San Jose,Cereal,dry,30,boxes,2026-03-07,180,2026-09-03,174,45,shortage
Feeding San Diego,San Diego,Ground turkey frozen,protein,336,packs,2026-02-21,180,2026-08-20,160,43,surplus
Los Angeles Regional Food Bank,Los Angeles,Potatoes,produce,373,lbs,2026-03-09,30,2026-04-08,26,73,surplus
Central California Food Bank,Fresno,Canned green beans,canned,203,cans,2026-02-24,730,2028-02-24,713,56,surplus
Yolo Food Bank,Woodland,Canned tomatoes,canned,107,cans,2026-02-22,730,2028-02-22,711,94,balanced
San Francisco-Marin Food Bank,San Francisco,Rice 5lb bag,dry,284,bags,2026-03-02,730,2028-03-01,719,114,balanced
Second Harvest of Silicon Valley,San Jose,Chicken breast frozen,protein,378,packs,2026-03-13,180,2026-09-09,180,51,surplus
San Francisco-Marin Food Bank,San Francisco,Canned chickpeas,canned,222,cans,2026-03-13,730,2028-03-12,730,79,balanced
Los Angeles Regional Food Bank,Los Angeles,Broccoli,produce,179,lbs,2026-02-25,7,2026-03-04,-9,86,balanced
San Francisco-Marin Food Bank,San Francisco,Carrots fresh,produce,358,lbs,2026-03-03,21,2026-03-24,11,110,surplus
Feeding San Diego,San Diego,Milk gallons,dairy,173,gallons,2026-03-05,10,2026-03-15,2,88,balanced
Los Angeles Regional Food Bank,Los Angeles,Canned soup,canned,98,cans,2026-03-07,540,2027-08-29,534,36,balanced
Second Harvest of Silicon Valley,San Jose,Chicken breast frozen,protein,66,packs,2026-02-21,180,2026-08-20,160,46,balanced
Los Angeles Regional Food Bank,Los Angeles,Flour,dry,360,bags,2026-02-22,365,2027-02-22,346,98,surplus
Sacramento Food Bank & Family Services,Sacramento,Canned corn,canned,375,cans,2026-02-25,730,2028-02-25,714,103,surplus
Central California Food Bank,Fresno,Almond butter,dry,397,jars,2026-03-10,365,2027-03-10,362,106,surplus
Yolo Food Bank,Woodland,Canned peas,canned,374,cans,2026-03-05,730,2028-03-04,722,64,surplus
Alameda County Community Food Bank,Oakland,Canned black beans,canned,146,cans,2026-03-12,730,2028-03-11,729,78,balanced
Second Harvest Food Bank of Orange County,Irvine,Canned soup,canned,195,cans,2026-03-13,540,2027-09-04,540,59,surplus
Los Angeles Regional Food Bank,Los Angeles,Spaghetti,dry,286,boxes,2026-03-03,730,2028-03-02,720,79,surplus
Central California Food Bank,Fresno,Frozen berries,protein,324,bags,2026-03-13,365,2027-03-13,365,57,surplus
Los Angeles Regional Food Bank,Los Angeles,Canned tomatoes,canned,396,cans,2026-03-09,730,2028-03-08,726,22,surplus
Central California Food Bank,Fresno,Canned tomatoes,canned,274,cans,2026-02-21,730,2028-02-21,710,102,balanced
Yolo Food Bank,Woodland,Yogurt cups,dairy,287,cups,2026-03-04,21,2026-03-25,12,96,balanced
Los Angeles Regional Food Bank,Los Angeles,Bell peppers,produce,391,lbs,2026-03-10,10,2026-03-20,7,62,surplus
Sacramento Food Bank & Family Services,Sacramento,Frozen vegetables mix,protein,251,bags,2026-02-24,365,2027-02-24,348,113,balanced
Feeding San Diego,San Diego,Tomatoes,produce,150,lbs,2026-02-25,10,2026-03-07,-6,87,balanced
Central California Food Bank,Fresno,Chicken breast frozen,protein,325,packs,2026-02-19,180,2026-08-18,158,56,surplus
Alameda County Community Food Bank,Oakland,Avocados,produce,125,units,2026-02-21,7,2026-02-28,-13,89,balanced
Los Angeles Regional Food Bank,Los Angeles,Flour,dry,48,bags,2026-02-25,365,2027-02-25,349,76,shortage
Central California Food Bank,Fresno,Canned tomatoes,canned,361,cans,2026-02-18,730,2028-02-18,707,36,surplus
Food Bank of Contra Costa and Solano,Concord,Yogurt cups,dairy,193,cups,2026-02-19,21,2026-03-12,-1,103,balanced
Second Harvest of Silicon Valley,San Jose,Macaroni,dry,200,boxes,2026-02-22,730,2028-02-22,711,79,balanced
Los Angeles Regional Food Bank,Los Angeles,Canned carrots,canned,377,cans,2026-02-21,730,2028-02-21,710,60,surplus
Central California Food Bank,Fresno,Chicken breast frozen,protein,84,packs,2026-03-07,180,2026-09-03,174,32,balanced
Second Harvest of Silicon Valley,San Jose,Canned green beans,canned,332,cans,2026-02-17,730,2028-02-17,706,48,surplus
Sacramento Food Bank & Family Services,Sacramento,Flour,dry,201,bags,2026-03-01,365,2027-03-01,353,102,balanced
Alameda County Community Food Bank,Oakland,Tomatoes,produce,71,lbs,2026-02-25,10,2026-03-07,-6,25,balanced
Central California Food Bank,Fresno,Canned corn,canned,384,cans,2026-02-26,730,2028-02-26,715,36,surplus
Los Angeles Regional Food Bank,Los Angeles,Spaghetti,dry,250,boxes,2026-03-11,730,2028-03-10,728,104,balanced
Alameda County Community Food Bank,Oakland,Bananas,produce,201,lbs,2026-02-26,7,2026-03-05,-8,49,surplus
Central California Food Bank,Fresno,Canned green beans,canned,116,cans,2026-03-09,730,2028-03-08,726,48,balanced
Sacramento Food Bank & Family Services,Sacramento,Brown rice,dry,394,bags,2026-02-25,365,2027-02-25,349,56,surplus
Second Harvest of Silicon Valley,San Jose,Onions,produce,211,lbs,2026-02-22,30,2026-03-24,11,46,surplus
Los Angeles Regional Food Bank,Los Angeles,Carrots fresh,produce,118,lbs,2026-02-21,21,2026-03-14,1,67,balanced
Los Angeles Regional Food Bank,Los Angeles,Canned black beans,canned,266,cans,2026-03-10,730,2028-03-09,727,60,surplus
Alameda County Community Food Bank,Oakland,Sugar,dry,207,bags,2026-03-08,730,2028-03-07,725,84,balanced
Alameda County Community Food Bank,Oakland,Canned salmon,canned,211,cans,2026-02-23,730,2028-02-23,712,75,balanced
Los Angeles Regional Food Bank,Los Angeles,Canned carrots,canned,161,cans,2026-02-21,730,2028-02-21,710,99,balanced
Second Harvest Food Bank of Orange County,Irvine,Milk gallons,dairy,324,gallons,2026-02-28,10,2026-03-10,-3,83,surplus
Los Angeles Regional Food Bank,Los Angeles,Lettuce,produce,387,heads,2026-03-01,10,2026-03-11,-2,64,surplus
Food Bank of Contra Costa and Solano,Concord,Rice 5lb bag,dry,41,bags,2026-03-04,730,2028-03-03,721,78,shortage
Food Bank of Contra Costa and Solano,Concord,Bell peppers,produce,192,lbs,2026-03-03,10,2026-03-13,0,74,balanced
Los Angeles Regional Food Bank,Los Angeles,Carrots fresh,produce,171,lbs,2026-02-21,21,2026-03-14,1,74,balanced
San Francisco-Marin Food Bank,San Francisco,Ground turkey frozen,protein,277,packs,2026-02-20,180,2026-08-19,159,95,balanced
Second Harvest of Silicon Valley,San Jose,Canned green beans,canned,203,cans,2026-02-16,730,2028-02-16,705,116,balanced
Yolo Food Bank,Woodland,Canned salmon,canned,277,cans,2026-02-24,730,2028-02-24,713,70,surplus
Yolo Food Bank,Woodland,Lettuce,produce,283,heads,2026-02-25,10,2026-03-07,-6,50,surplus
Yolo Food Bank,Woodland,Milk gallons,dairy,289,gallons,2026-03-05,10,2026-03-15,2,115,balanced
Food Bank of Contra Costa and Solano,Concord,Frozen berries,protein,202,bags,2026-02-17,365,2027-02-17,341,116,balanced
Central California Food Bank,Fresno,Spaghetti,dry,76,boxes,2026-03-05,730,2028-03-04,722,70,balanced
Feeding San Diego,San Diego,Cheese blocks,dairy,198,blocks,2026-03-08,30,2026-04-07,25,103,balanced
Yolo Food Bank,Woodland,Yogurt cups,dairy,118,cups,2026-03-03,21,2026-03-24,11,20,surplus
Second Harvest of Silicon Valley,San Jose,Frozen berries,protein,199,bags,2026-02-19,365,2027-02-19,343,67,balanced
Second Harvest Food Bank of Orange County,Irvine,Chicken breast frozen,protein,64,packs,2026-03-03,180,2026-08-30,170,68,shortage
Feeding San Diego,San Diego,Oranges,produce,191,lbs,2026-03-04,14,2026-03-18,5,86,balanced
Food Bank of Contra Costa and Solano,Concord,Ground turkey frozen,protein,357,packs,2026-02-19,180,2026-08-18,158,46,surplus
Food Bank of Contra Costa and Solano,Concord,Bell peppers,produce,65,lbs,2026-03-02,10,2026-03-12,-1,61,balanced
Second Harvest of Silicon Valley,San Jose,Brown rice,dry,236,bags,2026-02-22,365,2027-02-22,346,32,surplus
Second Harvest Food Bank of Orange County,Irvine,Oatmeal,dry,268,boxes,2026-03-04,365,2027-03-04,356,67,surplus
Yolo Food Bank,Woodland,Canned corn,canned,376,cans,2026-02-21,730,2028-02-21,710,61,surplus
San Francisco-Marin Food Bank,San Francisco,Apples,produce,316,lbs,2026-03-05,21,2026-03-26,13,44,surplus
Alameda County Community Food Bank,Oakland,Butter,dairy,350,packs,2026-03-07,60,2026-05-06,54,116,surplus
Feeding San Diego,San Diego,Spinach,produce,296,bags,2026-02-19,7,2026-02-26,-15,95,surplus
San Francisco-Marin Food Bank,San Francisco,Macaroni,dry,260,boxes,2026-03-12,730,2028-03-11,729,33,surplus
Los Angeles Regional Food Bank,Los Angeles,Bananas,produce,394,lbs,2026-02-27,7,2026-03-06,-7,109,surplus
Second Harvest Food Bank of Orange County,Irvine,Canned peas,canned,136,cans,2026-03-03,730,2028-03-02,720,47,balanced
Food Bank of Contra Costa and Solano,Concord,Macaroni,dry,204,boxes,2026-02-26,730,2028-02-26,715,68,balanced
Yolo Food Bank,Woodland,Sugar,dry,328,bags,2026-03-01,730,2028-02-29,718,99,surplus
San Francisco-Marin Food Bank,San Francisco,Rice 5lb bag,dry,291,bags,2026-02-24,730,2028-02-24,713,77,surplus
Feeding San Diego,San Diego,Frozen berries,protein,196,bags,2026-02-22,365,2027-02-22,346,109,balanced
Central California Food Bank,Fresno,Spaghetti,dry,248,boxes,2026-03-08,730,2028-03-07,725,52,surplus
Yolo Food Bank,Woodland,Milk gallons,dairy,173,gallons,2026-03-02,10,2026-03-12,-1,96,balanced
San Francisco-Marin Food Bank,San Francisco,Peanut butter,dry,243,jars,2026-02-20,365,2027-02-20,344,58,surplus
Central California Food Bank,Fresno,Canned black beans,canned,162,cans,2026-03-01,730,2028-02-29,718,72,balanced
Yolo Food Bank,Woodland,Ground turkey frozen,protein,323,packs,2026-03-07,180,2026-09-03,174,45,surplus
Second Harvest of Silicon Valley,San Jose,Broccoli,produce,94,lbs,2026-03-05,7,2026-03-12,-1,50,balanced
Yolo Food Bank,Woodland,Onions,produce,287,lbs,2026-03-10,30,2026-04-09,27,31,surplus
Alameda County Community Food Bank,Oakland,Canned corn,canned,362,cans,2026-02-16,730,2028-02-16,705,29,surplus
Sacramento Food Bank & Family Services,Sacramento,Canned salmon,canned,298,cans,2026-03-05,730,2028-03-04,722,81,surplus
Sacramento Food Bank & Family Services,Sacramento,Flour,dry,118,bags,2026-03-10,365,2027-03-10,362,91,balanced
Second Harvest of Silicon Valley,San Jose,Pasta,dry,319,boxes,2026-03-11,730,2028-03-10,728,79,surplus
Los Angeles Regional Food Bank,Los Angeles,Apples,produce,385,lbs,2026-02-25,21,2026-03-18,5,36,surplus
Central California Food Bank,Fresno,Tomatoes,produce,98,lbs,2026-02-18,10,2026-02-28,-13,71,balanced
Central California Food Bank,Fresno,Bell peppers,produce,16,lbs,2026-02-20,10,2026-03-02,-11,70,shortage
Second Harvest Food Bank of Orange County,Irvine,Egg cartons,dairy,240,cartons,2026-02-17,21,2026-03-10,-3,79,surplus
Yolo Food Bank,Woodland,Canned peas,canned,56,cans,2026-02-19,730,2028-02-19,708,109,shortage
San Francisco-Marin Food Bank,San Francisco,Onions,produce,165,lbs,2026-03-10,30,2026-04-09,27,27,surplus
Sacramento Food Bank & Family Services,Sacramento,Frozen berries,protein,193,bags,2026-03-11,365,2027-03-11,363,71,balanced
Yolo Food Bank,Woodland,Almond butter,dry,245,jars,2026-02-24,365,2027-02-24,348,75,surplus
Los Angeles Regional Food Bank,Los Angeles,Canned green beans,canned,168,cans,2026-02-21,730,2028-02-21,710,45,surplus
San Francisco-Marin Food Bank,San Francisco,Oatmeal,dry,70,boxes,2026-03-12,365,2027-03-12,364,38,balanced
Alameda County Community Food Bank,Oakland,Brown rice,dry,340,bags,2026-03-05,365,2027-03-05,357,83,surplus
San Francisco-Marin Food Bank,San Francisco,Broccoli,produce,149,lbs,2026-03-06,7,2026-03-13,0,78,balanced
Yolo Food Bank,Woodland,Canned beans,canned,225,cans,2026-02-19,730,2028-02-19,708,23,surplus
Food Bank of Contra Costa and Solano,Concord,Cereal,dry,384,boxes,2026-03-10,180,2026-09-06,177,43,surplus
Yolo Food Bank,Woodland,Canned beans,canned,317,cans,2026-02-21,730,2028-02-21,710,82,surplus
Food Bank of Contra Costa and Solano,Concord,Frozen berries,protein,161,bags,2026-02-16,365,2027-02-16,340,67,balanced
Food Bank of Contra Costa and Solano,Concord,Bell peppers,produce,182,lbs,2026-02-23,10,2026-03-05,-8,97,balanced
Food Bank of Contra Costa and Solano,Concord,Lettuce,produce,92,heads,2026-03-01,10,2026-03-11,-2,108,shortage
Food Bank of Contra Costa and Solano,Concord,Milk gallons,dairy,27,gallons,2026-03-11,10,2026-03-21,8,77,shortage
Food Bank of Contra Costa and Solano,Concord,Canned tuna,canned,300,cans,2026-03-08,730,2028-03-07,725,37,surplus
Second Harvest of Silicon Valley,San Jose,Lentils,dry,312,bags,2026-03-08,730,2028-03-07,725,98,surplus
Feeding San Diego,San Diego,Oranges,produce,269,lbs,2026-03-09,14,2026-03-23,10,54,surplus
San Francisco-Marin Food Bank,San Francisco,Canned peas,canned,125,cans,2026-02-23,730,2028-02-23,712,119,balanced
Feeding San Diego,San Diego,Onions,produce,60,lbs,2026-03-07,30,2026-04-06,24,54,balanced
Yolo Food Bank,Woodland,Almond butter,dry,331,jars,2026-02-16,365,2027-02-16,340,66,surplus
Feeding San Diego,San Diego,Canned green beans,canned,145,cans,2026-02-21,730,2028-02-21,710,63,balanced
Central California Food Bank,Fresno,Canned corn,canned,144,cans,2026-02-17,730,2028-02-17,706,106,balanced
Food Bank of Contra Costa and Solano,Concord,Pasta,dry,268,boxes,2026-03-05,730,2028-03-04,722,75,surplus
Los Angeles Regional Food Bank,Los Angeles,Canned salmon,canned,148,cans,2026-03-06,730,2028-03-05,723,34,surplus
Food Bank of Contra Costa and Solano,Concord,Carrots fresh,produce,180,lbs,2026-02-23,21,2026-03-16,3,86,balanced
Los Angeles Regional Food Bank,Los Angeles,Canned black beans,canned,57,cans,2026-03-08,730,2028-03-07,725,102,shortage
Food Bank of Contra Costa and Solano,Concord,Canned soup,canned,238,cans,2026-03-05,540,2027-08-27,532,115,balanced
Food Bank of Contra Costa and Solano,Concord,Yogurt cups,dairy,248,cups,2026-02-23,21,2026-03-16,3,92,balanced
Second Harvest Food Bank of Orange County,Irvine,Canned tomatoes,canned,307,cans,2026-02-16,730,2028-02-16,705,59,surplus
Central California Food Bank,Fresno,Canned beans,canned,150,cans,2026-02-27,730,2028-02-27,716,47,surplus
Feeding San Diego,San Diego,Apples,produce,368,lbs,2026-02-25,21,2026-03-18,5,73,surplus
San Francisco-Marin Food Bank,San Francisco,Canned salmon,canned,334,cans,2026-03-04,730,2028-03-03,721,67,surplus
Second Harvest Food Bank of Orange County,Irvine,Canned carrots,canned,390,cans,2026-03-10,730,2028-03-09,727,54,surplus
Los Angeles Regional Food Bank,Los Angeles,Canned beans,canned,324,cans,2026-03-01,730,2028-02-29,718,101,surplus
San Francisco-Marin Food Bank,San Francisco,Avocados,produce,152,units,2026-02-18,7,2026-02-25,-16,110,balanced
Alameda County Community Food Bank,Oakland,Lentils,dry,392,bags,2026-03-05,730,2028-03-04,722,34,surplus
San Francisco-Marin Food Bank,San Francisco,Canned chickpeas,canned,243,cans,2026-03-01,730,2028-02-29,718,48,surplus
Second Harvest of Silicon Valley,San Jose,Canned green beans,canned,164,cans,2026-03-01,730,2028-02-29,718,40,surplus
Sacramento Food Bank & Family Services,Sacramento,Canned corn,canned,163,cans,2026-02-23,730,2028-02-23,712,89,balanced
Yolo Food Bank,Woodland,Canned black beans,canned,315,cans,2026-02-22,730,2028-02-22,711,87,surplus
Sacramento Food Bank & Family Services,Sacramento,Lentils,dry,38,bags,2026-03-03,730,2028-03-02,720,59,shortage
Feeding San Diego,San Diego,Cheese blocks,dairy,334,blocks,2026-03-12,30,2026-04-11,29,47,surplus
Central California Food Bank,Fresno,Brown rice,dry,155,bags,2026-03-06,365,2027-03-06,358,101,balanced
Alameda County Community Food Bank,Oakland,Carrots fresh,produce,182,lbs,2026-03-05,21,2026-03-26,13,69,balanced
Los Angeles Regional Food Bank,Los Angeles,Yogurt cups,dairy,359,cups,2026-02-18,21,2026-03-11,-2,90,surplus
Central California Food Bank,Fresno,Egg cartons,dairy,331,cartons,2026-03-05,21,2026-03-26,13,37,surplus
Los Angeles Regional Food Bank,Los Angeles,Butter,dairy,161,packs,2026-03-08,60,2026-05-07,55,118,balanced
Sacramento Food Bank & Family Services,Sacramento,Cereal,dry,282,boxes,2026-02-23,180,2026-08-22,162,57,surplus
Feeding San Diego,San Diego,Canned salmon,canned,105,cans,2026-03-08,730,2028-03-07,725,34,surplus
Feeding San Diego,San Diego,Peanut butter,dry,226,jars,2026-02-27,365,2027-02-27,351,66,surplus
Second Harvest Food Bank of Orange County,Irvine,Frozen berries,protein,185,bags,2026-02-16,365,2027-02-16,340,117,balanced
Food Bank of Contra Costa and Solano,Concord,Broccoli,produce,251,lbs,2026-03-03,7,2026-03-10,-3,61,surplus
Central California Food Bank,Fresno,Canned soup,canned,75,cans,2026-02-22,540,2027-08-16,521,64,balanced
Alameda County Community Food Bank,Oakland,Rice 5lb bag,dry,81,bags,2026-03-03,730,2028-03-02,720,70,balanced
Alameda County Community Food Bank,Oakland,Canned salmon,canned,116,cans,2026-02-21,730,2028-02-21,710,56,balanced
Alameda County Community Food Bank,Oakland,Canned green beans,canned,155,cans,2026-03-10,730,2028-03-09,727,43,surplus
Los Angeles Regional Food Bank,Los Angeles,Apples,produce,271,lbs,2026-02-27,21,2026-03-20,7,35,surplus
Central California Food Bank,Fresno,Pasta,dry,31,boxes,2026-03-08,730,2028-03-07,725,21,balanced
Food Bank of Contra Costa and Solano,Concord,Butter,dairy,254,packs,2026-02-16,60,2026-04-17,35,92,balanced
Yolo Food Bank,Woodland,Macaroni,dry,41,boxes,2026-02-24,730,2028-02-24,713,117,shortage
Los Angeles Regional Food Bank,Los Angeles,Avocados,produce,168,units,2026-02-19,7,2026-02-26,-15,66,balanced
Central California Food Bank,Fresno,Yogurt cups,dairy,21,cups,2026-02-22,21,2026-03-15,2,116,shortage
Los Angeles Regional Food Bank,Los Angeles,Lettuce,produce,351,heads,2026-03-04,10,2026-03-14,1,103,surplus
Second Harvest Food Bank of Orange County,Irvine,Macaroni,dry,74,boxes,2026-02-23,730,2028-02-23,712,104,shortage
Food Bank of Contra Costa and Solano,Concord,Canned black beans,canned,206,cans,2026-03-02,730,2028-03-01,719,53,surplus
Sacramento Food Bank & Family Services,Sacramento,Canned peas,canned,53,cans,2026-03-03,730,2028-03-02,720,80,shortage
Second Harvest Food Bank of Orange County,Irvine,Canned black beans,canned,183,cans,2026-03-08,730,2028-03-07,725,114,balanced
Feeding San Diego,San Diego,Frozen vegetables mix,protein,242,bags,2026-02-21,365,2027-02-21,345,49,surplus
Yolo Food Bank,Woodland,Oatmeal,dry,352,boxes,2026-03-02,365,2027-03-02,354,110,surplus
San Francisco-Marin Food Bank,San Francisco,Canned peas,canned,226,cans,2026-03-10,730,2028-03-09,727,59,surplus
Sacramento Food Bank & Family Services,Sacramento,Pasta,dry,229,boxes,2026-03-02,730,2028-03-01,719,26,surplus
Second Harvest of Silicon Valley,San Jose,Pasta,dry,308,boxes,2026-03-01,730,2028-02-29,718,113,balanced
Feeding San Diego,San Diego,Canned carrots,canned,55,cans,2026-02-17,730,2028-02-17,706,20,balanced
San Francisco-Marin Food Bank,San Francisco,Pasta,dry,189,boxes,2026-03-02,730,2028-03-01,719,59,surplus
Second Harvest of Silicon Valley,San Jose,Oatmeal,dry,364,boxes,2026-03-10,365,2027-03-10,362,113,surplus
Los Angeles Regional Food Bank,Los Angeles,Canned tomatoes,canned,190,cans,2026-03-01,730,2028-02-29,718,42,surplus
Alameda County Community Food Bank,Oakland,Lentils,dry,204,bags,2026-03-08,730,2028-03-07,725,63,surplus
Yolo Food Bank,Woodland,Almond butter,dry,144,jars,2026-03-06,365,2027-03-06,358,87,balanced
Second Harvest Food Bank of Orange County,Irvine,Avocados,produce,256,units,2026-03-09,7,2026-03-16,3,113,balanced
Central California Food Bank,Fresno,Frozen berries,protein,46,bags,2026-03-07,365,2027-03-07,359,55,shortage
Second Harvest of Silicon Valley,San Jose,Canned green beans,canned,186,cans,2026-03-01,730,2028-02-29,718,31,surplus
Second Harvest of Silicon Valley,San Jose,Peanut butter,dry,71,jars,2026-02-16,365,2027-02-16,340,25,balanced
Food Bank of Contra Costa and Solano,Concord,Canned tuna,canned,150,cans,2026-02-25,730,2028-02-25,714,115,balanced
Feeding San Diego,San Diego,Almond butter,dry,175,jars,2026-03-11,365,2027-03-11,363,90,balanced
Food Bank of Contra Costa and Solano,Concord,Apples,produce,304,lbs,2026-02-22,21,2026-03-15,2,44,surplus
Sacramento Food Bank & Family Services,Sacramento,Frozen vegetables mix,protein,338,bags,2026-02-19,365,2027-02-19,343,47,surplus
San Francisco-Marin Food Bank,San Francisco,Bell peppers,produce,61,lbs,2026-02-23,10,2026-03-05,-8,93,shortage
Sacramento Food Bank & Family Services,Sacramento,Broccoli,produce,115,lbs,2026-03-06,7,2026-03-13,0,117,shortage
Central California Food Bank,Fresno,Potatoes,produce,362,lbs,2026-03-10,30,2026-04-09,27,32,surplus
Second Harvest of Silicon Valley,San Jose,Apples,produce,65,lbs,2026-03-09,21,2026-03-30,17,59,balanced
Feeding San Diego,San Diego,Ground turkey frozen,protein,373,packs,2026-02-18,180,2026-08-17,157,103,surplus
Los Angeles Regional Food Bank,Los Angeles,Cereal,dry,253,boxes,2026-03-13,180,2026-09-09,180,110,balanced
Feeding San Diego,San Diego,Brown rice,dry,138,bags,2026-03-12,365,2027-03-12,364,52,balanced
Second Harvest Food Bank of Orange County,Irvine,Rice 5lb bag,dry,363,bags,2026-02-20,730,2028-02-20,709,91,surplus
Alameda County Community Food Bank,Oakland,Onions,produce,355,lbs,2026-03-06,30,2026-04-05,23,72,surplus
Alameda County Community Food Bank,Oakland,Canned salmon,canned,43,cans,2026-02-17,730,2028-02-17,706,86,shortage
Second Harvest Food Bank of Orange County,Irvine,Almond butter,dry,333,jars,2026-02-17,365,2027-02-17,341,27,surplus
Second Harvest of Silicon Valley,San Jose,Canned chickpeas,canned,370,cans,2026-02-27,730,2028-02-27,716,74,surplus
Central California Food Bank,Fresno,Cereal,dry,280,boxes,2026-03-09,180,2026-09-05,176,62,surplus
Yolo Food Bank,Woodland,Lentils,dry,219,bags,2026-03-02,730,2028-03-01,719,73,balanced
Second Harvest Food Bank of Orange County,Irvine,Canned carrots,canned,397,cans,2026-02-18,730,2028-02-18,707,23,surplus
Yolo Food Bank,Woodland,Yogurt cups,dairy,330,cups,2026-02-27,21,2026-03-20,7,66,surplus
Second Harvest Food Bank of Orange County,Irvine,Butter,dairy,294,packs,2026-02-23,60,2026-04-24,42,74,surplus
Alameda County Community Food Bank,Oakland,Canned beans,canned,116,cans,2026-02-23,730,2028-02-23,712,108,balanced
Alameda County Community Food Bank,Oakland,Pasta,dry,254,boxes,2026-03-12,730,2028-03-11,729,34,surplus
Yolo Food Bank,Woodland,Apples,produce,146,lbs,2026-03-05,21,2026-03-26,13,109,balanced
Food Bank of Contra Costa and Solano,Concord,Ground turkey frozen,protein,340,packs,2026-02-16,180,2026-08-15,155,104,surplus
Central California Food Bank,Fresno,Canned black beans,canned,97,cans,2026-02-21,730,2028-02-21,710,95,balanced
Yolo Food Bank,Woodland,Spinach,produce,199,bags,2026-02-26,7,2026-03-05,-8,52,surplus
Sacramento Food Bank & Family Services,Sacramento,Canned salmon,canned,382,cans,2026-02-21,730,2028-02-21,710,118,surplus
Sacramento Food Bank & Family Services,Sacramento,Butter,dairy,332,packs,2026-03-10,60,2026-05-09,57,108,surplus
Food Bank of Contra Costa and Solano,Concord,Milk gallons,dairy,62,gallons,2026-03-13,10,2026-03-23,10,101,shortage
Second Harvest Food Bank of Orange County,Irvine,Canned tuna,canned,224,cans,2026-02-27,730,2028-02-27,716,75,balanced
Food Bank of Contra Costa and Solano,Concord,Almond butter,dry,292,jars,2026-03-02,365,2027-03-02,354,88,surplus
Alameda County Community Food Bank,Oakland,Milk gallons,dairy,197,gallons,2026-03-11,10,2026-03-21,8,96,balanced
Central California Food Bank,Fresno,Cereal,dry,122,boxes,2026-03-01,180,2026-08-28,168,115,balanced
Second Harvest of Silicon Valley,San Jose,Frozen berries,protein,259,bags,2026-02-24,365,2027-02-24,348,46,surplus
Sacramento Food Bank & Family Services,Sacramento,Carrots fresh,produce,200,lbs,2026-03-05,21,2026-03-26,13,50,surplus
Feeding San Diego,San Diego,Broccoli,produce,383,lbs,2026-02-18,7,2026-02-25,-16,109,surplus
Sacramento Food Bank & Family Services,Sacramento,Tomatoes,produce,189,lbs,2026-03-12,10,2026-03-22,9,93,balanced
San Francisco-Marin Food Bank,San Francisco,Canned salmon,canned,367,cans,2026-02-17,730,2028-02-17,706,71,surplus
Los Angeles Regional Food Bank,Los Angeles,Oranges,produce,241,lbs,2026-03-06,14,2026-03-20,7,39,surplus
Yolo Food Bank,Woodland,Macaroni,dry,314,boxes,2026-02-21,730,2028-02-21,710,76,surplus
San Francisco-Marin Food Bank,San Francisco,Canned peas,canned,319,cans,2026-03-09,730,2028-03-08,726,21,surplus
Second Harvest Food Bank of Orange County,Irvine,Canned green beans,canned,354,cans,2026-03-09,730,2028-03-08,726,62,surplus
Alameda County Community Food Bank,Oakland,Peanut butter,dry,211,jars,2026-02-21,365,2027-02-21,345,71,balanced
San Francisco-Marin Food Bank,San Francisco,Canned corn,canned,52,cans,2026-02-20,730,2028-02-20,709,112,shortage
Central California Food Bank,Fresno,Tomatoes,produce,352,lbs,2026-03-10,10,2026-03-20,7,80,surplus
San Francisco-Marin Food Bank,San Francisco,Lettuce,produce,293,heads,2026-02-25,10,2026-03-07,-6,111,balanced
Second Harvest of Silicon Valley,San Jose,Bell peppers,produce,389,lbs,2026-03-05,10,2026-03-15,2,68,surplus
Feeding San Diego,San Diego,Canned black beans,canned,132,cans,2026-02-20,730,2028-02-20,709,66,balanced
Los Angeles Regional Food Bank,Los Angeles,Canned corn,canned,360,cans,2026-03-10,730,2028-03-09,727,30,surplus
Alameda County Community Food Bank,Oakland,Lentils,dry,268,bags,2026-02-25,730,2028-02-25,714,81,surplus
Second Harvest Food Bank of Orange County,Irvine,Canned tomatoes,canned,353,cans,2026-02-21,730,2028-02-21,710,53,surplus
San Francisco-Marin Food Bank,San Francisco,Canned chickpeas,canned,216,cans,2026-03-02,730,2028-03-01,719,87,balanced
Los Angeles Regional Food Bank,Los Angeles,Brown rice,dry,198,bags,2026-03-06,365,2027-03-06,358,30,surplus
Second Harvest of Silicon Valley,San Jose,Cereal,dry,63,boxes,2026-03-05,180,2026-09-01,172,67,shortage
Second Harvest of Silicon Valley,San Jose,Cereal,dry,125,boxes,2026-02-23,180,2026-08-22,162,82,balanced
Los Angeles Regional Food Bank,Los Angeles,Onions,produce,189,lbs,2026-02-25,30,2026-03-27,14,47,surplus
Second Harvest of Silicon Valley,San Jose,Canned tomatoes,canned,198,cans,2026-03-12,730,2028-03-11,729,40,surplus
Sacramento Food Bank & Family Services,Sacramento,Canned carrots,canned,264,cans,2026-02-16,730,2028-02-16,705,111,balanced
Second Harvest Food Bank of Orange County,Irvine,Milk gallons,dairy,199,gallons,2026-03-01,10,2026-03-11,-2,77,balanced
San Francisco-Marin Food Bank,San Francisco,Potatoes,produce,135,lbs,2026-02-28,30,2026-03-30,17,37,surplus
Second Harvest Food Bank of Orange County,Irvine,Cereal,dry,340,boxes,2026-02-27,180,2026-08-26,166,59,surplus
Second Harvest of Silicon Valley,San Jose,Onions,produce,268,lbs,2026-02-24,30,2026-03-26,13,85,surplus
Los Angeles Regional Food Bank,Los Angeles,Canned corn,canned,246,cans,2026-02-19,730,2028-02-19,708,28,surplus
Second Harvest of Silicon Valley,San Jose,Canned green beans,canned,85,cans,2026-03-13,730,2028-03-12,730,62,balanced
Feeding San Diego,San Diego,Canned carrots,canned,375,cans,2026-03-03,730,2028-03-02,720,76,surplus
Second Harvest Food Bank of Orange County,Irvine,Canned carrots,canned,103,cans,2026-02-17,730,2028-02-17,706,28,surplus
Sacramento Food Bank & Family Services,Sacramento,Canned chickpeas,canned,340,cans,2026-02-25,730,2028-02-25,714,87,surplus
Alameda County Community Food Bank,Oakland,Ground turkey frozen,protein,27,packs,2026-03-11,180,2026-09-07,178,120,shortage
Yolo Food Bank,Woodland,Sugar,dry,229,bags,2026-02-20,730,2028-02-20,709,66,surplus
Feeding San Diego,San Diego,Chicken breast frozen,protein,89,packs,2026-02-27,180,2026-08-26,166,24,surplus
Second Harvest Food Bank of Orange County,Irvine,Oatmeal,dry,72,boxes,2026-03-09,365,2027-03-09,361,50,balanced
San Francisco-Marin Food Bank,San Francisco,Canned chickpeas,canned,75,cans,2026-03-04,730,2028-03-03,721,112,shortage
Food Bank of Contra Costa and Solano,Concord,Spaghetti,dry,364,boxes,2026-03-04,730,2028-03-03,721,53,surplus
Second Harvest Food Bank of Orange County,Irvine,Canned peas,canned,217,cans,2026-02-23,730,2028-02-23,712,104,balanced
San Francisco-Marin Food Bank,San Francisco,Canned peas,canned,157,cans,2026-02-22,730,2028-02-22,711,58,balanced
Second Harvest of Silicon Valley,San Jose,Brown rice,dry,32,bags,2026-03-01,365,2027-03-01,353,107,shortage
Los Angeles Regional Food Bank,Los Angeles,Almond butter,dry,12,jars,2026-02-23,365,2027-02-23,347,23,shortage
Second Harvest Food Bank of Orange County,Irvine,Lentils,dry,23,bags,2026-03-07,730,2028-03-06,724,88,shortage
Alameda County Community Food Bank,Oakland,Brown rice,dry,359,bags,2026-03-08,365,2027-03-08,360,76,surplus
Second Harvest Food Bank of Orange County,Irvine,Canned tomatoes,canned,185,cans,2026-02-28,730,2028-02-28,717,32,surplus
Second Harvest of Silicon Valley,San Jose,Frozen vegetables mix,protein,346,bags,2026-02-17,365,2027-02-17,341,22,surplus
Feeding San Diego,San Diego,Yogurt cups,dairy,350,cups,2026-03-05,21,2026-03-26,13,27,surplus
San Francisco-Marin Food Bank,San Francisco,Flour,dry,175,bags,2026-02-26,365,2027-02-26,350,76,balanced
Yolo Food Bank,Woodland,Egg cartons,dairy,29,cartons,2026-03-02,21,2026-03-23,10,43,shortage
Second Harvest of Silicon Valley,San Jose,Canned tomatoes,canned,154,cans,2026-03-11,730,2028-03-10,728,37,surplus
Food Bank of Contra Costa and Solano,Concord,Egg cartons,dairy,17,cartons,2026-03-03,21,2026-03-24,11,28,shortage
Feeding San Diego,San Diego,Frozen berries,protein,381,bags,2026-02-26,365,2027-02-26,350,75,surplus
Second Harvest of Silicon Valley,San Jose,Canned beans,canned,81,cans,2026-02-21,730,2028-02-21,710,63,balanced
Central California Food Bank,Fresno,Egg cartons,dairy,313,cartons,2026-02-20,21,2026-03-13,0,75,surplus
Second Harvest Food Bank of Orange County,Irvine,Frozen vegetables mix,protein,270,bags,2026-03-13,365,2027-03-13,365,21,surplus
Feeding San Diego,San Diego,Chicken breast frozen,protein,26,packs,2026-02-21,180,2026-08-20,160,97,shortage
Sacramento Food Bank & Family Services,Sacramento,Peanut butter,dry,157,jars,2026-02-16,365,2027-02-16,340,107,balanced
Alameda County Community Food Bank,Oakland,Spinach,produce,371,bags,2026-03-09,7,2026-03-16,3,30,surplus
Second Harvest Food Bank of Orange County,Irvine,Pasta,dry,258,boxes,2026-03-10,730,2028-03-09,727,43,surplus
Feeding San Diego,San Diego,Bell peppers,produce,55,lbs,2026-02-20,10,2026-03-02,-11,77,shortage
Alameda County Community Food Bank,Oakland,Cereal,dry,302,boxes,2026-03-12,180,2026-09-08,179,118,balanced
Food Bank of Contra Costa and Solano,Concord,Canned green beans,canned,127,cans,2026-02-19,730,2028-02-19,708,28,surplus
Alameda County Community Food Bank,Oakland,Spinach,produce,300,bags,2026-02-26,7,2026-03-05,-8,47,surplus
Central California Food Bank,Fresno,Canned tomatoes,canned,394,cans,2026-02-28,730,2028-02-28,717,41,surplus
Central California Food Bank,Fresno,Lentils,dry,298,bags,2026-02-18,730,2028-02-18,707,94,surplus
Alameda County Community Food Bank,Oakland,Bananas,produce,322,lbs,2026-03-04,7,2026-03-11,-2,44,surplus
Feeding San Diego,San Diego,Canned corn,canned,279,cans,2026-02-20,730,2028-02-20,709,34,surplus
Sacramento Food Bank & Family Services,Sacramento,Frozen berries,protein,288,bags,2026-03-05,365,2027-03-05,357,24,surplus
Second Harvest of Silicon Valley,San Jose,Canned tuna,canned,156,cans,2026-03-07,730,2028-03-06,724,100,balanced
Yolo Food Bank,Woodland,Carrots fresh,produce,232,lbs,2026-02-25,21,2026-03-18,5,62,surplus
Alameda County Community Food Bank,Oakland,Oranges,produce,210,lbs,2026-02-20,14,2026-03-06,-7,96,balanced
Alameda County Community Food Bank,Oakland,Cheese blocks,dairy,337,blocks,2026-02-20,30,2026-03-22,9,66,surplus
Feeding San Diego,San Diego,Oatmeal,dry,18,boxes,2026-03-08,365,2027-03-08,360,27,shortage
Yolo Food Bank,Woodland,Apples,produce,227,lbs,2026-02-16,21,2026-03-09,-4,42,surplus
Alameda County Community Food Bank,Oakland,Tomatoes,produce,114,lbs,2026-02-24,10,2026-03-06,-7,108,balanced
Sacramento Food Bank & Family Services,Sacramento,Apples,produce,155,lbs,2026-03-09,21,2026-03-30,17,60,balanced
Food Bank of Contra Costa and Solano,Concord,Apples,produce,152,lbs,2026-02-21,21,2026-03-14,1,73,balanced
Los Angeles Regional Food Bank,Los Angeles,Cheese blocks,dairy,156,blocks,2026-02-19,30,2026-03-21,8,52,balanced
Central California Food Bank,Fresno,Spinach,produce,78,bags,2026-03-12,7,2026-03-19,6,48,balanced
San Francisco-Marin Food Bank,San Francisco,Rice 5lb bag,dry,187,bags,2026-02-16,730,2028-02-16,705,39,surplus
Food Bank of Contra Costa and Solano,Concord,Cheese blocks,dairy,193,blocks,2026-02-21,30,2026-03-23,10,74,balanced
Yolo Food Bank,Woodland,Oatmeal,dry,395,boxes,2026-02-25,365,2027-02-25,349,67,surplus
Yolo Food Bank,Woodland,Flour,dry,264,bags,2026-02-27,365,2027-02-27,351,90,balanced
Second Harvest Food Bank of Orange County,Irvine,Frozen vegetables mix,protein,94,bags,2026-03-01,365,2027-03-01,353,28,surplus
Alameda County Community Food Bank,Oakland,Canned soup,canned,17,cans,2026-03-13,540,2027-09-04,540,79,shortage
San Francisco-Marin Food Bank,San Francisco,Almond butter,dry,170,jars,2026-03-12,365,2027-03-12,364,37,surplus
Sacramento Food Bank & Family Services,Sacramento,Canned chickpeas,canned,170,cans,2026-02-18,730,2028-02-18,707,72,balanced
Food Bank of Contra Costa and Solano,Concord,Canned tuna,canned,130,cans,2026-03-10,730,2028-03-09,727,46,balanced
Second Harvest of Silicon Valley,San Jose,Bell peppers,produce,302,lbs,2026-02-25,10,2026-03-07,-6,80,surplus
Food Bank of Contra Costa and Solano,Concord,Peanut butter,dry,247,jars,2026-02-18,365,2027-02-18,342,24,surplus
Second Harvest Food Bank of Orange County,Irvine,Oatmeal,dry,276,boxes,2026-02-17,365,2027-02-17,341,76,surplus
Yolo Food Bank,Woodland,Almond butter,dry,361,jars,2026-03-08,365,2027-03-08,360,47,surplus
Yolo Food Bank,Woodland,Bell peppers,produce,102,lbs,2026-02-28,10,2026-03-10,-3,39,balanced
Second Harvest Food Bank of Orange County,Irvine,Sugar,dry,43,bags,2026-02-16,730,2028-02-16,705,75,shortage
Second Harvest Food Bank of Orange County,Irvine,Rice 5lb bag,dry,114,bags,2026-03-09,730,2028-03-08,726,36,surplus
Alameda County Community Food Bank,Oakland,Lentils,dry,185,bags,2026-02-23,730,2028-02-23,712,64,balanced
Los Angeles Regional Food Bank,Los Angeles,Rice 5lb bag,dry,223,bags,2026-03-01,730,2028-02-29,718,36,surplus
Yolo Food Bank,Woodland,Canned tuna,canned,123,cans,2026-02-16,730,2028-02-16,705,102,balanced
Food Bank of Contra Costa and Solano,Concord,Chicken breast frozen,protein,159,packs,2026-03-12,180,2026-09-08,179,37,surplus
San Francisco-Marin Food Bank,San Francisco,Brown rice,dry,264,bags,2026-03-06,365,2027-03-06,358,22,surplus
Second Harvest of Silicon Valley,San Jose,Oranges,produce,108,lbs,2026-03-04,14,2026-03-18,5,33,surplus
Food Bank of Contra Costa and Solano,Concord,Tomatoes,produce,13,lbs,2026-02-17,10,2026-02-27,-14,88,shortage
Sacramento Food Bank & Family Services,Sacramento,Spinach,produce,37,bags,2026-02-26,7,2026-03-05,-8,57,shortage
Second Harvest Food Bank of Orange County,Irvine,Milk gallons,dairy,25,gallons,2026-02-17,10,2026-02-27,-14,76,shortage
Sacramento Food Bank & Family Services,Sacramento,Cereal,dry,141,boxes,2026-02-23,180,2026-08-22,162,49,balanced
Feeding San Diego,San Diego,Bell peppers,produce,220,lbs,2026-02-21,10,2026-03-03,-10,47,surplus
Second Harvest Food Bank of Orange County,Irvine,Macaroni,dry,226,boxes,2026-03-07,730,2028-03-06,724,65,surplus
San Francisco-Marin Food Bank,San Francisco,Canned carrots,canned,197,cans,2026-02-22,730,2028-02-22,711,98,balanced
Sacramento Food Bank & Family Services,Sacramento,Sugar,dry,162,bags,2026-02-27,730,2028-02-27,716,96,balanced
Central California Food Bank,Fresno,Apples,produce,19,lbs,2026-02-25,21,2026-03-18,5,39,shortage
Second Harvest Food Bank of Orange County,Irvine,Cheese blocks,dairy,232,blocks,2026-03-13,30,2026-04-12,30,99,balanced
Sacramento Food Bank & Family Services,Sacramento,Cereal,dry,48,boxes,2026-03-04,180,2026-08-31,171,82,shortage
Sacramento Food Bank & Family Services,Sacramento,Oranges,produce,125,lbs,2026-02-23,14,2026-03-09,-4,96,balanced
Los Angeles Regional Food Bank,Los Angeles,Bell peppers,produce,132,lbs,2026-02-26,10,2026-03-08,-5,72,balanced
Central California Food Bank,Fresno,Chicken breast frozen,protein,24,packs,2026-03-12,180,2026-09-08,179,41,shortage
Second Harvest of Silicon Valley,San Jose,Canned black beans,canned,359,cans,2026-02-19,730,2028-02-19,708,99,surplus
Alameda County Community Food Bank,Oakland,Canned tuna,canned,161,cans,2026-03-01,730,2028-02-29,718,20,surplus
Second Harvest of Silicon Valley,San Jose,Canned corn,canned,290,cans,2026-02-22,730,2028-02-22,711,35,surplus
Alameda County Community Food Bank,Oakland,Canned beans,canned,251,cans,2026-02-22,730,2028-02-22,711,52,surplus
San Francisco-Marin Food Bank,San Francisco,Bananas,produce,162,lbs,2026-02-22,7,2026-03-01,-12,47,surplus
Second Harvest of Silicon Valley,San Jose,Broccoli,produce,329,lbs,2026-02-25,7,2026-03-04,-9,83,surplus
Second Harvest Food Bank of Orange County,Irvine,Flour,dry,284,bags,2026-03-07,365,2027-03-07,359,72,surplus
Yolo Food Bank,Woodland,Oatmeal,dry,60,boxes,2026-02-22,365,2027-02-22,346,93,shortage
Food Bank of Contra Costa and Solano,Concord,Canned carrots,canned,230,cans,2026-02-21,730,2028-02-21,710,23,surplus
Second Harvest of Silicon Valley,San Jose,Apples,produce,357,lbs,2026-02-18,21,2026-03-11,-2,22,surplus
Los Angeles Regional Food Bank,Los Angeles,Canned soup,canned,29,cans,2026-03-09,540,2027-08-31,536,27,balanced
Second Harvest of Silicon Valley,San Jose,Milk gallons,dairy,142,gallons,2026-02-27,10,2026-03-09,-4,49,balanced
Yolo Food Bank,Woodland,Canned tomatoes,canned,44,cans,2026-03-03,730,2028-03-02,720,53,shortage
Central California Food Bank,Fresno,Canned corn,canned,223,cans,2026-03-07,730,2028-03-06,724,70,surplus
Yolo Food Bank,Woodland,Apples,produce,200,lbs,2026-02-26,21,2026-03-19,6,104,balanced
Alameda County Community Food Bank,Oakland,Bell peppers,produce,371,lbs,2026-03-10,10,2026-03-20,7,30,surplus
Food Bank of Contra Costa and Solano,Concord,Canned beans,canned,232,cans,2026-03-12,730,2028-03-11,729,69,surplus
San Francisco-Marin Food Bank,San Francisco,Pasta,dry,298,boxes,2026-03-02,730,2028-03-01,719,47,surplus
Los Angeles Regional Food Bank,Los Angeles,Spinach,produce,200,bags,2026-02-21,7,2026-02-28,-13,20,surplus
San Francisco-Marin Food Bank,San Francisco,Brown rice,dry,129,bags,2026-02-24,365,2027-02-24,348,32,surplus
San Francisco-Marin Food Bank,San Francisco,Potatoes,produce,248,lbs,2026-02-18,30,2026-03-20,7,58,surplus
Central California Food Bank,Fresno,Ground turkey frozen,protein,177,packs,2026-02-16,180,2026-08-15,155,85,balanced
Sacramento Food Bank & Family Services,Sacramento,Oranges,produce,121,lbs,2026-03-06,14,2026-03-20,7,86,balanced
Central California Food Bank,Fresno,Apples,produce,262,lbs,2026-02-22,21,2026-03-15,2,30,surplus
Second Harvest of Silicon Valley,San Jose,Bananas,produce,366,lbs,2026-02-18,7,2026-02-25,-16,108,surplus
Los Angeles Regional Food Bank,Los Angeles,Yogurt cups,dairy,60,cups,2026-03-12,21,2026-04-02,20,40,balanced
Los Angeles Regional Food Bank,Los Angeles,Milk gallons,dairy,160,gallons,2026-03-02,10,2026-03-12,-1,32,surplus
San Francisco-Marin Food Bank,San Francisco,Brown rice,dry,205,bags,2026-02-21,365,2027-02-21,345,69,balanced
Yolo Food Bank,Woodland,Frozen vegetables mix,protein,217,bags,2026-03-06,365,2027-03-06,358,104,balanced
Feeding San Diego,San Diego,Potatoes,produce,274,lbs,2026-02-20,30,2026-03-22,9,30,surplus
Second Harvest of Silicon Valley,San Jose,Butter,dairy,95,packs,2026-02-19,60,2026-04-20,38,95,balanced
Los Angeles Regional Food Bank,Los Angeles,Spaghetti,dry,294,boxes,2026-03-01,730,2028-02-29,718,103,balanced
Second Harvest Food Bank of Orange County,Irvine,Oranges,produce,47,lbs,2026-02-28,14,2026-03-14,1,34,balanced
Food Bank of Contra Costa and Solano,Concord,Butter,dairy,132,packs,2026-02-25,60,2026-04-26,44,34,surplus
Alameda County Community Food Bank,Oakland,Sugar,dry,94,bags,2026-02-25,730,2028-02-25,714,51,balanced
Los Angeles Regional Food Bank,Los Angeles,Onions,produce,209,lbs,2026-02-21,30,2026-03-23,10,94,balanced
Food Bank of Contra Costa and Solano,Concord,Canned tuna,canned,271,cans,2026-03-07,730,2028-03-06,724,86,surplus
Feeding San Diego,San Diego,Frozen berries,protein,362,bags,2026-02-21,365,2027-02-21,345,56,surplus
San Francisco-Marin Food Bank,San Francisco,Macaroni,dry,329,boxes,2026-03-07,730,2028-03-06,724,94,surplus
Yolo Food Bank,Woodland,Avocados,produce,25,units,2026-02-18,7,2026-02-25,-16,119,shortage
Sacramento Food Bank & Family Services,Sacramento,Rice 5lb bag,dry,40,bags,2026-03-08,730,2028-03-07,725,60,shortage
Second Harvest Food Bank of Orange County,Irvine,Oranges,produce,310,lbs,2026-03-01,14,2026-03-15,2,79,surplus
Alameda County Community Food Bank,Oakland,Peanut butter,dry,273,jars,2026-03-11,365,2027-03-11,363,109,balanced
Feeding San Diego,San Diego,Milk gallons,dairy,250,gallons,2026-03-04,10,2026-03-14,1,51,surplus
Sacramento Food Bank & Family Services,Sacramento,Egg cartons,dairy,32,cartons,2026-02-21,21,2026-03-14,1,40,shortage
Alameda County Community Food Bank,Oakland,Oranges,produce,58,lbs,2026-02-18,14,2026-03-04,-9,33,balanced
San Francisco-Marin Food Bank,San Francisco,Tomatoes,produce,337,lbs,2026-03-07,10,2026-03-17,4,75,surplus
Food Bank of Contra Costa and Solano,Concord,Canned chickpeas,canned,310,cans,2026-02-21,730,2028-02-21,710,46,surplus
Sacramento Food Bank & Family Services,Sacramento,Canned peas,canned,40,cans,2026-02-28,730,2028-02-28,717,67,shortage
Second Harvest Food Bank of Orange County,Irvine,Canned tuna,canned,27,cans,2026-03-10,730,2028-03-09,727,73,shortage
Yolo Food Bank,Woodland,Yogurt cups,dairy,379,cups,2026-03-02,21,2026-03-23,10,114,surplus
Food Bank of Contra Costa and Solano,Concord,Canned beans,canned,53,cans,2026-03-04,730,2028-03-03,721,65,shortage
Second Harvest Food Bank of Orange County,Irvine,Lentils,dry,245,bags,2026-02-27,730,2028-02-27,716,28,surplus
San Francisco-Marin Food Bank,San Francisco,Bell peppers,produce,358,lbs,2026-02-27,10,2026-03-09,-4,45,surplus
Yolo Food Bank,Woodland,Cereal,dry,27,boxes,2026-02-23,180,2026-08-22,162,45,shortage
Food Bank of Contra Costa and Solano,Concord,Macaroni,dry,247,boxes,2026-03-04,730,2028-03-03,721,90,balanced
San Francisco-Marin Food Bank,San Francisco,Potatoes,produce,159,lbs,2026-03-13,30,2026-04-12,30,75,balanced
Yolo Food Bank,Woodland,Cereal,dry,284,boxes,2026-02-16,180,2026-08-15,155,89,surplus
San Francisco-Marin Food Bank,San Francisco,Frozen berries,protein,271,bags,2026-03-06,365,2027-03-06,358,40,surplus
Food Bank of Contra Costa and Solano,Concord,Canned tomatoes,canned,217,cans,2026-03-05,730,2028-03-04,722,103,balanced
Food Bank of Contra Costa and Solano,Concord,Spinach,produce,229,bags,2026-02-26,7,2026-03-05,-8,111,balanced
Feeding San Diego,San Diego,Canned chickpeas,canned,158,cans,2026-02-22,730,2028-02-22,711,66,balanced
Los Angeles Regional Food Bank,Los Angeles,Canned soup,canned,176,cans,2026-03-11,540,2027-09-02,538,85,balanced
Alameda County Community Food Bank,Oakland,Pasta,dry,232,boxes,2026-03-11,730,2028-03-10,728,85,balanced
Second Harvest Food Bank of Orange County,Irvine,Peanut butter,dry,51,jars,2026-02-16,365,2027-02-16,340,53,shortage
Feeding San Diego,San Diego,Milk gallons,dairy,318,gallons,2026-02-21,10,2026-03-03,-10,35,surplus
Los Angeles Regional Food Bank,Los Angeles,Potatoes,produce,286,lbs,2026-02-21,30,2026-03-23,10,64,surplus
Feeding San Diego,San Diego,Tomatoes,produce,330,lbs,2026-02-25,10,2026-03-07,-6,66,surplus
Feeding San Diego,San Diego,Brown rice,dry,292,bags,2026-02-22,365,2027-02-22,346,83,surplus
Yolo Food Bank,Woodland,Oranges,produce,331,lbs,2026-02-16,14,2026-03-02,-11,25,surplus
Central California Food Bank,Fresno,Flour,dry,187,bags,2026-03-02,365,2027-03-02,354,39,surplus
Alameda County Community Food Bank,Oakland,Cheese blocks,dairy,257,blocks,2026-02-23,30,2026-03-25,12,70,surplus
Food Bank of Contra Costa and Solano,Concord,Yogurt cups,dairy,198,cups,2026-03-12,21,2026-04-02,20,38,surplus
San Francisco-Marin Food Bank,San Francisco,Butter,dairy,86,packs,2026-02-28,60,2026-04-29,47,90,shortage
Yolo Food Bank,Woodland,Canned tomatoes,canned,159,cans,2026-03-12,730,2028-03-11,729,48,surplus
Yolo Food Bank,Woodland,Canned corn,canned,284,cans,2026-02-23,730,2028-02-23,712,53,surplus
Feeding San Diego,San Diego,Bananas,produce,307,lbs,2026-02-26,7,2026-03-05,-8,102,surplus
Sacramento Food Bank & Family Services,Sacramento,Onions,produce,240,lbs,2026-02-18,30,2026-03-20,7,102,balanced
Food Bank of Contra Costa and Solano,Concord,Egg cartons,dairy,323,cartons,2026-03-10,21,2026-03-31,18,21,surplus
Yolo Food Bank,Woodland,Peanut butter,dry,66,jars,2026-03-13,365,2027-03-13,365,25,balanced
Los Angeles Regional Food Bank,Los Angeles,Bananas,produce,119,lbs,2026-03-05,7,2026-03-12,-1,44,balanced
Alameda County Community Food Bank,Oakland,Cheese blocks,dairy,340,blocks,2026-03-08,30,2026-04-07,25,87,surplus
Second Harvest of Silicon Valley,San Jose,Canned soup,canned,51,cans,2026-03-09,540,2027-08-31,536,43,balanced
Second Harvest Food Bank of Orange County,Irvine,Rice 5lb bag,dry,331,bags,2026-02-25,730,2028-02-25,714,78,surplus
Yolo Food Bank,Woodland,Tomatoes,produce,308,lbs,2026-03-03,10,2026-03-13,0,100,surplus
Feeding San Diego,San Diego,Canned green beans,canned,37,cans,2026-02-25,730,2028-02-25,714,53,shortage
Second Harvest of Silicon Valley,San Jose,Peanut butter,dry,295,jars,2026-03-12,365,2027-03-12,364,100,balanced
Central California Food Bank,Fresno,Sugar,dry,238,bags,2026-03-11,730,2028-03-10,728,68,surplus
San Francisco-Marin Food Bank,San Francisco,Spaghetti,dry,184,boxes,2026-03-12,730,2028-03-11,729,108,balanced
Los Angeles Regional Food Bank,Los Angeles,Canned soup,canned,231,cans,2026-02-22,540,2027-08-16,521,46,surplus
San Francisco-Marin Food Bank,San Francisco,Apples,produce,67,lbs,2026-03-03,21,2026-03-24,11,97,shortage
Second Harvest of Silicon Valley,San Jose,Spinach,produce,313,bags,2026-03-01,7,2026-03-08,-5,109,balanced
Yolo Food Bank,Woodland,Canned tuna,canned,124,cans,2026-03-03,730,2028-03-02,720,82,balanced
Second Harvest of Silicon Valley,San Jose,Milk gallons,dairy,329,gallons,2026-03-04,10,2026-03-14,1,22,surplus
San Francisco-Marin Food Bank,San Francisco,Canned soup,canned,16,cans,2026-03-02,540,2027-08-24,529,42,shortage
Yolo Food Bank,Woodland,Canned tuna,canned,215,cans,2026-03-09,730,2028-03-08,726,97,balanced
Second Harvest Food Bank of Orange County,Irvine,Egg cartons,dairy,248,cartons,2026-03-12,21,2026-04-02,20,95,balanced
San Francisco-Marin Food Bank,San Francisco,Oatmeal,dry,352,boxes,2026-02-19,365,2027-02-19,343,67,surplus
Central California Food Bank,Fresno,Brown rice,dry,341,bags,2026-02-21,365,2027-02-21,345,20,surplus
San Francisco-Marin Food Bank,San Francisco,Canned carrots,canned,188,cans,2026-03-02,730,2028-03-01,719,97,balanced
Alameda County Community Food Bank,Oakland,Frozen berries,protein,176,bags,2026-02-27,365,2027-02-27,351,45,surplus
Alameda County Community Food Bank,Oakland,Onions,produce,357,lbs,2026-02-26,30,2026-03-28,15,27,surplus
Second Harvest of Silicon Valley,San Jose,Cereal,dry,216,boxes,2026-02-16,180,2026-08-15,155,86,balanced
Second Harvest Food Bank of Orange County,Irvine,Apples,produce,246,lbs,2026-02-21,21,2026-03-14,1,89,balanced
Los Angeles Regional Food Bank,Los Angeles,Rice 5lb bag,dry,59,bags,2026-03-13,730,2028-03-12,730,92,shortage
Sacramento Food Bank & Family Services,Sacramento,Cereal,dry,101,boxes,2026-03-08,180,2026-09-04,175,34,balanced
Alameda County Community Food Bank,Oakland,Canned corn,canned,265,cans,2026-03-11,730,2028-03-10,728,120,balanced
Sacramento Food Bank & Family Services,Sacramento,Flour,dry,311,bags,2026-03-02,365,2027-03-02,354,51,surplus
San Francisco-Marin Food Bank,San Francisco,Frozen berries,protein,387,bags,2026-02-25,365,2027-02-25,349,97,surplus
Alameda County Community Food Bank,Oakland,Macaroni,dry,233,boxes,2026-02-20,730,2028-02-20,709,48,surplus
Feeding San Diego,San Diego,Bananas,produce,147,lbs,2026-03-10,7,2026-03-17,4,33,surplus
San Francisco-Marin Food Bank,San Francisco,Frozen berries,protein,267,bags,2026-02-20,365,2027-02-20,344,71,surplus
Second Harvest Food Bank of Orange County,Irvine,Canned peas,canned,223,cans,2026-02-17,730,2028-02-17,706,93,balanced
San Francisco-Marin Food Bank,San Francisco,Sugar,dry,71,bags,2026-02-28,730,2028-02-28,717,100,shortage
Central California Food Bank,Fresno,Ground turkey frozen,protein,86,packs,2026-03-11,180,2026-09-07,178,73,balanced
Food Bank of Contra Costa and Solano,Concord,Apples,produce,186,lbs,2026-02-20,21,2026-03-13,0,117,balanced
Feeding San Diego,San Diego,Bananas,produce,253,lbs,2026-02-26,7,2026-03-05,-8,96,balanced
Central California Food Bank,Fresno,Bell peppers,produce,277,lbs,2026-03-08,10,2026-03-18,5,96,balanced
Second Harvest Food Bank of Orange County,Irvine,Canned tomatoes,canned,66,cans,2026-03-09,730,2028-03-08,726,80,shortage
Food Bank of Contra Costa and Solano,Concord,Rice 5lb bag,dry,337,bags,2026-03-08,730,2028-03-07,725,61,surplus
Second Harvest of Silicon Valley,San Jose,Brown rice,dry,308,bags,2026-02-26,365,2027-02-26,350,26,surplus
Alameda County Community Food Bank,Oakland,Canned salmon,canned,182,cans,2026-03-13,730,2028-03-12,730,34,surplus
San Francisco-Marin Food Bank,San Francisco,Pasta,dry,144,boxes,2026-02-26,730,2028-02-26,715,97,balanced
Sacramento Food Bank & Family Services,Sacramento,Flour,dry,187,bags,2026-03-03,365,2027-03-03,355,21,surplus
Los Angeles Regional Food Bank,Los Angeles,Frozen berries,protein,47,bags,2026-03-09,365,2027-03-09,361,84,shortage
Yolo Food Bank,Woodland,Almond butter,dry,213,jars,2026-03-02,365,2027-03-02,354,48,surplus
Second Harvest of Silicon Valley,San Jose,Frozen berries,protein,44,bags,2026-03-03,365,2027-03-03,355,47,shortage
Second Harvest Food Bank of Orange County,Irvine,Cheese blocks,dairy,277,blocks,2026-02-21,30,2026-03-23,10,107,balanced
Second Harvest Food Bank of Orange County,Irvine,Canned carrots,canned,244,cans,2026-02-18,730,2028-02-18,707,110,balanced
San Francisco-Marin Food Bank,San Francisco,Milk gallons,dairy,97,gallons,2026-03-09,10,2026-03-19,6,114,shortage
Food Bank of Contra Costa and Solano,Concord,Spinach,produce,383,bags,2026-02-28,7,2026-03-07,-6,49,surplus
San Francisco-Marin Food Bank,San Francisco,Oatmeal,dry,315,boxes,2026-03-12,365,2027-03-12,364,24,surplus
San Francisco-Marin Food Bank,San Francisco,Canned tomatoes,canned,391,cans,2026-02-28,730,2028-02-28,717,79,surplus
San Francisco-Marin Food Bank,San Francisco,Frozen berries,protein,30,bags,2026-02-26,365,2027-02-26,350,116,shortage
Second Harvest of Silicon Valley,San Jose,Carrots fresh,produce,49,lbs,2026-02-20,21,2026-03-13,0,91,shortage
Los Angeles Regional Food Bank,Los Angeles,Potatoes,produce,370,lbs,2026-02-28,30,2026-03-30,17,82,surplus
Sacramento Food Bank & Family Services,Sacramento,Canned salmon,canned,60,cans,2026-02-17,730,2028-02-17,706,32,balanced
Feeding San Diego,San Diego,Frozen vegetables mix,protein,173,bags,2026-03-02,365,2027-03-02,354,65,balanced
Sacramento Food Bank & Family Services,Sacramento,Canned tuna,canned,234,cans,2026-03-01,730,2028-02-29,718,25,surplus
Food Bank of Contra Costa and Solano,Concord,Canned green beans,canned,279,cans,2026-03-04,730,2028-03-03,721,99,balanced
San Francisco-Marin Food Bank,San Francisco,Almond butter,dry,147,jars,2026-02-28,365,2027-02-28,352,60,balanced
Los Angeles Regional Food Bank,Los Angeles,Brown rice,dry,290,bags,2026-03-08,365,2027-03-08,360,100,balanced
Food Bank of Contra Costa and Solano,Concord,Spinach,produce,313,bags,2026-02-19,7,2026-02-26,-15,29,surplus
Feeding San Diego,San Diego,Canned soup,canned,252,cans,2026-02-20,540,2027-08-14,519,73,surplus
Feeding San Diego,San Diego,Canned carrots,canned,159,cans,2026-02-28,730,2028-02-28,717,113,balanced
San Francisco-Marin Food Bank,San Francisco,Canned green beans,canned,126,cans,2026-03-09,730,2028-03-08,726,92,balanced
Second Harvest of Silicon Valley,San Jose,Potatoes,produce,320,lbs,2026-03-07,30,2026-04-06,24,63,surplus
Los Angeles Regional Food Bank,Los Angeles,Oatmeal,dry,244,boxes,2026-03-13,365,2027-03-13,365,113,balanced
Food Bank of Contra Costa and Solano,Concord,Canned corn,canned,287,cans,2026-02-27,730,2028-02-27,716,48,surplus
Feeding San Diego,San Diego,Canned chickpeas,canned,25,cans,2026-02-21,730,2028-02-21,710,33,shortage
San Francisco-Marin Food Bank,San Francisco,Yogurt cups,dairy,82,cups,2026-03-05,21,2026-03-26,13,114,shortage
Second Harvest Food Bank of Orange County,Irvine,Canned salmon,canned,277,cans,2026-03-08,730,2028-03-07,725,82,surplus
Second Harvest Food Bank of Orange County,Irvine,Canned peas,canned,140,cans,2026-03-13,730,2028-03-12,730,85,balanced
Alameda County Community Food Bank,Oakland,Canned tuna,canned,108,cans,2026-03-06,730,2028-03-05,723,89,balanced
Yolo Food Bank,Woodland,Onions,produce,113,lbs,2026-03-08,30,2026-04-07,25,50,balanced
Alameda County Community Food Bank,Oakland,Canned tuna,canned,175,cans,2026-03-11,730,2028-03-10,728,23,surplus
Second Harvest of Silicon Valley,San Jose,Canned chickpeas,canned,308,cans,2026-03-08,730,2028-03-07,725,64,surplus
Second Harvest of Silicon Valley,San Jose,Oranges,produce,32,lbs,2026-02-24,14,2026-03-10,-3,107,shortage
Feeding San Diego,San Diego,Canned black beans,canned,180,cans,2026-02-18,730,2028-02-18,707,77,balanced
Los Angeles Regional Food Bank,Los Angeles,Canned corn,canned,387,cans,2026-02-19,730,2028-02-19,708,27,surplus
Second Harvest of Silicon Valley,San Jose,Milk gallons,dairy,313,gallons,2026-02-28,10,2026-03-10,-3,37,surplus
Alameda County Community Food Bank,Oakland,Spaghetti,dry,341,boxes,2026-03-10,730,2028-03-09,727,74,surplus
Feeding San Diego,San Diego,Canned chickpeas,canned,69,cans,2026-03-10,730,2028-03-09,727,95,shortage
Central California Food Bank,Fresno,Flour,dry,205,bags,2026-03-08,365,2027-03-08,360,110,balanced
Feeding San Diego,San Diego,Canned tomatoes,canned,47,cans,2026-03-11,730,2028-03-10,728,44,balanced
San Francisco-Marin Food Bank,San Francisco,Frozen vegetables mix,protein,35,bags,2026-02-24,365,2027-02-24,348,63,shortage
Sacramento Food Bank & Family Services,Sacramento,Canned tomatoes,canned,150,cans,2026-03-12,730,2028-03-11,729,54,balanced
Sacramento Food Bank & Family Services,Sacramento,Cereal,dry,117,boxes,2026-02-25,180,2026-08-24,164,56,balanced
Sacramento Food Bank & Family Services,Sacramento,Onions,produce,171,lbs,2026-03-02,30,2026-04-01,19,64,balanced
Second Harvest of Silicon Valley,San Jose,Canned salmon,canned,287,cans,2026-02-17,730,2028-02-17,706,54,surplus
Central California Food Bank,Fresno,Canned carrots,canned,380,cans,2026-02-16,730,2028-02-16,705,37,surplus
Alameda County Community Food Bank,Oakland,Chicken breast frozen,protein,219,packs,2026-02-16,180,2026-08-15,155,101,balanced
Alameda County Community Food Bank,Oakland,Almond butter,dry,279,jars,2026-02-18,365,2027-02-18,342,115,balanced
Alameda County Community Food Bank,Oakland,Canned tuna,canned,168,cans,2026-03-07,730,2028-03-06,724,49,surplus
Alameda County Community Food Bank,Oakland,Canned carrots,canned,189,cans,2026-02-25,730,2028-02-25,714,24,surplus
Yolo Food Bank,Woodland,Flour,dry,368,bags,2026-02-23,365,2027-02-23,347,23,surplus
Feeding San Diego,San Diego,Egg cartons,dairy,10,cartons,2026-02-23,21,2026-03-16,3,54,shortage
Food Bank of Contra Costa and Solano,Concord,Canned carrots,canned,225,cans,2026-03-04,730,2028-03-03,721,115,balanced
Sacramento Food Bank & Family Services,Sacramento,Bell peppers,produce,354,lbs,2026-02-19,10,2026-03-01,-12,111,surplus
Food Bank of Contra Costa and Solano,Concord,Canned peas,canned,361,cans,2026-02-18,730,2028-02-18,707,57,surplus
Alameda County Community Food Bank,Oakland,Potatoes,produce,358,lbs,2026-03-11,30,2026-04-10,28,110,surplus
Second Harvest Food Bank of Orange County,Irvine,Frozen vegetables mix,protein,348,bags,2026-03-08,365,2027-03-08,360,78,surplus
San Francisco-Marin Food Bank,San Francisco,Canned soup,canned,269,cans,2026-02-25,540,2027-08-19,524,81,surplus
Yolo Food Bank,Woodland,Canned soup,canned,110,cans,2026-02-18,540,2027-08-12,517,92,balanced
Second Harvest Food Bank of Orange County,Irvine,Canned soup,canned,60,cans,2026-03-04,540,2027-08-26,531,75,shortage
Feeding San Diego,San Diego,Pasta,dry,114,boxes,2026-02-20,730,2028-02-20,709,45,balanced
Los Angeles Regional Food Bank,Los Angeles,Avocados,produce,348,units,2026-02-28,7,2026-03-07,-6,71,surplus
Sacramento Food Bank & Family Services,Sacramento,Bananas,produce,122,lbs,2026-02-28,7,2026-03-07,-6,79,balanced
Los Angeles Regional Food Bank,Los Angeles,Brown rice,dry,35,bags,2026-03-03,365,2027-03-03,355,83,shortage
San Francisco-Marin Food Bank,San Francisco,Canned chickpeas,canned,249,cans,2026-02-24,730,2028-02-24,713,110,balanced
Central California Food Bank,Fresno,Carrots fresh,produce,323,lbs,2026-03-13,21,2026-04-03,21,50,surplus
Alameda County Community Food Bank,Oakland,Brown rice,dry,316,bags,2026-03-09,365,2027-03-09,361,25,surplus
Sacramento Food Bank & Family Services,Sacramento,Tomatoes,produce,326,lbs,2026-02-18,10,2026-02-28,-13,89,surplus
Food Bank of Contra Costa and Solano,Concord,Yogurt cups,dairy,94,cups,2026-02-21,21,2026-03-14,1,43,balanced
Alameda County Community Food Bank,Oakland,Canned carrots,canned,74,cans,2026-02-16,730,2028-02-16,705,23,surplus
Central California Food Bank,Fresno,Flour,dry,298,bags,2026-02-20,365,2027-02-20,344,44,surplus
Food Bank of Contra Costa and Solano,Concord,Canned salmon,canned,247,cans,2026-02-20,730,2028-02-20,709,79,surplus
Feeding San Diego,San Diego,Bell peppers,produce,148,lbs,2026-02-26,10,2026-03-08,-5,93,balanced
San Francisco-Marin Food Bank,San Francisco,Broccoli,produce,330,lbs,2026-03-12,7,2026-03-19,6,30,surplus
Sacramento Food Bank & Family Services,Sacramento,Apples,produce,252,lbs,2026-03-02,21,2026-03-23,10,112,balanced
Los Angeles Regional Food Bank,Los Angeles,Pasta,dry,346,boxes,2026-02-23,730,2028-02-23,712,33,surplus
Second Harvest Food Bank of Orange County,Irvine,Broccoli,produce,178,lbs,2026-02-17,7,2026-02-24,-17,22,surplus
Central California Food Bank,Fresno,Canned green beans,canned,138,cans,2026-03-01,730,2028-02-29,718,24,surplus
Yolo Food Bank,Woodland,Canned salmon,canned,246,cans,2026-02-26,730,2028-02-26,715,37,surplus
Second Harvest Food Bank of Orange County,Irvine,Canned peas,canned,362,cans,2026-03-12,730,2028-03-11,729,32,surplus
Yolo Food Bank,Woodland,Lentils,dry,152,bags,2026-02-25,730,2028-02-25,714,103,balanced
Food Bank of Contra Costa and Solano,Concord,Canned corn,canned,89,cans,2026-02-22,730,2028-02-22,711,79,balanced
Sacramento Food Bank & Family Services,Sacramento,Canned tomatoes,canned,240,cans,2026-03-12,730,2028-03-11,729,51,surplus
Los Angeles Regional Food Bank,Los Angeles,Carrots fresh,produce,149,lbs,2026-02-19,21,2026-03-12,-1,23,surplus
Second Harvest Food Bank of Orange County,Irvine,Canned soup,canned,363,cans,2026-03-02,540,2027-08-24,529,106,surplus
Alameda County Community Food Bank,Oakland,Chicken breast frozen,protein,351,packs,2026-03-02,180,2026-08-29,169,63,surplus
San Francisco-Marin Food Bank,San Francisco,Tomatoes,produce,39,lbs,2026-02-19,10,2026-03-01,-12,119,shortage
Alameda County Community Food Bank,Oakland,Canned peas,canned,332,cans,2026-02-26,730,2028-02-26,715,45,surplus
Second Harvest of Silicon Valley,San Jose,Canned soup,canned,86,cans,2026-03-05,540,2027-08-27,532,47,balanced
Yolo Food Bank,Woodland,Canned tomatoes,canned,320,cans,2026-02-27,730,2028-02-27,716,61,surplus
Sacramento Food Bank & Family Services,Sacramento,Canned green beans,canned,275,cans,2026-02-25,730,2028-02-25,714,30,surplus
Central California Food Bank,Fresno,Canned soup,canned,228,cans,2026-02-20,540,2027-08-14,519,115,balanced
Sacramento Food Bank & Family Services,Sacramento,Bananas,produce,136,lbs,2026-02-23,7,2026-03-02,-11,70,balanced
Second Harvest Food Bank of Orange County,Irvine,Canned beans,canned,102,cans,2026-03-11,730,2028-03-10,728,118,shortage
Second Harvest Food Bank of Orange County,Irvine,Milk gallons,dairy,170,gallons,2026-02-17,10,2026-02-27,-14,67,balanced
Sacramento Food Bank & Family Services,Sacramento,Canned beans,canned,230,cans,2026-03-08,730,2028-03-07,725,65,surplus
Central California Food Bank,Fresno,Oatmeal,dry,148,boxes,2026-02-22,365,2027-02-22,346,109,balanced
Los Angeles Regional Food Bank,Los Angeles,Canned corn,canned,379,cans,2026-03-13,730,2028-03-12,730,52,surplus
Second Harvest of Silicon Valley,San Jose,Bananas,produce,355,lbs,2026-02-22,7,2026-03-01,-12,107,surplus
Los Angeles Regional Food Bank,Los Angeles,Tomatoes,produce,28,lbs,2026-02-22,10,2026-03-04,-9,91,shortage
Yolo Food Bank,Woodland,Oatmeal,dry,159,boxes,2026-02-20,365,2027-02-20,344,73,balanced
Sacramento Food Bank & Family Services,Sacramento,Bell peppers,produce,130,lbs,2026-03-07,10,2026-03-17,4,49,balanced
Feeding San Diego,San Diego,Cereal,dry,162,boxes,2026-02-17,180,2026-08-16,156,33,surplus
Second Harvest Food Bank of Orange County,Irvine,Egg cartons,dairy,108,cartons,2026-02-19,21,2026-03-12,-1,45,balanced
San Francisco-Marin Food Bank,San Francisco,Frozen vegetables mix,protein,248,bags,2026-02-28,365,2027-02-28,352,53,surplus
Yolo Food Bank,Woodland,Frozen berries,protein,17,bags,2026-03-02,365,2027-03-02,354,70,shortage
San Francisco-Marin Food Bank,San Francisco,Canned peas,canned,298,cans,2026-02-16,730,2028-02-16,705,44,surplus
Yolo Food Bank,Woodland,Canned green beans,canned,249,cans,2026-03-13,730,2028-03-12,730,95,balanced
Feeding San Diego,San Diego,Yogurt cups,dairy,279,cups,2026-03-07,21,2026-03-28,15,62,surplus
Yolo Food Bank,Woodland,Spinach,produce,270,bags,2026-03-11,7,2026-03-18,5,87,surplus
Second Harvest Food Bank of Orange County,Irvine,Broccoli,produce,45,lbs,2026-03-05,7,2026-03-12,-1,68,shortage
Alameda County Community Food Bank,Oakland,Canned beans,canned,156,cans,2026-03-09,730,2028-03-08,726,62,balanced
Alameda County Community Food Bank,Oakland,Canned peas,canned,386,cans,2026-02-25,730,2028-02-25,714,54,surplus
Food Bank of Contra Costa and Solano,Concord,Canned beans,canned,312,cans,2026-02-21,730,2028-02-21,710,68,surplus
Yolo Food Bank,Woodland,Canned tuna,canned,180,cans,2026-02-19,730,2028-02-19,708,49,surplus
Feeding San Diego,San Diego,Canned soup,canned,143,cans,2026-03-03,540,2027-08-25,530,73,balanced
Sacramento Food Bank & Family Services,Sacramento,Chicken breast frozen,protein,301,packs,2026-02-26,180,2026-08-25,165,116,balanced
San Francisco-Marin Food Bank,San Francisco,Peanut butter,dry,153,jars,2026-03-02,365,2027-03-02,354,60,balanced
Sacramento Food Bank & Family Services,Sacramento,Broccoli,produce,382,lbs,2026-03-11,7,2026-03-18,5,71,surplus
Feeding San Diego,San Diego,Carrots fresh,produce,234,lbs,2026-02-17,21,2026-03-10,-3,86,balanced
Alameda County Community Food Bank,Oakland,Almond butter,dry,379,jars,2026-02-26,365,2027-02-26,350,42,surplus
Alameda County Community Food Bank,Oakland,Rice 5lb bag,dry,245,bags,2026-03-09,730,2028-03-08,726,42,surplus
Feeding San Diego,San Diego,Canned tomatoes,canned,356,cans,2026-02-27,730,2028-02-27,716,24,surplus
Second Harvest Food Bank of Orange County,Irvine,Canned green beans,canned,45,cans,2026-03-02,730,2028-03-01,719,67,shortage
Feeding San Diego,San Diego,Canned chickpeas,canned,152,cans,2026-03-05,730,2028-03-04,722,34,surplus
Second Harvest Food Bank of Orange County,Irvine,Apples,produce,321,lbs,2026-03-06,21,2026-03-27,14,55,surplus
Food Bank of Contra Costa and Solano,Concord,Canned corn,canned,139,cans,2026-03-10,730,2028-03-09,727,40,surplus
San Francisco-Marin Food Bank,San Francisco,Yogurt cups,dairy,58,cups,2026-03-01,21,2026-03-22,9,96,shortage
Sacramento Food Bank & Family Services,Sacramento,Lentils,dry,150,bags,2026-02-22,730,2028-02-22,711,29,surplus
Second Harvest Food Bank of Orange County,Irvine,Yogurt cups,dairy,167,cups,2026-02-22,21,2026-03-15,2,77,balanced
Los Angeles Regional Food Bank,Los Angeles,Canned soup,canned,164,cans,2026-02-17,540,2027-08-11,516,107,balanced
Food Bank of Contra Costa and Solano,Concord,Onions,produce,363,lbs,2026-02-24,30,2026-03-26,13,95,surplus
Alameda County Community Food Bank,Oakland,Canned chickpeas,canned,327,cans,2026-03-03,730,2028-03-02,720,65,surplus
Second Harvest of Silicon Valley,San Jose,Yogurt cups,dairy,94,cups,2026-03-11,21,2026-04-01,19,42,balanced
Second Harvest Food Bank of Orange County,Irvine,Tomatoes,produce,211,lbs,2026-03-07,10,2026-03-17,4,94,balanced
San Francisco-Marin Food Bank,San Francisco,Almond butter,dry,112,jars,2026-02-17,365,2027-02-17,341,59,balanced
Yolo Food Bank,Woodland,Canned tomatoes,canned,365,cans,2026-02-26,730,2028-02-26,715,58,surplus
Second Harvest Food Bank of Orange County,Irvine,Bananas,produce,12,lbs,2026-02-16,7,2026-02-23,-18,109,shortage
Central California Food Bank,Fresno,Oatmeal,dry,89,boxes,2026-03-12,365,2027-03-12,364,116,shortage
Feeding San Diego,San Diego,Carrots fresh,produce,135,lbs,2026-02-25,21,2026-03-18,5,89,balanced
Second Harvest Food Bank of Orange County,Irvine,Canned beans,canned,175,cans,2026-02-24,730,2028-02-24,713,49,surplus
Second Harvest of Silicon Valley,San Jose,Oranges,produce,331,lbs,2026-02-26,14,2026-03-12,-1,88,surplus
Sacramento Food Bank & Family Services,Sacramento,Spaghetti,dry,123,boxes,2026-03-12,730,2028-03-11,729,48,balanced
Feeding San Diego,San Diego,Yogurt cups,dairy,178,cups,2026-03-13,21,2026-04-03,21,50,surplus
Sacramento Food Bank & Family Services,Sacramento,Oranges,produce,230,lbs,2026-02-24,14,2026-03-10,-3,58,surplus
Food Bank of Contra Costa and Solano,Concord,Lettuce,produce,154,heads,2026-03-09,10,2026-03-19,6,46,surplus
Food Bank of Contra Costa and Solano,Concord,Bananas,produce,99,lbs,2026-02-23,7,2026-03-02,-11,114,shortage
Second Harvest of Silicon Valley,San Jose,Canned carrots,canned,225,cans,2026-03-08,730,2028-03-07,725,59,surplus
Yolo Food Bank,Woodland,Brown rice,dry,139,bags,2026-02-16,365,2027-02-16,340,29,surplus
Alameda County Community Food Bank,Oakland,Canned salmon,canned,103,cans,2026-02-17,730,2028-02-17,706,87,balanced
San Francisco-Marin Food Bank,San Francisco,Frozen berries,protein,84,bags,2026-03-01,365,2027-03-01,353,81,balanced
Sacramento Food Bank & Family Services,Sacramento,Onions,produce,324,lbs,2026-03-10,30,2026-04-09,27,35,surplus
Sacramento Food Bank & Family Services,Sacramento,Canned chickpeas,canned,113,cans,2026-02-16,730,2028-02-16,705,68,balanced
Los Angeles Regional Food Bank,Los Angeles,Canned tomatoes,canned,213,cans,2026-03-09,730,2028-03-08,726,34,surplus
Alameda County Community Food Bank,Oakland,Butter,dairy,94,packs,2026-02-18,60,2026-04-19,37,111,shortage
Second Harvest Food Bank of Orange County,Irvine,Canned tuna,canned,379,cans,2026-02-17,730,2028-02-17,706,117,surplus
Food Bank of Contra Costa and Solano,Concord,Tomatoes,produce,159,lbs,2026-02-19,10,2026-03-01,-12,85,balanced
Alameda County Community Food Bank,Oakland,Cheese blocks,dairy,205,blocks,2026-03-02,30,2026-04-01,19,90,balanced
Central California Food Bank,Fresno,Milk gallons,dairy,355,gallons,2026-02-26,10,2026-03-08,-5,27,surplus
Alameda County Community Food Bank,Oakland,Brown rice,dry,36,bags,2026-03-03,365,2027-03-03,355,117,shortage
Second Harvest Food Bank of Orange County,Irvine,Frozen vegetables mix,protein,172,bags,2026-02-16,365,2027-02-16,340,115,balanced
Yolo Food Bank,Woodland,Avocados,produce,374,units,2026-02-17,7,2026-02-24,-17,115,surplus
Sacramento Food Bank & Family Services,Sacramento,Canned peas,canned,41,cans,2026-02-20,730,2028-02-20,709,115,shortage
San Francisco-Marin Food Bank,San Francisco,Cereal,dry,310,boxes,2026-03-02,180,2026-08-29,169,62,surplus
Los Angeles Regional Food Bank,Los Angeles,Almond butter,dry,68,jars,2026-02-19,365,2027-02-19,343,89,shortage
Los Angeles Regional Food Bank,Los Angeles,Milk gallons,dairy,116,gallons,2026-02-26,10,2026-03-08,-5,39,balanced
Alameda County Community Food Bank,Oakland,Pasta,dry,375,boxes,2026-03-03,730,2028-03-02,720,32,surplus
Food Bank of Contra Costa and Solano,Concord,Lettuce,produce,83,heads,2026-03-08,10,2026-03-18,5,60,balanced
Second Harvest of Silicon Valley,San Jose,Egg cartons,dairy,46,cartons,2026-02-27,21,2026-03-20,7,75,shortage
Second Harvest Food Bank of Orange County,Irvine,Flour,dry,228,bags,2026-02-19,365,2027-02-19,343,81,balanced
Food Bank of Contra Costa and Solano,Concord,Cereal,dry,86,boxes,2026-02-22,180,2026-08-21,161,86,balanced
Second Harvest Food Bank of Orange County,Irvine,Oranges,produce,17,lbs,2026-02-25,14,2026-03-11,-2,102,shortage
Second Harvest of Silicon Valley,San Jose,Canned soup,canned,349,cans,2026-03-01,540,2027-08-23,528,46,surplus
Yolo Food Bank,Woodland,Canned salmon,canned,120,cans,2026-03-06,730,2028-03-05,723,102,balanced
Los Angeles Regional Food Bank,Los Angeles,Canned tuna,canned,248,cans,2026-03-07,730,2028-03-06,724,76,surplus
Los Angeles Regional Food Bank,Los Angeles,Canned black beans,canned,13,cans,2026-03-08,730,2028-03-07,725,22,shortage
Second Harvest Food Bank of Orange County,Irvine,Avocados,produce,123,units,2026-02-25,7,2026-03-04,-9,81,balanced
Second Harvest Food Bank of Orange County,Irvine,Ground turkey frozen,protein,244,packs,2026-03-01,180,2026-08-28,168,64,surplus
Alameda County Community Food Bank,Oakland,Canned tomatoes,canned,109,cans,2026-03-09,730,2028-03-08,726,120,shortage
Second Harvest Food Bank of Orange County,Irvine,Potatoes,produce,243,lbs,2026-03-01,30,2026-03-31,18,52,surplus
Yolo Food Bank,Woodland,Canned tomatoes,canned,66,cans,2026-02-19,730,2028-02-19,708,41,balanced
Feeding San Diego,San Diego,Lentils,dry,84,bags,2026-03-11,730,2028-03-10,728,110,shortage
Food Bank of Contra Costa and Solano,Concord,Cereal,dry,179,boxes,2026-03-06,180,2026-09-02,173,78,balanced
San Francisco-Marin Food Bank,San Francisco,Almond butter,dry,325,jars,2026-03-05,365,2027-03-05,357,52,surplus
Feeding San Diego,San Diego,Apples,produce,45,lbs,2026-03-11,21,2026-04-01,19,52,shortage
San Francisco-Marin Food Bank,San Francisco,Canned beans,canned,118,cans,2026-03-05,730,2028-03-04,722,59,balanced
San Francisco-Marin Food Bank,San Francisco,Cereal,dry,64,boxes,2026-02-16,180,2026-08-15,155,87,shortage
San Francisco-Marin Food Bank,San Francisco,Broccoli,produce,148,lbs,2026-03-01,7,2026-03-08,-5,63,balanced
Los Angeles Regional Food Bank,Los Angeles,Oranges,produce,266,lbs,2026-03-10,14,2026-03-24,11,38,surplus
Los Angeles Regional Food Bank,Los Angeles,Chicken breast frozen,protein,312,packs,2026-02-23,180,2026-08-22,162,103,surplus
Alameda County Community Food Bank,Oakland,Carrots fresh,produce,215,lbs,2026-03-05,21,2026-03-26,13,105,balanced
Food Bank of Contra Costa and Solano,Concord,Canned tuna,canned,265,cans,2026-02-26,730,2028-02-26,715,61,surplus
Feeding San Diego,San Diego,Cereal,dry,230,boxes,2026-03-01,180,2026-08-28,168,91,balanced
San Francisco-Marin Food Bank,San Francisco,Canned green beans,canned,239,cans,2026-03-01,730,2028-02-29,718,58,surplus
Second Harvest of Silicon Valley,San Jose,Butter,dairy,101,packs,2026-03-04,60,2026-05-03,51,24,surplus
Los Angeles Regional Food Bank,Los Angeles,Pasta,dry,109,boxes,2026-02-18,730,2028-02-18,707,33,surplus
San Francisco-Marin Food Bank,San Francisco,Carrots fresh,produce,244,lbs,2026-02-24,21,2026-03-17,4,54,surplus
Alameda County Community Food Bank,Oakland,Yogurt cups,dairy,165,cups,2026-03-01,21,2026-03-22,9,53,surplus
Second Harvest of Silicon Valley,San Jose,Frozen berries,protein,395,bags,2026-02-23,365,2027-02-23,347,74,surplus
Food Bank of Contra Costa and Solano,Concord,Peanut butter,dry,268,jars,2026-03-11,365,2027-03-11,363,115,balanced
San Francisco-Marin Food Bank,San Francisco,Canned tuna,canned,271,cans,2026-02-21,730,2028-02-21,710,72,surplus
Central California Food Bank,Fresno,Canned salmon,canned,35,cans,2026-03-02,730,2028-03-01,719,50,shortage
Sacramento Food Bank & Family Services,Sacramento,Flour,dry,399,bags,2026-03-13,365,2027-03-13,365,41,surplus
Yolo Food Bank,Woodland,Frozen vegetables mix,protein,82,bags,2026-03-05,365,2027-03-05,357,90,shortage
Alameda County Community Food Bank,Oakland,Canned black beans,canned,238,cans,2026-02-23,730,2028-02-23,712,60,surplus
Los Angeles Regional Food Bank,Los Angeles,Tomatoes,produce,194,lbs,2026-03-02,10,2026-03-12,-1,91,balanced
Yolo Food Bank,Woodland,Spaghetti,dry,192,boxes,2026-03-03,730,2028-03-02,720,107,balanced
San Francisco-Marin Food Bank,San Francisco,Milk gallons,dairy,102,gallons,2026-02-20,10,2026-03-02,-11,111,shortage
Central California Food Bank,Fresno,Canned corn,canned,51,cans,2026-03-02,730,2028-03-01,719,43,balanced
Yolo Food Bank,Woodland,Rice 5lb bag,dry,259,bags,2026-02-16,730,2028-02-16,705,120,balanced
Yolo Food Bank,Woodland,Canned chickpeas,canned,241,cans,2026-03-06,730,2028-03-05,723,96,balanced
Food Bank of Contra Costa and Solano,Concord,Ground turkey frozen,protein,350,packs,2026-02-22,180,2026-08-21,161,68,surplus
Central California Food Bank,Fresno,Peanut butter,dry,199,jars,2026-03-07,365,2027-03-07,359,54,surplus
Central California Food Bank,Fresno,Ground turkey frozen,protein,294,packs,2026-02-27,180,2026-08-26,166,22,surplus
Feeding San Diego,San Diego,Lentils,dry,164,bags,2026-03-04,730,2028-03-03,721,97,balanced
Central California Food Bank,Fresno,Lettuce,produce,262,heads,2026-02-22,10,2026-03-04,-9,96,balanced
Central California Food Bank,Fresno,Yogurt cups,dairy,106,cups,2026-02-22,21,2026-03-15,2,39,balanced
Food Bank of Contra Costa and Solano,Concord,Canned beans,canned,212,cans,2026-03-06,730,2028-03-05,723,60,surplus
Second Harvest of Silicon Valley,San Jose,Canned soup,canned,163,cans,2026-03-10,540,2027-09-01,537,32,surplus
Yolo Food Bank,Woodland,Canned beans,canned,21,cans,2026-03-04,730,2028-03-03,721,68,shortage
Central California Food Bank,Fresno,Spaghetti,dry,277,boxes,2026-03-12,730,2028-03-11,729,41,surplus
Second Harvest Food Bank of Orange County,Irvine,Macaroni,dry,17,boxes,2026-03-13,730,2028-03-12,730,61,shortage
Central California Food Bank,Fresno,Canned black beans,canned,148,cans,2026-02-22,730,2028-02-22,711,53,balanced
Yolo Food Bank,Woodland,Macaroni,dry,362,boxes,2026-02-28,730,2028-02-28,717,53,surplus
Alameda County Community Food Bank,Oakland,Butter,dairy,153,packs,2026-03-04,60,2026-05-03,51,83,balanced
Los Angeles Regional Food Bank,Los Angeles,Peanut butter,dry,239,jars,2026-02-19,365,2027-02-19,343,118,balanced
Food Bank of Contra Costa and Solano,Concord,Brown rice,dry,314,bags,2026-03-05,365,2027-03-05,357,83,surplus
Second Harvest Food Bank of Orange County,Irvine,Canned chickpeas,canned,116,cans,2026-03-10,730,2028-03-09,727,105,balanced
Alameda County Community Food Bank,Oakland,Lentils,dry,190,bags,2026-03-05,730,2028-03-04,722,103,balanced
Los Angeles Regional Food Bank,Los Angeles,Oranges,produce,385,lbs,2026-02-19,14,2026-03-05,-8,57,surplus
Yolo Food Bank,Woodland,Bell peppers,produce,77,lbs,2026-03-04,10,2026-03-14,1,115,shortage
Alameda County Community Food Bank,Oakland,Canned tomatoes,canned,170,cans,2026-03-01,730,2028-02-29,718,69,balanced
Sacramento Food Bank & Family Services,Sacramento,Apples,produce,33,lbs,2026-02-20,21,2026-03-13,0,99,shortage
Los Angeles Regional Food Bank,Los Angeles,Macaroni,dry,281,boxes,2026-02-21,730,2028-02-21,710,45,surplus
Alameda County Community Food Bank,Oakland,Avocados,produce,50,units,2026-03-09,7,2026-03-16,3,92,shortage
Second Harvest of Silicon Valley,San Jose,Avocados,produce,332,units,2026-02-16,7,2026-02-23,-18,110,surplus
Sacramento Food Bank & Family Services,Sacramento,Frozen vegetables mix,protein,251,bags,2026-03-05,365,2027-03-05,357,120,balanced
Food Bank of Contra Costa and Solano,Concord,Canned tomatoes,canned,78,cans,2026-03-08,730,2028-03-07,725,38,balanced
Yolo Food Bank,Woodland,Oranges,produce,295,lbs,2026-02-28,14,2026-03-14,1,81,surplus
Second Harvest Food Bank of Orange County,Irvine,Tomatoes,produce,94,lbs,2026-02-21,10,2026-03-03,-10,105,shortage
Food Bank of Contra Costa and Solano,Concord,Chicken breast frozen,protein,122,packs,2026-02-19,180,2026-08-18,158,65,balanced
San Francisco-Marin Food Bank,San Francisco,Canned tuna,canned,241,cans,2026-03-10,730,2028-03-09,727,120,balanced
Sacramento Food Bank & Family Services,Sacramento,Flour,dry,306,bags,2026-02-27,365,2027-02-27,351,98,surplus
Yolo Food Bank,Woodland,Brown rice,dry,203,bags,2026-02-20,365,2027-02-20,344,35,surplus
San Francisco-Marin Food Bank,San Francisco,Apples,produce,257,lbs,2026-02-24,21,2026-03-17,4,87,balanced
Feeding San Diego,San Diego,Carrots fresh,produce,135,lbs,2026-02-17,21,2026-03-10,-3,112,balanced
Second Harvest Food Bank of Orange County,Irvine,Cheese blocks,dairy,259,blocks,2026-03-05,30,2026-04-04,22,21,surplus
Food Bank of Contra Costa and Solano,Concord,Tomatoes,produce,23,lbs,2026-02-20,10,2026-03-02,-11,106,shortage
Sacramento Food Bank & Family Services,Sacramento,Canned corn,canned,33,cans,2026-02-22,730,2028-02-22,711,69,shortage
Food Bank of Contra Costa and Solano,Concord,Chicken breast frozen,protein,74,packs,2026-02-19,180,2026-08-18,158,104,shortage
Second Harvest of Silicon Valley,San Jose,Oranges,produce,229,lbs,2026-03-02,14,2026-03-16,3,39,surplus
Alameda County Community Food Bank,Oakland,Sugar,dry,99,bags,2026-02-19,730,2028-02-19,708,118,shortage
Los Angeles Regional Food Bank,Los Angeles,Flour,dry,48,bags,2026-02-18,365,2027-02-18,342,98,shortage
Yolo Food Bank,Woodland,Oranges,produce,112,lbs,2026-03-02,14,2026-03-16,3,53,balanced
San Francisco-Marin Food Bank,San Francisco,Spaghetti,dry,69,boxes,2026-02-28,730,2028-02-28,717,92,shortage
Los Angeles Regional Food Bank,Los Angeles,Flour,dry,396,bags,2026-02-26,365,2027-02-26,350,117,surplus
Second Harvest of Silicon Valley,San Jose,Canned chickpeas,canned,34,cans,2026-03-08,730,2028-03-07,725,108,shortage
Alameda County Community Food Bank,Oakland,Ground turkey frozen,protein,93,packs,2026-03-05,180,2026-09-01,172,65,balanced
Alameda County Community Food Bank,Oakland,Canned green beans,canned,260,cans,2026-03-09,730,2028-03-08,726,33,surplus
Feeding San Diego,San Diego,Canned chickpeas,canned,224,cans,2026-03-03,730,2028-03-02,720,116,balanced
Central California Food Bank,Fresno,Sugar,dry,329,bags,2026-03-10,730,2028-03-09,727,49,surplus
Feeding San Diego,San Diego,Egg cartons,dairy,208,cartons,2026-03-10,21,2026-03-31,18,83,balanced
Feeding San Diego,San Diego,Carrots fresh,produce,230,lbs,2026-03-09,21,2026-03-30,17,112,balanced
San Francisco-Marin Food Bank,San Francisco,Potatoes,produce,148,lbs,2026-02-24,30,2026-03-26,13,90,balanced
Sacramento Food Bank & Family Services,Sacramento,Yogurt cups,dairy,173,cups,2026-03-05,21,2026-03-26,13,78,balanced
San Francisco-Marin Food Bank,San Francisco,Canned beans,canned,14,cans,2026-02-20,730,2028-02-20,709,75,shortage
Los Angeles Regional Food Bank,Los Angeles,Lettuce,produce,293,heads,2026-03-13,10,2026-03-23,10,85,surplus
Alameda County Community Food Bank,Oakland,Cereal,dry,232,boxes,2026-02-26,180,2026-08-25,165,63,surplus
Feeding San Diego,San Diego,Canned tuna,canned,380,cans,2026-02-25,730,2028-02-25,714,61,surplus
Sacramento Food Bank & Family Services,Sacramento,Butter,dairy,323,packs,2026-02-26,60,2026-04-27,45,24,surplus
Alameda County Community Food Bank,Oakland,Rice 5lb bag,dry,335,bags,2026-02-20,730,2028-02-20,709,98,surplus
Food Bank of Contra Costa and Solano,Concord,Carrots fresh,produce,40,lbs,2026-02-27,21,2026-03-20,7,73,shortage
Los Angeles Regional Food Bank,Los Angeles,Chicken breast frozen,protein,348,packs,2026-03-01,180,2026-08-28,168,101,surplus
Los Angeles Regional Food Bank,Los Angeles,Frozen vegetables mix,protein,371,bags,2026-03-05,365,2027-03-05,357,44,surplus
Alameda County Community Food Bank,Oakland,Pasta,dry,142,boxes,2026-02-22,730,2028-02-22,711,49,balanced
Sacramento Food Bank & Family Services,Sacramento,Macaroni,dry,99,boxes,2026-03-08,730,2028-03-07,725,70,balanced
Los Angeles Regional Food Bank,Los Angeles,Avocados,produce,321,units,2026-02-27,7,2026-03-06,-7,68,surplus
Feeding San Diego,San Diego,Cereal,dry,246,boxes,2026-03-05,180,2026-09-01,172,39,surplus
Second Harvest of Silicon Valley,San Jose,Canned soup,canned,261,cans,2026-03-11,540,2027-09-02,538,116,balanced
Los Angeles Regional Food Bank,Los Angeles,Lettuce,produce,190,heads,2026-03-07,10,2026-03-17,4,35,surplus
Central California Food Bank,Fresno,Cereal,dry,219,boxes,2026-02-27,180,2026-08-26,166,63,surplus
Alameda County Community Food Bank,Oakland,Cereal,dry,137,boxes,2026-02-26,180,2026-08-25,165,119,balanced
Feeding San Diego,San Diego,Canned soup,canned,174,cans,2026-03-04,540,2027-08-26,531,38,surplus
San Francisco-Marin Food Bank,San Francisco,Canned tuna,canned,84,cans,2026-02-22,730,2028-02-22,711,59,balanced
Sacramento Food Bank & Family Services,Sacramento,Canned salmon,canned,29,cans,2026-03-09,730,2028-03-08,726,82,shortage
Los Angeles Regional Food Bank,Los Angeles,Milk gallons,dairy,285,gallons,2026-02-20,10,2026-03-02,-11,115,balanced
Feeding San Diego,San Diego,Canned green beans,canned,37,cans,2026-03-06,730,2028-03-05,723,97,shortage
Second Harvest Food Bank of Orange County,Irvine,Macaroni,dry,191,boxes,2026-03-06,730,2028-03-05,723,111,balanced
Feeding San Diego,San Diego,Canned beans,canned,231,cans,2026-03-13,730,2028-03-12,730,48,surplus
Los Angeles Regional Food Bank,Los Angeles,Canned carrots,canned,275,cans,2026-02-23,730,2028-02-23,712,20,surplus
Food Bank of Contra Costa and Solano,Concord,Peanut butter,dry,56,jars,2026-03-10,365,2027-03-10,362,63,shortage
Alameda County Community Food Bank,Oakland,Frozen berries,protein,142,bags,2026-02-22,365,2027-02-22,346,65,balanced
Sacramento Food Bank & Family Services,Sacramento,Canned chickpeas,canned,188,cans,2026-03-01,730,2028-02-29,718,110,balanced
Los Angeles Regional Food Bank,Los Angeles,Yogurt cups,dairy,185,cups,2026-03-01,21,2026-03-22,9,100,balanced
Second Harvest Food Bank of Orange County,Irvine,Apples,produce,353,lbs,2026-02-19,21,2026-03-12,-1,85,surplus
Second Harvest Food Bank of Orange County,Irvine,Butter,dairy,278,packs,2026-03-02,60,2026-05-01,49,79,surplus
Feeding San Diego,San Diego,Carrots fresh,produce,343,lbs,2026-02-26,21,2026-03-19,6,52,surplus
Los Angeles Regional Food Bank,Los Angeles,Canned black beans,canned,53,cans,2026-02-24,730,2028-02-24,713,85,shortage
Food Bank of Contra Costa and Solano,Concord,Canned carrots,canned,88,cans,2026-02-26,730,2028-02-26,715,78,balanced
Central California Food Bank,Fresno,Avocados,produce,231,units,2026-03-05,7,2026-03-12,-1,34,surplus
Sacramento Food Bank & Family Services,Sacramento,Sugar,dry,337,bags,2026-03-01,730,2028-02-29,718,67,surplus
Feeding San Diego,San Diego,Bananas,produce,386,lbs,2026-02-28,7,2026-03-07,-6,76,surplus
Sacramento Food Bank & Family Services,Sacramento,Pasta,dry,109,boxes,2026-02-27,730,2028-02-27,716,87,balanced
Second Harvest of Silicon Valley,San Jose,Ground turkey frozen,protein,102,packs,2026-03-03,180,2026-08-30,170,64,balanced
San Francisco-Marin Food Bank,San Francisco,Canned soup,canned,364,cans,2026-03-06,540,2027-08-28,533,82,surplus
Second Harvest of Silicon Valley,San Jose,Peanut butter,dry,288,jars,2026-02-19,365,2027-02-19,343,119,balanced
Second Harvest Food Bank of Orange County,Irvine,Apples,produce,255,lbs,2026-02-17,21,2026-03-10,-3,20,surplus
Second Harvest of Silicon Valley,San Jose,Lettuce,produce,292,heads,2026-02-25,10,2026-03-07,-6,22,surplus
Second Harvest of Silicon Valley,San Jose,Ground turkey frozen,protein,210,packs,2026-02-18,180,2026-08-17,157,64,surplus
Yolo Food Bank,Woodland,Cheese blocks,dairy,285,blocks,2026-02-20,30,2026-03-22,9,82,surplus
Second Harvest Food Bank of Orange County,Irvine,Potatoes,produce,385,lbs,2026-03-10,30,2026-04-09,27,98,surplus
Central California Food Bank,Fresno,Avocados,produce,92,units,2026-03-09,7,2026-03-16,3,24,surplus
Los Angeles Regional Food Bank,Los Angeles,Canned carrots,canned,107,cans,2026-03-02,730,2028-03-01,719,79,balanced
Food Bank of Contra Costa and Solano,Concord,Pasta,dry,383,boxes,2026-03-07,730,2028-03-06,724,52,surplus
Sacramento Food Bank & Family Services,Sacramento,Frozen vegetables mix,protein,291,bags,2026-03-11,365,2027-03-11,363,46,surplus
Central California Food Bank,Fresno,Spinach,produce,237,bags,2026-02-24,7,2026-03-03,-10,37,surplus
Second Harvest Food Bank of Orange County,Irvine,Cereal,dry,40,boxes,2026-02-20,180,2026-08-19,159,42,shortage
Los Angeles Regional Food Bank,Los Angeles,Yogurt cups,dairy,324,cups,2026-03-10,21,2026-03-31,18,35,surplus
Second Harvest Food Bank of Orange County,Irvine,Canned green beans,canned,104,cans,2026-02-27,730,2028-02-27,716,77,balanced
Feeding San Diego,San Diego,Brown rice,dry,71,bags,2026-03-05,365,2027-03-05,357,25,balanced
Los Angeles Regional Food Bank,Los Angeles,Canned soup,canned,297,cans,2026-03-07,540,2027-08-29,534,34,surplus
Food Bank of Contra Costa and Solano,Concord,Egg cartons,dairy,35,cartons,2026-03-11,21,2026-04-01,19,86,shortage
Food Bank of Contra Costa and Solano,Concord,Potatoes,produce,110,lbs,2026-03-13,30,2026-04-12,30,34,surplus
Second Harvest of Silicon Valley,San Jose,Canned salmon,canned,261,cans,2026-03-09,730,2028-03-08,726,58,surplus
Sacramento Food Bank & Family Services,Sacramento,Potatoes,produce,110,lbs,2026-02-28,30,2026-03-30,17,39,balanced
Central California Food Bank,Fresno,Brown rice,dry,314,bags,2026-02-27,365,2027-02-27,351,55,surplus
Second Harvest of Silicon Valley,San Jose,Canned carrots,canned,395,cans,2026-03-04,730,2028-03-03,721,85,surplus
San Francisco-Marin Food Bank,San Francisco,Broccoli,produce,307,lbs,2026-03-01,7,2026-03-08,-5,106,balanced
Yolo Food Bank,Woodland,Lettuce,produce,275,heads,2026-02-19,10,2026-03-01,-12,70,surplus
Food Bank of Contra Costa and Solano,Concord,Chicken breast frozen,protein,171,packs,2026-03-13,180,2026-09-09,180,98,balanced
Feeding San Diego,San Diego,Butter,dairy,215,packs,2026-02-24,60,2026-04-25,43,23,surplus
Second Harvest Food Bank of Orange County,Irvine,Spinach,produce,24,bags,2026-02-20,7,2026-02-27,-14,119,shortage
Yolo Food Bank,Woodland,Peanut butter,dry,39,jars,2026-03-07,365,2027-03-07,359,95,shortage
Yolo Food Bank,Woodland,Tomatoes,produce,198,lbs,2026-03-06,10,2026-03-16,3,44,surplus
Central California Food Bank,Fresno,Broccoli,produce,188,lbs,2026-02-20,7,2026-02-27,-14,35,surplus
Central California Food Bank,Fresno,Cheese blocks,dairy,268,blocks,2026-02-26,30,2026-03-28,15,40,surplus
Alameda County Community Food Bank,Oakland,Lettuce,produce,201,heads,2026-02-23,10,2026-03-05,-8,63,surplus
Alameda County Community Food Bank,Oakland,Brown rice,dry,300,bags,2026-02-19,365,2027-02-19,343,26,surplus
Second Harvest of Silicon Valley,San Jose,Canned peas,canned,157,cans,2026-03-04,730,2028-03-03,721,29,surplus
Second Harvest of Silicon Valley,San Jose,Onions,produce,122,lbs,2026-02-26,30,2026-03-28,15,64,balanced
San Francisco-Marin Food Bank,San Francisco,Onions,produce,188,lbs,2026-03-04,30,2026-04-03,21,71,balanced
Second Harvest of Silicon Valley,San Jose,Canned peas,canned,269,cans,2026-03-12,730,2028-03-11,729,36,surplus
Alameda County Community Food Bank,Oakland,Oatmeal,dry,298,boxes,2026-02-21,365,2027-02-21,345,111,balanced
Alameda County Community Food Bank,Oakland,Macaroni,dry,10,boxes,2026-03-10,730,2028-03-09,727,89,shortage
Feeding San Diego,San Diego,Lettuce,produce,128,heads,2026-03-06,10,2026-03-16,3,80,balanced
Los Angeles Regional Food Bank,Los Angeles,Onions,produce,133,lbs,2026-03-13,30,2026-04-12,30,33,surplus
Second Harvest Food Bank of Orange County,Irvine,Cereal,dry,172,boxes,2026-02-26,180,2026-08-25,165,52,surplus
Sacramento Food Bank & Family Services,Sacramento,Bell peppers,produce,349,lbs,2026-02-27,10,2026-03-09,-4,84,surplus
Yolo Food Bank,Woodland,Canned tuna,canned,280,cans,2026-02-27,730,2028-02-27,716,85,surplus
Food Bank of Contra Costa and Solano,Concord,Canned salmon,canned,34,cans,2026-02-17,730,2028-02-17,706,31,balanced
Second Harvest Food Bank of Orange County,Irvine,Spaghetti,dry,62,boxes,2026-03-12,730,2028-03-11,729,54,balanced
Alameda County Community Food Bank,Oakland,Canned green beans,canned,269,cans,2026-02-25,730,2028-02-25,714,61,surplus
Second Harvest of Silicon Valley,San Jose,Onions,produce,278,lbs,2026-03-01,30,2026-03-31,18,37,surplus
Alameda County Community Food Bank,Oakland,Canned black beans,canned,175,cans,2026-02-23,730,2028-02-23,712,68,balanced
Sacramento Food Bank & Family Services,Sacramento,Canned corn,canned,358,cans,2026-03-05,730,2028-03-04,722,81,surplus
Second Harvest Food Bank of Orange County,Irvine,Apples,produce,237,lbs,2026-03-03,21,2026-03-24,11,39,surplus
Feeding San Diego,San Diego,Frozen vegetables mix,protein,112,bags,2026-03-13,365,2027-03-13,365,120,shortage
Sacramento Food Bank & Family Services,Sacramento,Milk gallons,dairy,378,gallons,2026-02-18,10,2026-02-28,-13,90,surplus
Los Angeles Regional Food Bank,Los Angeles,Canned salmon,canned,188,cans,2026-02-18,730,2028-02-18,707,112,balanced
San Francisco-Marin Food Bank,San Francisco,Canned beans,canned,359,cans,2026-02-23,730,2028-02-23,712,72,surplus
Feeding San Diego,San Diego,Spaghetti,dry,284,boxes,2026-02-22,730,2028-02-22,711,94,surplus
Second Harvest of Silicon Valley,San Jose,Peanut butter,dry,311,jars,2026-02-21,365,2027-02-21,345,78,surplus
San Francisco-Marin Food Bank,San Francisco,Canned black beans,canned,99,cans,2026-03-06,730,2028-03-05,723,62,balanced
Central California Food Bank,Fresno,Apples,produce,369,lbs,2026-02-16,21,2026-03-09,-4,95,surplus
San Francisco-Marin Food Bank,San Francisco,Flour,dry,323,bags,2026-02-16,365,2027-02-16,340,34,surplus
San Francisco-Marin Food Bank,San Francisco,Bananas,produce,372,lbs,2026-02-21,7,2026-02-28,-13,48,surplus
Second Harvest Food Bank of Orange County,Irvine,Lettuce,produce,192,heads,2026-03-04,10,2026-03-14,1,59,surplus
Second Harvest of Silicon Valley,San Jose,Canned tuna,canned,395,cans,2026-03-04,730,2028-03-03,721,82,surplus
Los Angeles Regional Food Bank,Los Angeles,Canned soup,canned,141,cans,2026-03-07,540,2027-08-29,534,52,balanced
San Francisco-Marin Food Bank,San Francisco,Avocados,produce,131,units,2026-03-03,7,2026-03-10,-3,105,balanced
Central California Food Bank,Fresno,Avocados,produce,141,units,2026-03-01,7,2026-03-08,-5,58,balanced
Food Bank of Contra Costa and Solano,Concord,Cheese blocks,dairy,36,blocks,2026-03-05,30,2026-04-04,22,32,balanced
San Francisco-Marin Food Bank,San Francisco,Spinach,produce,300,bags,2026-03-02,7,2026-03-09,-4,50,surplus
Sacramento Food Bank & Family Services,Sacramento,Spinach,produce,303,bags,2026-02-25,7,2026-03-04,-9,97,surplus
Central California Food Bank,Fresno,Frozen vegetables mix,protein,301,bags,2026-02-23,365,2027-02-23,347,35,surplus
Feeding San Diego,San Diego,Broccoli,produce,56,lbs,2026-03-01,7,2026-03-08,-5,71,shortage
Los Angeles Regional Food Bank,Los Angeles,Yogurt cups,dairy,198,cups,2026-03-06,21,2026-03-27,14,80,balanced
Second Harvest of Silicon Valley,San Jose,Canned peas,canned,360,cans,2026-03-01,730,2028-02-29,718,29,surplus
Food Bank of Contra Costa and Solano,Concord,Chicken breast frozen,protein,149,packs,2026-03-03,180,2026-08-30,170,32,surplus
Sacramento Food Bank & Family Services,Sacramento,Onions,produce,269,lbs,2026-02-25,30,2026-03-27,14,88,surplus
Los Angeles Regional Food Bank,Los Angeles,Canned carrots,canned,393,cans,2026-03-08,730,2028-03-07,725,36,surplus
Alameda County Community Food Bank,Oakland,Bananas,produce,325,lbs,2026-03-13,7,2026-03-20,7,39,surplus
Yolo Food Bank,Woodland,Frozen berries,protein,336,bags,2026-02-21,365,2027-02-21,345,103,surplus
Feeding San Diego,San Diego,Canned black beans,canned,27,cans,2026-02-19,730,2028-02-19,708,70,shortage
Sacramento Food Bank & Family Services,Sacramento,Carrots fresh,produce,196,lbs,2026-03-13,21,2026-04-03,21,77,balanced
Sacramento Food Bank & Family Services,Sacramento,Cheese blocks,dairy,380,blocks,2026-02-24,30,2026-03-26,13,52,surplus
Central California Food Bank,Fresno,Ground turkey frozen,protein,216,packs,2026-02-18,180,2026-08-17,157,22,surplus
Sacramento Food Bank & Family Services,Sacramento,Avocados,produce,174,units,2026-03-04,7,2026-03-11,-2,97,balanced
Second Harvest of Silicon Valley,San Jose,Canned corn,canned,378,cans,2026-03-05,730,2028-03-04,722,43,surplus
Los Angeles Regional Food Bank,Los Angeles,Spinach,produce,83,bags,2026-03-12,7,2026-03-19,6,38,balanced
Sacramento Food Bank & Family Services,Sacramento,Rice 5lb bag,dry,57,bags,2026-03-13,730,2028-03-12,730,47,balanced
Sacramento Food Bank & Family Services,Sacramento,Lentils,dry,48,bags,2026-03-11,730,2028-03-10,728,55,shortage
Second Harvest Food Bank of Orange County,Irvine,Egg cartons,dairy,336,cartons,2026-03-03,21,2026-03-24,11,33,surplus
Food Bank of Contra Costa and Solano,Concord,Cheese blocks,dairy,91,blocks,2026-03-05,30,2026-04-04,22,52,balanced
Feeding San Diego,San Diego,Macaroni,dry,374,boxes,2026-02-25,730,2028-02-25,714,63,surplus
Second Harvest of Silicon Valley,San Jose,Canned tomatoes,canned,92,cans,2026-02-18,730,2028-02-18,707,51,balanced
San Francisco-Marin Food Bank,San Francisco,Canned tomatoes,canned,26,cans,2026-03-10,730,2028-03-09,727,20,balanced
Feeding San Diego,San Diego,Butter,dairy,382,packs,2026-03-05,60,2026-05-04,52,82,surplus
Second Harvest of Silicon Valley,San Jose,Macaroni,dry,199,boxes,2026-02-16,730,2028-02-16,705,53,surplus
Feeding San Diego,San Diego,Oranges,produce,97,lbs,2026-03-04,14,2026-03-18,5,75,balanced
Sacramento Food Bank & Family Services,Sacramento,Oatmeal,dry,58,boxes,2026-03-10,365,2027-03-10,362,25,balanced
Feeding San Diego,San Diego,Frozen berries,protein,226,bags,2026-03-09,365,2027-03-09,361,66,surplus
Alameda County Community Food Bank,Oakland,Cheese blocks,dairy,194,blocks,2026-03-10,30,2026-04-09,27,78,balanced
Central California Food Bank,Fresno,Yogurt cups,dairy,349,cups,2026-02-26,21,2026-03-19,6,78,surplus
Food Bank of Contra Costa and Solano,Concord,Canned tuna,canned,179,cans,2026-03-12,730,2028-03-11,729,26,surplus
Food Bank of Contra Costa and Solano,Concord,Milk gallons,dairy,385,gallons,2026-03-12,10,2026-03-22,9,39,surplus
Feeding San Diego,San Diego,Oranges,produce,246,lbs,2026-02-21,14,2026-03-07,-6,27,surplus
Central California Food Bank,Fresno,Onions,produce,287,lbs,2026-02-20,30,2026-03-22,9,38,surplus
Second Harvest of Silicon Valley,San Jose,Avocados,produce,30,units,2026-03-12,7,2026-03-19,6,29,balanced
Feeding San Diego,San Diego,Broccoli,produce,230,lbs,2026-03-08,7,2026-03-15,2,59,surplus
San Francisco-Marin Food Bank,San Francisco,Canned green beans,canned,19,cans,2026-03-13,730,2028-03-12,730,33,shortage
Food Bank of Contra Costa and Solano,Concord,Bananas,produce,355,lbs,2026-03-08,7,2026-03-15,2,37,surplus
Feeding San Diego,San Diego,Ground turkey frozen,protein,130,packs,2026-02-26,180,2026-08-25,165,55,balanced
Los Angeles Regional Food Bank,Los Angeles,Canned beans,canned,171,cans,2026-03-06,730,2028-03-05,723,91,balanced
Los Angeles Regional Food Bank,Los Angeles,Flour,dry,76,bags,2026-03-08,365,2027-03-08,360,107,shortage
San Francisco-Marin Food Bank,San Francisco,Spaghetti,dry,253,boxes,2026-03-12,730,2028-03-11,729,50,surplus
Los Angeles Regional Food Bank,Los Angeles,Ground turkey frozen,protein,328,packs,2026-02-28,180,2026-08-27,167,43,surplus
Second Harvest of Silicon Valley,San Jose,Canned chickpeas,canned,47,cans,2026-03-09,730,2028-03-08,726,77,shortage
Central California Food Bank,Fresno,Canned corn,canned,53,cans,2026-02-18,730,2028-02-18,707,90,shortage
Central California Food Bank,Fresno,Canned corn,canned,391,cans,2026-03-08,730,2028-03-07,725,90,surplus
Central California Food Bank,Fresno,Brown rice,dry,374,bags,2026-02-26,365,2027-02-26,350,120,surplus
Central California Food Bank,Fresno,Rice 5lb bag,dry,219,bags,2026-02-24,730,2028-02-24,713,113,balanced
Second Harvest of Silicon Valley,San Jose,Brown rice,dry,225,bags,2026-03-01,365,2027-03-01,353,108,balanced
Food Bank of Contra Costa and Solano,Concord,Broccoli,produce,269,lbs,2026-03-06,7,2026-03-13,0,96,balanced
Alameda County Community Food Bank,Oakland,Egg cartons,dairy,275,cartons,2026-02-25,21,2026-03-18,5,21,surplus
Second Harvest Food Bank of Orange County,Irvine,Yogurt cups,dairy,224,cups,2026-03-11,21,2026-04-01,19,38,surplus
Central California Food Bank,Fresno,Peanut butter,dry,14,jars,2026-02-20,365,2027-02-20,344,53,shortage
Los Angeles Regional Food Bank,Los Angeles,Canned chickpeas,canned,287,cans,2026-02-22,730,2028-02-22,711,21,surplus
Sacramento Food Bank & Family Services,Sacramento,Canned corn,canned,90,cans,2026-02-19,730,2028-02-19,708,53,balanced
Yolo Food Bank,Woodland,Oranges,produce,200,lbs,2026-03-11,14,2026-03-25,12,75,balanced
Los Angeles Regional Food Bank,Los Angeles,Canned chickpeas,canned,155,cans,2026-02-19,730,2028-02-19,708,61,balanced
Food Bank of Contra Costa and Solano,Concord,Peanut butter,dry,192,jars,2026-03-05,365,2027-03-05,357,78,balanced
Los Angeles Regional Food Bank,Los Angeles,Pasta,dry,104,boxes,2026-02-23,730,2028-02-23,712,41,balanced
Second Harvest Food Bank of Orange County,Irvine,Frozen berries,protein,55,bags,2026-02-16,365,2027-02-16,340,91,shortage
Yolo Food Bank,Woodland,Pasta,dry,101,boxes,2026-03-07,730,2028-03-06,724,92,balanced
Second Harvest Food Bank of Orange County,Irvine,Canned peas,canned,120,cans,2026-03-07,730,2028-03-06,724,22,surplus
Second Harvest Food Bank of Orange County,Irvine,Peanut butter,dry,208,jars,2026-02-28,365,2027-02-28,352,36,surplus
Alameda County Community Food Bank,Oakland,Bananas,produce,333,lbs,2026-02-20,7,2026-02-27,-14,71,surplus
Second Harvest Food Bank of Orange County,Irvine,Avocados,produce,83,units,2026-02-26,7,2026-03-05,-8,52,balanced
Food Bank of Contra Costa and Solano,Concord,Oranges,produce,111,lbs,2026-03-07,14,2026-03-21,8,105,balanced
Second Harvest Food Bank of Orange County,Irvine,Ground turkey frozen,protein,378,packs,2026-03-08,180,2026-09-04,175,77,surplus
Los Angeles Regional Food Bank,Los Angeles,Spaghetti,dry,184,boxes,2026-02-24,730,2028-02-24,713,62,balanced
Food Bank of Contra Costa and Solano,Concord,Rice 5lb bag,dry,64,bags,2026-03-07,730,2028-03-06,724,69,shortage
Yolo Food Bank,Woodland,Canned beans,canned,163,cans,2026-02-26,730,2028-02-26,715,76,balanced
Second Harvest of Silicon Valley,San Jose,Potatoes,produce,113,lbs,2026-02-28,30,2026-03-30,17,84,balanced
Second Harvest Food Bank of Orange County,Irvine,Carrots fresh,produce,133,lbs,2026-02-26,21,2026-03-19,6,29,surplus
Sacramento Food Bank & Family Services,Sacramento,Oranges,produce,389,lbs,2026-03-13,14,2026-03-27,14,32,surplus
Feeding San Diego,San Diego,Cereal,dry,75,boxes,2026-03-13,180,2026-09-09,180,117,shortage
Feeding San Diego,San Diego,Carrots fresh,produce,175,lbs,2026-02-16,21,2026-03-09,-4,30,surplus
Second Harvest of Silicon Valley,San Jose,Milk gallons,dairy,261,gallons,2026-02-26,10,2026-03-08,-5,91,balanced
Central California Food Bank,Fresno,Canned black beans,canned,124,cans,2026-02-22,730,2028-02-22,711,112,balanced
Food Bank of Contra Costa and Solano,Concord,Canned soup,canned,257,cans,2026-03-05,540,2027-08-27,532,62,surplus
Sacramento Food Bank & Family Services,Sacramento,Canned chickpeas,canned,393,cans,2026-02-18,730,2028-02-18,707,63,surplus
Second Harvest of Silicon Valley,San Jose,Canned soup,canned,56,cans,2026-03-07,540,2027-08-29,534,75,shortage
Los Angeles Regional Food Bank,Los Angeles,Frozen berries,protein,386,bags,2026-02-23,365,2027-02-23,347,34,surplus
Food Bank of Contra Costa and Solano,Concord,Butter,dairy,235,packs,2026-02-27,60,2026-04-28,46,42,surplus
Second Harvest of Silicon Valley,San Jose,Canned tomatoes,canned,116,cans,2026-02-22,730,2028-02-22,711,70,balanced
San Francisco-Marin Food Bank,San Francisco,Potatoes,produce,208,lbs,2026-02-24,30,2026-03-26,13,69,surplus
San Francisco-Marin Food Bank,San Francisco,Butter,dairy,285,packs,2026-02-21,60,2026-04-22,40,80,surplus
Feeding San Diego,San Diego,Carrots fresh,produce,343,lbs,2026-02-17,21,2026-03-10,-3,53,surplus
Second Harvest of Silicon Valley,San Jose,Spaghetti,dry,308,boxes,2026-03-01,730,2028-02-29,718,120,balanced
Sacramento Food Bank & Family Services,Sacramento,Canned chickpeas,canned,272,cans,2026-02-27,730,2028-02-27,716,24,surplus
Yolo Food Bank,Woodland,Brown rice,dry,127,bags,2026-02-24,365,2027-02-24,348,79,balanced
San Francisco-Marin Food Bank,San Francisco,Canned peas,canned,264,cans,2026-02-16,730,2028-02-16,705,102,balanced
Sacramento Food Bank & Family Services,Sacramento,Bananas,produce,275,lbs,2026-03-02,7,2026-03-09,-4,114,balanced
San Francisco-Marin Food Bank,San Francisco,Yogurt cups,dairy,93,cups,2026-03-05,21,2026-03-26,13,88,balanced
San Francisco-Marin Food Bank,San Francisco,Avocados,produce,53,units,2026-03-07,7,2026-03-14,1,38,balanced
Sacramento Food Bank & Family Services,Sacramento,Yogurt cups,dairy,138,cups,2026-03-06,21,2026-03-27,14,40,surplus
Yolo Food Bank,Woodland,Oranges,produce,345,lbs,2026-02-21,14,2026-03-07,-6,74,surplus
Food Bank of Contra Costa and Solano,Concord,Egg cartons,dairy,117,cartons,2026-02-27,21,2026-03-20,7,33,surplus
Los Angeles Regional Food Bank,Los Angeles,Chicken breast frozen,protein,165,packs,2026-03-13,180,2026-09-09,180,56,balanced
Yolo Food Bank,Woodland,Brown rice,dry,180,bags,2026-03-03,365,2027-03-03,355,59,surplus
Sacramento Food Bank & Family Services,Sacramento,Lettuce,produce,316,heads,2026-02-25,10,2026-03-07,-6,64,surplus
Alameda County Community Food Bank,Oakland,Canned soup,canned,366,cans,2026-02-22,540,2027-08-16,521,102,surplus
Second Harvest Food Bank of Orange County,Irvine,Avocados,produce,66,units,2026-03-08,7,2026-03-15,2,76,shortage
Los Angeles Regional Food Bank,Los Angeles,Potatoes,produce,117,lbs,2026-02-19,30,2026-03-21,8,78,balanced
Central California Food Bank,Fresno,Canned beans,canned,16,cans,2026-03-02,730,2028-03-01,719,91,shortage
Los Angeles Regional Food Bank,Los Angeles,Oranges,produce,357,lbs,2026-03-10,14,2026-03-24,11,58,surplus
Alameda County Community Food Bank,Oakland,Milk gallons,dairy,134,gallons,2026-02-18,10,2026-02-28,-13,73,balanced
San Francisco-Marin Food Bank,San Francisco,Onions,produce,136,lbs,2026-02-18,30,2026-03-20,7,64,balanced
Alameda County Community Food Bank,Oakland,Peanut butter,dry,145,jars,2026-03-11,365,2027-03-11,363,106,balanced
Feeding San Diego,San Diego,Bananas,produce,149,lbs,2026-03-13,7,2026-03-20,7,78,balanced
Food Bank of Contra Costa and Solano,Concord,Pasta,dry,42,boxes,2026-02-28,730,2028-02-28,717,119,shortage
Second Harvest of Silicon Valley,San Jose,Canned peas,canned,88,cans,2026-03-10,730,2028-03-09,727,20,surplus
Central California Food Bank,Fresno,Avocados,produce,32,units,2026-02-17,7,2026-02-24,-17,66,shortage
Central California Food Bank,Fresno,Bell peppers,produce,75,lbs,2026-03-04,10,2026-03-14,1,85,shortage
San Francisco-Marin Food Bank,San Francisco,Spinach,produce,280,bags,2026-02-26,7,2026-03-05,-8,28,surplus
Alameda County Community Food Bank,Oakland,Potatoes,produce,98,lbs,2026-02-23,30,2026-03-25,12,85,balanced
Food Bank of Contra Costa and Solano,Concord,Potatoes,produce,365,lbs,2026-03-12,30,2026-04-11,29,24,surplus
Second Harvest Food Bank of Orange County,Irvine,Oranges,produce,105,lbs,2026-03-10,14,2026-03-24,11,83,balanced
Alameda County Community Food Bank,Oakland,Frozen vegetables mix,protein,35,bags,2026-03-12,365,2027-03-12,364,61,shortage
Yolo Food Bank,Woodland,Lentils,dry,39,bags,2026-03-04,730,2028-03-03,721,26,balanced
Feeding San Diego,San Diego,Frozen berries,protein,117,bags,2026-02-28,365,2027-02-28,352,91,balanced
Yolo Food Bank,Woodland,Cereal,dry,318,boxes,2026-03-11,180,2026-09-07,178,119,balanced
San Francisco-Marin Food Bank,San Francisco,Cereal,dry,140,boxes,2026-02-23,180,2026-08-22,162,90,balanced
Sacramento Food Bank & Family Services,Sacramento,Cheese blocks,dairy,263,blocks,2026-03-12,30,2026-04-11,29,23,surplus
Sacramento Food Bank & Family Services,Sacramento,Potatoes,produce,367,lbs,2026-03-09,30,2026-04-08,26,78,surplus
Food Bank of Contra Costa and Solano,Concord,Oranges,produce,341,lbs,2026-03-07,14,2026-03-21,8,70,surplus
Alameda County Community Food Bank,Oakland,Canned carrots,canned,362,cans,2026-02-16,730,2028-02-16,705,67,surplus
Second Harvest of Silicon Valley,San Jose,Tomatoes,produce,118,lbs,2026-03-11,10,2026-03-21,8,103,balanced
Los Angeles Regional Food Bank,Los Angeles,Tomatoes,produce,66,lbs,2026-02-16,10,2026-02-26,-15,32,balanced
Feeding San Diego,San Diego,Milk gallons,dairy,38,gallons,2026-02-22,10,2026-03-04,-9,21,balanced
Food Bank of Contra Costa and Solano,Concord,Canned carrots,canned,102,cans,2026-02-17,730,2028-02-17,706,48,balanced
San Francisco-Marin Food Bank,San Francisco,Milk gallons,dairy,398,gallons,2026-02-21,10,2026-03-03,-10,28,surplus
Second Harvest Food Bank of Orange County,Irvine,Pasta,dry,72,boxes,2026-02-17,730,2028-02-17,706,79,shortage
Sacramento Food Bank & Family Services,Sacramento,Broccoli,produce,105,lbs,2026-03-06,7,2026-03-13,0,22,surplus
Sacramento Food Bank & Family Services,Sacramento,Almond butter,dry,283,jars,2026-03-01,365,2027-03-01,353,67,surplus
Sacramento Food Bank & Family Services,Sacramento,Canned corn,canned,31,cans,2026-02-16,730,2028-02-16,705,30,balanced
Yolo Food Bank,Woodland,Flour,dry,99,bags,2026-03-08,365,2027-03-08,360,21,surplus
Second Harvest of Silicon Valley,San Jose,Apples,produce,18,lbs,2026-02-25,21,2026-03-18,5,31,shortage
Second Harvest of Silicon Valley,San Jose,Canned corn,canned,242,cans,2026-03-01,730,2028-02-29,718,88,balanced
San Francisco-Marin Food Bank,San Francisco,Rice 5lb bag,dry,120,bags,2026-02-26,730,2028-02-26,715,113,balanced
San Francisco-Marin Food Bank,San Francisco,Cheese blocks,dairy,253,blocks,2026-02-23,30,2026-03-25,12,86,balanced
Yolo Food Bank,Woodland,Canned peas,canned,368,cans,2026-02-21,730,2028-02-21,710,67,surplus
Central California Food Bank,Fresno,Lettuce,produce,160,heads,2026-02-28,10,2026-03-10,-3,50,surplus
Alameda County Community Food Bank,Oakland,Canned peas,canned,358,cans,2026-02-28,730,2028-02-28,717,34,surplus
Second Harvest of Silicon Valley,San Jose,Bell peppers,produce,260,lbs,2026-03-09,10,2026-03-19,6,101,balanced
Sacramento Food Bank & Family Services,Sacramento,Pasta,dry,134,boxes,2026-02-21,730,2028-02-21,710,28,surplus
Central California Food Bank,Fresno,Canned green beans,canned,123,cans,2026-02-17,730,2028-02-17,706,69,balanced
Alameda County Community Food Bank,Oakland,Cheese blocks,dairy,77,blocks,2026-02-23,30,2026-03-25,12,118,shortage
San Francisco-Marin Food Bank,San Francisco,Frozen berries,protein,68,bags,2026-02-17,365,2027-02-17,341,100,shortage
San Francisco-Marin Food Bank,San Francisco,Apples,produce,149,lbs,2026-02-27,21,2026-03-20,7,119,balanced
Second Harvest of Silicon Valley,San Jose,Carrots fresh,produce,142,lbs,2026-03-11,21,2026-04-01,19,34,surplus
Food Bank of Contra Costa and Solano,Concord,Canned peas,canned,368,cans,2026-02-22,730,2028-02-22,711,90,surplus
Second Harvest Food Bank of Orange County,Irvine,Onions,produce,160,lbs,2026-02-24,30,2026-03-26,13,51,surplus
Sacramento Food Bank & Family Services,Sacramento,Peanut butter,dry,55,jars,2026-02-20,365,2027-02-20,344,120,shortage
Los Angeles Regional Food Bank,Los Angeles,Almond butter,dry,339,jars,2026-02-16,365,2027-02-16,340,116,balanced
Food Bank of Contra Costa and Solano,Concord,Canned green beans,canned,184,cans,2026-03-11,730,2028-03-10,728,88,balanced
San Francisco-Marin Food Bank,San Francisco,Peanut butter,dry,340,jars,2026-02-21,365,2027-02-21,345,61,surplus
Food Bank of Contra Costa and Solano,Concord,Apples,produce,19,lbs,2026-03-13,21,2026-04-03,21,82,shortage
Feeding San Diego,San Diego,Lettuce,produce,97,heads,2026-03-10,10,2026-03-20,7,51,balanced
Central California Food Bank,Fresno,Canned chickpeas,canned,338,cans,2026-03-13,730,2028-03-12,730,30,surplus
Sacramento Food Bank & Family Services,Sacramento,Milk gallons,dairy,302,gallons,2026-02-20,10,2026-03-02,-11,103,balanced
Food Bank of Contra Costa and Solano,Concord,Chicken breast frozen,protein,80,packs,2026-02-20,180,2026-08-19,159,40,balanced
Sacramento Food Bank & Family Services,Sacramento,Canned black beans,canned,156,cans,2026-02-26,730,2028-02-26,715,29,surplus
Feeding San Diego,San Diego,Oatmeal,dry,246,boxes,2026-03-07,365,2027-03-07,359,65,surplus
Yolo Food Bank,Woodland,Milk gallons,dairy,39,gallons,2026-02-17,10,2026-02-27,-14,71,shortage
Food Bank of Contra Costa and Solano,Concord,Carrots fresh,produce,188,lbs,2026-02-25,21,2026-03-18,5,88,balanced
Central California Food Bank,Fresno,Ground turkey frozen,protein,207,packs,2026-03-01,180,2026-08-28,168,72,balanced
Feeding San Diego,San Diego,Pasta,dry,112,boxes,2026-03-01,730,2028-02-29,718,80,balanced
Sacramento Food Bank & Family Services,Sacramento,Tomatoes,produce,120,lbs,2026-03-05,10,2026-03-15,2,60,balanced
Sacramento Food Bank & Family Services,Sacramento,Canned black beans,canned,152,cans,2026-03-09,730,2028-03-08,726,68,balanced
Food Bank of Contra Costa and Solano,Concord,Potatoes,produce,145,lbs,2026-03-11,30,2026-04-10,28,64,balanced
San Francisco-Marin Food Bank,San Francisco,Canned tuna,canned,63,cans,2026-03-09,730,2028-03-08,726,74,shortage
Yolo Food Bank,Woodland,Onions,produce,13,lbs,2026-03-01,30,2026-03-31,18,50,shortage
San Francisco-Marin Food Bank,San Francisco,Canned carrots,canned,314,cans,2026-03-02,730,2028-03-01,719,27,surplus
Central California Food Bank,Fresno,Canned carrots,canned,13,cans,2026-02-24,730,2028-02-24,713,91,shortage
Alameda County Community Food Bank,Oakland,Potatoes,produce,380,lbs,2026-02-19,30,2026-03-21,8,66,surplus
Second Harvest of Silicon Valley,San Jose,Milk gallons,dairy,164,gallons,2026-03-03,10,2026-03-13,0,114,balanced
San Francisco-Marin Food Bank,San Francisco,Canned beans,canned,127,cans,2026-03-07,730,2028-03-06,724,58,balanced
Central California Food Bank,Fresno,Frozen berries,protein,309,bags,2026-02-25,365,2027-02-25,349,30,surplus
Central California Food Bank,Fresno,Peanut butter,dry,161,jars,2026-02-22,365,2027-02-22,346,106,balanced
Central California Food Bank,Fresno,Canned peas,canned,185,cans,2026-03-05,730,2028-03-04,722,59,surplus
Yolo Food Bank,Woodland,Spinach,produce,332,bags,2026-03-03,7,2026-03-10,-3,80,surplus
San Francisco-Marin Food Bank,San Francisco,Bananas,produce,375,lbs,2026-02-28,7,2026-03-07,-6,67,surplus
Second Harvest Food Bank of Orange County,Irvine,Flour,dry,358,bags,2026-03-01,365,2027-03-01,353,114,surplus
Alameda County Community Food Bank,Oakland,Spaghetti,dry,70,boxes,2026-02-22,730,2028-02-22,711,105,shortage
Second Harvest of Silicon Valley,San Jose,Lettuce,produce,352,heads,2026-03-01,10,2026-03-11,-2,79,surplus
Food Bank of Contra Costa and Solano,Concord,Peanut butter,dry,81,jars,2026-03-08,365,2027-03-08,360,107,shortage
Feeding San Diego,San Diego,Avocados,produce,388,units,2026-03-09,7,2026-03-16,3,65,surplus
Feeding San Diego,San Diego,Canned chickpeas,canned,250,cans,2026-03-06,730,2028-03-05,723,88,balanced
Feeding San Diego,San Diego,Canned green beans,canned,16,cans,2026-02-18,730,2028-02-18,707,88,shortage
Central California Food Bank,Fresno,Canned beans,canned,297,cans,2026-03-04,730,2028-03-03,721,105,balanced
Second Harvest of Silicon Valley,San Jose,Macaroni,dry,336,boxes,2026-02-16,730,2028-02-16,705,110,surplus
Alameda County Community Food Bank,Oakland,Carrots fresh,produce,311,lbs,2026-03-06,21,2026-03-27,14,100,surplus
Central California Food Bank,Fresno,Canned carrots,canned,120,cans,2026-02-22,730,2028-02-22,711,101,balanced
Second Harvest of Silicon Valley,San Jose,Carrots fresh,produce,308,lbs,2026-02-22,21,2026-03-15,2,30,surplus
Feeding San Diego,San Diego,Milk gallons,dairy,31,gallons,2026-03-07,10,2026-03-17,4,65,shortage
Alameda County Community Food Bank,Oakland,Broccoli,produce,196,lbs,2026-03-09,7,2026-03-16,3,40,surplus
San Francisco-Marin Food Bank,San Francisco,Canned tomatoes,canned,37,cans,2026-03-03,730,2028-03-02,720,76,shortage
Alameda County Community Food Bank,Oakland,Avocados,produce,217,units,2026-02-20,7,2026-02-27,-14,113,balanced
Yolo Food Bank,Woodland,Sugar,dry,258,bags,2026-02-28,730,2028-02-28,717,74,surplus
Los Angeles Regional Food Bank,Los Angeles,Tomatoes,produce,23,lbs,2026-02-16,10,2026-02-26,-15,99,shortage
Yolo Food Bank,Woodland,Bell peppers,produce,346,lbs,2026-03-10,10,2026-03-20,7,25,surplus
Food Bank of Contra Costa and Solano,Concord,Canned black beans,canned,87,cans,2026-03-12,730,2028-03-11,729,102,shortage
Second Harvest of Silicon Valley,San Jose,Sugar,dry,311,bags,2026-02-22,730,2028-02-22,711,96,surplus
Food Bank of Contra Costa and Solano,Concord,Sugar,dry,315,bags,2026-02-21,730,2028-02-21,710,47,surplus
San Francisco-Marin Food Bank,San Francisco,Canned beans,canned,89,cans,2026-02-18,730,2028-02-18,707,77,balanced
Food Bank of Contra Costa and Solano,Concord,Rice 5lb bag,dry,54,bags,2026-02-23,730,2028-02-23,712,95,shortage
Central California Food Bank,Fresno,Oatmeal,dry,81,boxes,2026-02-27,365,2027-02-27,351,109,shortage
Alameda County Community Food Bank,Oakland,Egg cartons,dairy,369,cartons,2026-03-04,21,2026-03-25,12,99,surplus
Yolo Food Bank,Woodland,Canned beans,canned,185,cans,2026-02-28,730,2028-02-28,717,95,balanced
San Francisco-Marin Food Bank,San Francisco,Broccoli,produce,208,lbs,2026-02-19,7,2026-02-26,-15,64,surplus
Central California Food Bank,Fresno,Frozen vegetables mix,protein,105,bags,2026-02-17,365,2027-02-17,341,72,balanced
Second Harvest of Silicon Valley,San Jose,Lettuce,produce,390,heads,2026-02-28,10,2026-03-10,-3,79,surplus
Central California Food Bank,Fresno,Bell peppers,produce,130,lbs,2026-02-27,10,2026-03-09,-4,113,balanced
Sacramento Food Bank & Family Services,Sacramento,Sugar,dry,238,bags,2026-02-17,730,2028-02-17,706,81,balanced
Sacramento Food Bank & Family Services,Sacramento,Spaghetti,dry,288,boxes,2026-02-23,730,2028-02-23,712,110,balanced
Food Bank of Contra Costa and Solano,Concord,Carrots fresh,produce,115,lbs,2026-03-04,21,2026-03-25,12,88,balanced
Yolo Food Bank,Woodland,Canned tuna,canned,359,cans,2026-02-28,730,2028-02-28,717,70,surplus
Food Bank of Contra Costa and Solano,Concord,Canned soup,canned,13,cans,2026-02-19,540,2027-08-13,518,105,shortage
Second Harvest Food Bank of Orange County,Irvine,Rice 5lb bag,dry,326,bags,2026-02-18,730,2028-02-18,707,29,surplus
Food Bank of Contra Costa and Solano,Concord,Egg cartons,dairy,254,cartons,2026-02-22,21,2026-03-15,2,107,balanced
San Francisco-Marin Food Bank,San Francisco,Peanut butter,dry,304,jars,2026-02-27,365,2027-02-27,351,49,surplus
Los Angeles Regional Food Bank,Los Angeles,Broccoli,produce,97,lbs,2026-03-13,7,2026-03-20,7,26,surplus
Alameda County Community Food Bank,Oakland,Canned green beans,canned,61,cans,2026-03-08,730,2028-03-07,725,79,shortage
Central California Food Bank,Fresno,Oatmeal,dry,279,boxes,2026-03-11,365,2027-03-11,363,87,surplus
Sacramento Food Bank & Family Services,Sacramento,Oatmeal,dry,355,boxes,2026-02-22,365,2027-02-22,346,69,surplus
Yolo Food Bank,Woodland,Bananas,produce,117,lbs,2026-03-03,7,2026-03-10,-3,87,balanced
Second Harvest Food Bank of Orange County,Irvine,Broccoli,produce,230,lbs,2026-02-20,7,2026-02-27,-14,108,balanced
Alameda County Community Food Bank,Oakland,Pasta,dry,85,boxes,2026-02-23,730,2028-02-23,712,40,balanced
Alameda County Community Food Bank,Oakland,Canned peas,canned,57,cans,2026-02-26,730,2028-02-26,715,103,shortage
Alameda County Community Food Bank,Oakland,Canned tomatoes,canned,108,cans,2026-02-20,730,2028-02-20,709,87,balanced
Food Bank of Contra Costa and Solano,Concord,Butter,dairy,178,packs,2026-03-06,60,2026-05-05,53,24,surplus
Alameda County Community Food Bank,Oakland,Canned carrots,canned,114,cans,2026-03-01,730,2028-02-29,718,43,balanced
San Francisco-Marin Food Bank,San Francisco,Frozen vegetables mix,protein,56,bags,2026-02-27,365,2027-02-27,351,37,balanced
Central California Food Bank,Fresno,Frozen berries,protein,52,bags,2026-02-26,365,2027-02-26,350,44,balanced
Alameda County Community Food Bank,Oakland,Lentils,dry,240,bags,2026-02-17,730,2028-02-17,706,72,surplus
San Francisco-Marin Food Bank,San Francisco,Brown rice,dry,158,bags,2026-02-16,365,2027-02-16,340,63,balanced
Second Harvest of Silicon Valley,San Jose,Frozen berries,protein,13,bags,2026-02-24,365,2027-02-24,348,87,shortage
Alameda County Community Food Bank,Oakland,Rice 5lb bag,dry,222,bags,2026-03-09,730,2028-03-08,726,101,balanced
Alameda County Community Food Bank,Oakland,Canned tuna,canned,14,cans,2026-03-04,730,2028-03-03,721,58,shortage
Sacramento Food Bank & Family Services,Sacramento,Canned peas,canned,400,cans,2026-03-03,730,2028-03-02,720,22,surplus
San Francisco-Marin Food Bank,San Francisco,Canned corn,canned,258,cans,2026-03-07,730,2028-03-06,724,53,surplus
Yolo Food Bank,Woodland,Yogurt cups,dairy,148,cups,2026-03-04,21,2026-03-25,12,52,balanced
Sacramento Food Bank & Family Services,Sacramento,Canned tuna,canned,232,cans,2026-03-10,730,2028-03-09,727,41,surplus
Central California Food Bank,Fresno,Potatoes,produce,275,lbs,2026-02-18,30,2026-03-20,7,107,balanced
Sacramento Food Bank & Family Services,Sacramento,Ground turkey frozen,protein,112,packs,2026-03-02,180,2026-08-29,169,62,balanced
San Francisco-Marin Food Bank,San Francisco,Ground turkey frozen,protein,168,packs,2026-03-02,180,2026-08-29,169,105,balanced
Feeding San Diego,San Diego,Egg cartons,dairy,72,cartons,2026-03-06,21,2026-03-27,14,28,balanced
Feeding San Diego,San Diego,Spinach,produce,77,bags,2026-02-25,7,2026-03-04,-9,68,balanced
Second Harvest of Silicon Valley,San Jose,Oranges,produce,178,lbs,2026-02-23,14,2026-03-09,-4,104,balanced
Second Harvest Food Bank of Orange County,Irvine,Canned green beans,canned,372,cans,2026-03-13,730,2028-03-12,730,81,surplus
Food Bank of Contra Costa and Solano,Concord,Spaghetti,dry,51,boxes,2026-02-22,730,2028-02-22,711,119,shortage
Alameda County Community Food Bank,Oakland,Frozen berries,protein,212,bags,2026-02-23,365,2027-02-23,347,30,surplus
Feeding San Diego,San Diego,Canned beans,canned,306,cans,2026-02-21,730,2028-02-21,710,102,balanced
Feeding San Diego,San Diego,Oatmeal,dry,330,boxes,2026-02-25,365,2027-02-25,349,48,surplus
Feeding San Diego,San Diego,Avocados,produce,354,units,2026-02-20,7,2026-02-27,-14,82,surplus
Central California Food Bank,Fresno,Onions,produce,369,lbs,2026-03-05,30,2026-04-04,22,64,surplus
Food Bank of Contra Costa and Solano,Concord,Brown rice,dry,289,bags,2026-03-10,365,2027-03-10,362,79,surplus
Central California Food Bank,Fresno,Almond butter,dry,228,jars,2026-03-12,365,2027-03-12,364,95,balanced
Sacramento Food Bank & Family Services,Sacramento,Canned chickpeas,canned,335,cans,2026-02-25,730,2028-02-25,714,21,surplus
Second Harvest Food Bank of Orange County,Irvine,Butter,dairy,333,packs,2026-02-16,60,2026-04-17,35,58,surplus
Second Harvest of Silicon Valley,San Jose,Canned chickpeas,canned,155,cans,2026-03-09,730,2028-03-08,726,85,balanced
Central California Food Bank,Fresno,Lettuce,produce,349,heads,2026-03-09,10,2026-03-19,6,56,surplus
San Francisco-Marin Food Bank,San Francisco,Peanut butter,dry,85,jars,2026-02-25,365,2027-02-25,349,43,balanced
Feeding San Diego,San Diego,Canned green beans,canned,264,cans,2026-03-06,730,2028-03-05,723,36,surplus
Food Bank of Contra Costa and Solano,Concord,Flour,dry,397,bags,2026-02-27,365,2027-02-27,351,117,surplus
Yolo Food Bank,Woodland,Carrots fresh,produce,29,lbs,2026-03-13,21,2026-04-03,21,118,shortage
Central California Food Bank,Fresno,Canned carrots,canned,59,cans,2026-02-24,730,2028-02-24,713,87,shortage
Alameda County Community Food Bank,Oakland,Rice 5lb bag,dry,380,bags,2026-02-22,730,2028-02-22,711,91,surplus
Sacramento Food Bank & Family Services,Sacramento,Sugar,dry,357,bags,2026-02-25,730,2028-02-25,714,115,surplus
Alameda County Community Food Bank,Oakland,Bananas,produce,344,lbs,2026-03-13,7,2026-03-20,7,25,surplus
Feeding San Diego,San Diego,Brown rice,dry,398,bags,2026-02-16,365,2027-02-16,340,28,surplus
Sacramento Food Bank & Family Services,Sacramento,Cheese blocks,dairy,13,blocks,2026-03-02,30,2026-04-01,19,114,shortage
Second Harvest of Silicon Valley,San Jose,Canned salmon,canned,169,cans,2026-02-17,730,2028-02-17,706,29,surplus
Sacramento Food Bank & Family Services,Sacramento,Canned salmon,canned,110,cans,2026-02-17,730,2028-02-17,706,30,surplus
San Francisco-Marin Food Bank,San Francisco,Canned soup,canned,239,cans,2026-03-07,540,2027-08-29,534,92,balanced
Feeding San Diego,San Diego,Spinach,produce,82,bags,2026-03-13,7,2026-03-20,7,43,balanced
Yolo Food Bank,Woodland,Egg cartons,dairy,252,cartons,2026-02-17,21,2026-03-10,-3,70,surplus
Yolo Food Bank,Woodland,Canned tuna,canned,284,cans,2026-02-25,730,2028-02-25,714,109,balanced
Sacramento Food Bank & Family Services,Sacramento,Bell peppers,produce,77,lbs,2026-02-24,10,2026-03-06,-7,104,shortage
Feeding San Diego,San Diego,Apples,produce,294,lbs,2026-02-23,21,2026-03-16,3,32,surplus
San Francisco-Marin Food Bank,San Francisco,Canned corn,canned,37,cans,2026-03-06,730,2028-03-05,723,79,shortage
Yolo Food Bank,Woodland,Canned green beans,canned,356,cans,2026-02-23,730,2028-02-23,712,84,surplus
Los Angeles Regional Food Bank,Los Angeles,Canned carrots,canned,327,cans,2026-02-19,730,2028-02-19,708,55,surplus
Sacramento Food Bank & Family Services,Sacramento,Frozen berries,protein,347,bags,2026-02-22,365,2027-02-22,346,67,surplus
Central California Food Bank,Fresno,Canned beans,canned,322,cans,2026-02-25,730,2028-02-25,714,96,surplus
Alameda County Community Food Bank,Oakland,Apples,produce,162,lbs,2026-02-19,21,2026-03-12,-1,118,balanced
Alameda County Community Food Bank,Oakland,Potatoes,produce,147,lbs,2026-03-01,30,2026-03-31,18,47,surplus
Feeding San Diego,San Diego,Spaghetti,dry,98,boxes,2026-02-20,730,2028-02-20,709,80,balanced
Sacramento Food Bank & Family Services,Sacramento,Ground turkey frozen,protein,183,packs,2026-03-09,180,2026-09-05,176,71,balanced
Yolo Food Bank,Woodland,Bell peppers,produce,207,lbs,2026-03-05,10,2026-03-15,2,102,balanced
Second Harvest of Silicon Valley,San Jose,Spinach,produce,235,bags,2026-02-28,7,2026-03-07,-6,34,surplus
Second Harvest Food Bank of Orange County,Irvine,Frozen vegetables mix,protein,317,bags,2026-03-01,365,2027-03-01,353,76,surplus
Second Harvest of Silicon Valley,San Jose,Egg cartons,dairy,18,cartons,2026-02-26,21,2026-03-19,6,43,shortage
Alameda County Community Food Bank,Oakland,Brown rice,dry,327,bags,2026-02-24,365,2027-02-24,348,94,surplus
San Francisco-Marin Food Bank,San Francisco,Canned corn,canned,41,cans,2026-02-17,730,2028-02-17,706,96,shortage
Food Bank of Contra Costa and Solano,Concord,Spinach,produce,397,bags,2026-02-19,7,2026-02-26,-15,100,surplus
Feeding San Diego,San Diego,Butter,dairy,58,packs,2026-03-12,60,2026-05-11,59,62,shortage
Los Angeles Regional Food Bank,Los Angeles,Frozen berries,protein,221,bags,2026-02-26,365,2027-02-26,350,46,surplus
Yolo Food Bank,Woodland,Butter,dairy,339,packs,2026-03-08,60,2026-05-07,55,54,surplus
Central California Food Bank,Fresno,Brown rice,dry,383,bags,2026-02-19,365,2027-02-19,343,84,surplus
Central California Food Bank,Fresno,Bell peppers,produce,102,lbs,2026-02-21,10,2026-03-03,-10,79,balanced
Los Angeles Regional Food Bank,Los Angeles,Frozen vegetables mix,protein,70,bags,2026-02-21,365,2027-02-21,345,115,shortage
Los Angeles Regional Food Bank,Los Angeles,Macaroni,dry,29,boxes,2026-03-07,730,2028-03-06,724,102,shortage
Los Angeles Regional Food Bank,Los Angeles,Ground turkey frozen,protein,332,packs,2026-02-24,180,2026-08-23,163,89,surplus
Los Angeles Regional Food Bank,Los Angeles,Tomatoes,produce,32,lbs,2026-03-04,10,2026-03-14,1,58,shortage
Sacramento Food Bank & Family Services,Sacramento,Apples,produce,278,lbs,2026-02-18,21,2026-03-11,-2,41,surplus
Second Harvest Food Bank of Orange County,Irvine,Apples,produce,234,lbs,2026-03-07,21,2026-03-28,15,92,balanced
Feeding San Diego,San Diego,Spaghetti,dry,251,boxes,2026-03-08,730,2028-03-07,725,81,surplus
Los Angeles Regional Food Bank,Los Angeles,Canned chickpeas,canned,192,cans,2026-02-18,730,2028-02-18,707,89,balanced
Yolo Food Bank,Woodland,Yogurt cups,dairy,171,cups,2026-02-22,21,2026-03-15,2,27,surplus
Sacramento Food Bank & Family Services,Sacramento,Sugar,dry,272,bags,2026-02-19,730,2028-02-19,708,100,balanced
Second Harvest of Silicon Valley,San Jose,Canned carrots,canned,45,cans,2026-03-13,730,2028-03-12,730,61,shortage
San Francisco-Marin Food Bank,San Francisco,Canned black beans,canned,31,cans,2026-03-09,730,2028-03-08,726,25,balanced
Feeding San Diego,San Diego,Bell peppers,produce,93,lbs,2026-03-08,10,2026-03-18,5,28,surplus
Alameda County Community Food Bank,Oakland,Tomatoes,produce,69,lbs,2026-03-05,10,2026-03-15,2,23,balanced
San Francisco-Marin Food Bank,San Francisco,Carrots fresh,produce,98,lbs,2026-02-19,21,2026-03-12,-1,21,surplus
Yolo Food Bank,Woodland,Almond butter,dry,299,jars,2026-03-06,365,2027-03-06,358,103,balanced
Yolo Food Bank,Woodland,Spaghetti,dry,221,boxes,2026-02-18,730,2028-02-18,707,71,surplus
Food Bank of Contra Costa and Solano,Concord,Canned chickpeas,canned,19,cans,2026-02-16,730,2028-02-16,705,55,shortage
Sacramento Food Bank & Family Services,Sacramento,Spinach,produce,33,bags,2026-02-22,7,2026-03-01,-12,58,shortage
Yolo Food Bank,Woodland,Broccoli,produce,348,lbs,2026-03-08,7,2026-03-15,2,79,surplus
Los Angeles Regional Food Bank,Los Angeles,Macaroni,dry,37,boxes,2026-02-28,730,2028-02-28,717,79,shortage
Second Harvest of Silicon Valley,San Jose,Butter,dairy,311,packs,2026-02-16,60,2026-04-17,35,110,balanced
Food Bank of Contra Costa and Solano,Concord,Oatmeal,dry,78,boxes,2026-02-16,365,2027-02-16,340,68,balanced
San Francisco-Marin Food Bank,San Francisco,Ground turkey frozen,protein,400,packs,2026-02-19,180,2026-08-18,158,76,surplus
Los Angeles Regional Food Bank,Los Angeles,Cereal,dry,104,boxes,2026-03-09,180,2026-09-05,176,43,balanced
Second Harvest Food Bank of Orange County,Irvine,Canned peas,canned,174,cans,2026-02-24,730,2028-02-24,713,53,surplus
Alameda County Community Food Bank,Oakland,Almond butter,dry,190,jars,2026-03-13,365,2027-03-13,365,45,surplus
Food Bank of Contra Costa and Solano,Concord,Pasta,dry,94,boxes,2026-03-09,730,2028-03-08,726,66,balanced
Feeding San Diego,San Diego,Ground turkey frozen,protein,215,packs,2026-02-22,180,2026-08-21,161,85,balanced
Second Harvest Food Bank of Orange County,Irvine,Lentils,dry,393,bags,2026-02-25,730,2028-02-25,714,78,surplus
Second Harvest Food Bank of Orange County,Irvine,Bananas,produce,146,lbs,2026-02-16,7,2026-02-23,-18,30,surplus
Los Angeles Regional Food Bank,Los Angeles,Canned carrots,canned,64,cans,2026-02-19,730,2028-02-19,708,83,shortage
Food Bank of Contra Costa and Solano,Concord,Pasta,dry,98,boxes,2026-03-08,730,2028-03-07,725,72,balanced
Yolo Food Bank,Woodland,Onions,produce,282,lbs,2026-02-23,30,2026-03-25,12,112,balanced
Los Angeles Regional Food Bank,Los Angeles,Almond butter,dry,265,jars,2026-03-09,365,2027-03-09,361,34,surplus
San Francisco-Marin Food Bank,San Francisco,Cereal,dry,333,boxes,2026-03-09,180,2026-09-05,176,21,surplus
Second Harvest Food Bank of Orange County,Irvine,Cereal,dry,181,boxes,2026-03-03,180,2026-08-30,170,49,surplus
Feeding San Diego,San Diego,Canned corn,canned,198,cans,2026-03-03,730,2028-03-02,720,26,surplus
Alameda County Community Food Bank,Oakland,Canned beans,canned,94,cans,2026-02-21,730,2028-02-21,710,94,balanced
Alameda County Community Food Bank,Oakland,Canned salmon,canned,241,cans,2026-03-05,730,2028-03-04,722,35,surplus
Food Bank of Contra Costa and Solano,Concord,Frozen vegetables mix,protein,173,bags,2026-03-11,365,2027-03-11,363,47,surplus
San Francisco-Marin Food Bank,San Francisco,Avocados,produce,96,units,2026-02-25,7,2026-03-04,-9,107,shortage
Second Harvest Food Bank of Orange County,Irvine,Pasta,dry,90,boxes,2026-03-05,730,2028-03-04,722,25,surplus
Alameda County Community Food Bank,Oakland,Tomatoes,produce,176,lbs,2026-02-16,10,2026-02-26,-15,51,surplus
Central California Food Bank,Fresno,Rice 5lb bag,dry,352,bags,2026-03-04,730,2028-03-03,721,85,surplus
Second Harvest Food Bank of Orange County,Irvine,Peanut butter,dry,106,jars,2026-03-09,365,2027-03-09,361,20,surplus
Food Bank of Contra Costa and Solano,Concord,Oatmeal,dry,204,boxes,2026-03-12,365,2027-03-12,364,76,balanced
Sacramento Food Bank & Family Services,Sacramento,Flour,dry,220,bags,2026-03-06,365,2027-03-06,358,36,surplus
Second Harvest Food Bank of Orange County,Irvine,Milk gallons,dairy,391,gallons,2026-03-08,10,2026-03-18,5,53,surplus
Los Angeles Regional Food Bank,Los Angeles,Canned black beans,canned,335,cans,2026-03-12,730,2028-03-11,729,66,surplus
Yolo Food Bank,Woodland,Canned black beans,canned,311,cans,2026-02-16,730,2028-02-16,705,49,surplus
Central California Food Bank,Fresno,Canned beans,canned,348,cans,2026-02-19,730,2028-02-19,708,36,surplus
Central California Food Bank,Fresno,Peanut butter,dry,240,jars,2026-02-20,365,2027-02-20,344,73,surplus
Food Bank of Contra Costa and Solano,Concord,Canned beans,canned,229,cans,2026-02-26,730,2028-02-26,715,115,balanced
Second Harvest of Silicon Valley,San Jose,Cheese blocks,dairy,215,blocks,2026-03-11,30,2026-04-10,28,51,surplus
Second Harvest of Silicon Valley,San Jose,Oatmeal,dry,388,boxes,2026-02-16,365,2027-02-16,340,109,surplus
San Francisco-Marin Food Bank,San Francisco,Lentils,dry,305,bags,2026-03-13,730,2028-03-12,730,114,balanced
Central California Food Bank,Fresno,Cereal,dry,57,boxes,2026-03-06,180,2026-09-02,173,65,shortage
Sacramento Food Bank & Family Services,Sacramento,Canned beans,canned,400,cans,2026-02-26,730,2028-02-26,715,41,surplus
Los Angeles Regional Food Bank,Los Angeles,Lettuce,produce,282,heads,2026-02-28,10,2026-03-10,-3,100,balanced
Los Angeles Regional Food Bank,Los Angeles,Frozen berries,protein,211,bags,2026-02-16,365,2027-02-16,340,41,surplus
Food Bank of Contra Costa and Solano,Concord,Almond butter,dry,71,jars,2026-03-07,365,2027-03-07,359,75,shortage
Sacramento Food Bank & Family Services,Sacramento,Lentils,dry,196,bags,2026-03-03,730,2028-03-02,720,56,surplus
Central California Food Bank,Fresno,Apples,produce,327,lbs,2026-02-25,21,2026-03-18,5,28,surplus
Los Angeles Regional Food Bank,Los Angeles,Frozen vegetables mix,protein,55,bags,2026-02-28,365,2027-02-28,352,38,balanced
Food Bank of Contra Costa and Solano,Concord,Canned salmon,canned,141,cans,2026-03-09,730,2028-03-08,726,28,surplus
Yolo Food Bank,Woodland,Ground turkey frozen,protein,116,packs,2026-02-27,180,2026-08-26,166,20,surplus
Alameda County Community Food Bank,Oakland,Avocados,produce,154,units,2026-03-08,7,2026-03-15,2,109,balanced
Alameda County Community Food Bank,Oakland,Egg cartons,dairy,162,cartons,2026-02-18,21,2026-03-11,-2,30,surplus
Alameda County Community Food Bank,Oakland,Lettuce,produce,107,heads,2026-03-13,10,2026-03-23,10,77,balanced
Second Harvest Food Bank of Orange County,Irvine,Brown rice,dry,251,bags,2026-03-06,365,2027-03-06,358,21,surplus
Second Harvest Food Bank of Orange County,Irvine,Peanut butter,dry,199,jars,2026-02-19,365,2027-02-19,343,58,surplus
Los Angeles Regional Food Bank,Los Angeles,Milk gallons,dairy,19,gallons,2026-02-19,10,2026-03-01,-12,58,shortage
Sacramento Food Bank & Family Services,Sacramento,Spinach,produce,257,bags,2026-03-02,7,2026-03-09,-4,57,surplus
Feeding San Diego,San Diego,Canned green beans,canned,321,cans,2026-03-05,730,2028-03-04,722,101,surplus
Yolo Food Bank,Woodland,Oatmeal,dry,310,boxes,2026-03-01,365,2027-03-01,353,92,surplus
Feeding San Diego,San Diego,Oranges,produce,381,lbs,2026-03-11,14,2026-03-25,12,73,surplus
Second Harvest Food Bank of Orange County,Irvine,Carrots fresh,produce,94,lbs,2026-02-20,21,2026-03-13,0,114,shortage
San Francisco-Marin Food Bank,San Francisco,Bell peppers,produce,163,lbs,2026-02-25,10,2026-03-07,-6,96,balanced
Second Harvest Food Bank of Orange County,Irvine,Canned carrots,canned,106,cans,2026-02-16,730,2028-02-16,705,86,balanced
Los Angeles Regional Food Bank,Los Angeles,Bananas,produce,176,lbs,2026-02-20,7,2026-02-27,-14,32,surplus
Sacramento Food Bank & Family Services,Sacramento,Avocados,produce,398,units,2026-03-12,7,2026-03-19,6,101,surplus
Second Harvest of Silicon Valley,San Jose,Peanut butter,dry,91,jars,2026-02-16,365,2027-02-16,340,50,balanced
Central California Food Bank,Fresno,Spaghetti,dry,56,boxes,2026-03-04,730,2028-03-03,721,97,shortage
Central California Food Bank,Fresno,Canned peas,canned,346,cans,2026-03-01,730,2028-02-29,718,29,surplus
Second Harvest of Silicon Valley,San Jose,Bananas,produce,239,lbs,2026-03-10,7,2026-03-17,4,80,balanced
Food Bank of Contra Costa and Solano,Concord,Oatmeal,dry,234,boxes,2026-02-24,365,2027-02-24,348,83,balanced
Central California Food Bank,Fresno,Canned corn,canned,94,cans,2026-02-28,730,2028-02-28,717,112,shortage
Second Harvest Food Bank of Orange County,Irvine,Broccoli,produce,340,lbs,2026-03-06,7,2026-03-13,0,87,surplus
Yolo Food Bank,Woodland,Sugar,dry,247,bags,2026-03-07,730,2028-03-06,724,23,surplus
San Francisco-Marin Food Bank,San Francisco,Frozen berries,protein,146,bags,2026-02-22,365,2027-02-22,346,116,balanced
Feeding San Diego,San Diego,Canned green beans,canned,183,cans,2026-03-03,730,2028-03-02,720,113,balanced
Sacramento Food Bank & Family Services,Sacramento,Macaroni,dry,119,boxes,2026-03-11,730,2028-03-10,728,38,surplus
Los Angeles Regional Food Bank,Los Angeles,Flour,dry,65,bags,2026-03-06,365,2027-03-06,358,95,shortage
Alameda County Community Food Bank,Oakland,Canned peas,canned,334,cans,2026-03-12,730,2028-03-11,729,22,surplus
Los Angeles Regional Food Bank,Los Angeles,Chicken breast frozen,protein,85,packs,2026-03-02,180,2026-08-29,169,21,surplus
Central California Food Bank,Fresno,Canned tomatoes,canned,60,cans,2026-02-26,730,2028-02-26,715,85,shortage
Sacramento Food Bank & Family Services,Sacramento,Spinach,produce,80,bags,2026-03-03,7,2026-03-10,-3,106,shortage
Los Angeles Regional Food Bank,Los Angeles,Canned soup,canned,287,cans,2026-02-25,540,2027-08-19,524,83,surplus
Feeding San Diego,San Diego,Oatmeal,dry,311,boxes,2026-02-17,365,2027-02-17,341,53,surplus
Second Harvest of Silicon Valley,San Jose,Canned carrots,canned,316,cans,2026-03-11,730,2028-03-10,728,79,surplus
Yolo Food Bank,Woodland,Canned beans,canned,196,cans,2026-03-13,730,2028-03-12,730,112,balanced
Feeding San Diego,San Diego,Frozen berries,protein,152,bags,2026-03-06,365,2027-03-06,358,118,balanced
Yolo Food Bank,Woodland,Oatmeal,dry,367,boxes,2026-02-18,365,2027-02-18,342,24,surplus
Food Bank of Contra Costa and Solano,Concord,Almond butter,dry,144,jars,2026-03-01,365,2027-03-01,353,111,balanced
Yolo Food Bank,Woodland,Lettuce,produce,345,heads,2026-02-23,10,2026-03-05,-8,83,surplus
Second Harvest of Silicon Valley,San Jose,Canned beans,canned,98,cans,2026-03-10,730,2028-03-09,727,56,balanced
Los Angeles Regional Food Bank,Los Angeles,Frozen vegetables mix,protein,355,bags,2026-03-13,365,2027-03-13,365,98,surplus
Feeding San Diego,San Diego,Rice 5lb bag,dry,356,bags,2026-02-26,730,2028-02-26,715,51,surplus
Yolo Food Bank,Woodland,Oatmeal,dry,340,boxes,2026-02-27,365,2027-02-27,351,25,surplus
Second Harvest of Silicon Valley,San Jose,Canned carrots,canned,56,cans,2026-02-23,730,2028-02-23,712,81,shortage
Central California Food Bank,Fresno,Almond butter,dry,54,jars,2026-03-09,365,2027-03-09,361,61,shortage
Second Harvest of Silicon Valley,San Jose,Brown rice,dry,30,bags,2026-03-12,365,2027-03-12,364,50,shortage
Sacramento Food Bank & Family Services,Sacramento,Yogurt cups,dairy,182,cups,2026-02-16,21,2026-03-09,-4,108,balanced
Second Harvest Food Bank of Orange County,Irvine,Peanut butter,dry,14,jars,2026-03-06,365,2027-03-06,358,102,shortage
Food Bank of Contra Costa and Solano,Concord,Canned green beans,canned,278,cans,2026-03-04,730,2028-03-03,721,96,balanced
Food Bank of Contra Costa and Solano,Concord,Pasta,dry,123,boxes,2026-03-04,730,2028-03-03,721,117,balanced
Food Bank of Contra Costa and Solano,Concord,Canned tomatoes,canned,126,cans,2026-03-07,730,2028-03-06,724,25,surplus
Feeding San Diego,San Diego,Avocados,produce,327,units,2026-03-05,7,2026-03-12,-1,83,surplus
Feeding San Diego,San Diego,Ground turkey frozen,protein,302,packs,2026-02-26,180,2026-08-25,165,105,balanced
Second Harvest Food Bank of Orange County,Irvine,Peanut butter,dry,135,jars,2026-03-13,365,2027-03-13,365,58,balanced
Yolo Food Bank,Woodland,Cheese blocks,dairy,106,blocks,2026-02-19,30,2026-03-21,8,119,shortage
Central California Food Bank,Fresno,Flour,dry,99,bags,2026-03-01,365,2027-03-01,353,93,balanced
Second Harvest of Silicon Valley,San Jose,Canned beans,canned,306,cans,2026-03-09,730,2028-03-08,726,51,surplus
Food Bank of Contra Costa and Solano,Concord,Spaghetti,dry,168,boxes,2026-02-17,730,2028-02-17,706,25,surplus
Second Harvest Food Bank of Orange County,Irvine,Spaghetti,dry,383,boxes,2026-02-23,730,2028-02-23,712,117,surplus
Second Harvest of Silicon Valley,San Jose,Cheese blocks,dairy,242,blocks,2026-03-06,30,2026-04-05,23,107,balanced
Alameda County Community Food Bank,Oakland,Cheese blocks,dairy,183,blocks,2026-03-09,30,2026-04-08,26,34,surplus
Second Harvest Food Bank of Orange County,Irvine,Peanut butter,dry,118,jars,2026-03-06,365,2027-03-06,358,92,balanced
Alameda County Community Food Bank,Oakland,Sugar,dry,381,bags,2026-03-04,730,2028-03-03,721,32,surplus
Second Harvest of Silicon Valley,San Jose,Flour,dry,192,bags,2026-03-02,365,2027-03-02,354,29,surplus
Feeding San Diego,San Diego,Frozen berries,protein,139,bags,2026-03-03,365,2027-03-03,355,41,surplus
Los Angeles Regional Food Bank,Los Angeles,Carrots fresh,produce,78,lbs,2026-03-12,21,2026-04-02,20,99,shortage
Second Harvest of Silicon Valley,San Jose,Sugar,dry,225,bags,2026-02-18,730,2028-02-18,707,81,balanced
Second Harvest of Silicon Valley,San Jose,Egg cartons,dairy,194,cartons,2026-02-23,21,2026-03-16,3,40,surplus
Feeding San Diego,San Diego,Canned black beans,canned,45,cans,2026-03-06,730,2028-03-05,723,26,balanced
Yolo Food Bank,Woodland,Frozen vegetables mix,protein,240,bags,2026-02-18,365,2027-02-18,342,32,surplus
Alameda County Community Food Bank,Oakland,Peanut butter,dry,108,jars,2026-03-04,365,2027-03-04,356,37,balanced
Second Harvest Food Bank of Orange County,Irvine,Spaghetti,dry,251,boxes,2026-03-02,730,2028-03-01,719,48,surplus
Feeding San Diego,San Diego,Broccoli,produce,254,lbs,2026-03-02,7,2026-03-09,-4,31,surplus
Sacramento Food Bank & Family Services,Sacramento,Chicken breast frozen,protein,245,packs,2026-03-10,180,2026-09-06,177,82,balanced
Alameda County Community Food Bank,Oakland,Milk gallons,dairy,389,gallons,2026-02-21,10,2026-03-03,-10,107,surplus
Los Angeles Regional Food Bank,Los Angeles,Egg cartons,dairy,155,cartons,2026-02-28,21,2026-03-21,8,55,balanced
Food Bank of Contra Costa and Solano,Concord,Canned chickpeas,canned,34,cans,2026-03-09,730,2028-03-08,726,119,shortage
Food Bank of Contra Costa and Solano,Concord,Canned black beans,canned,74,cans,2026-03-02,730,2028-03-01,719,98,shortage
Alameda County Community Food Bank,Oakland,Peanut butter,dry,362,jars,2026-03-05,365,2027-03-05,357,102,surplus
Central California Food Bank,Fresno,Tomatoes,produce,142,lbs,2026-03-02,10,2026-03-12,-1,82,balanced
San Francisco-Marin Food Bank,San Francisco,Rice 5lb bag,dry,253,bags,2026-02-26,730,2028-02-26,715,40,surplus
Second Harvest of Silicon Valley,San Jose,Pasta,dry,264,boxes,2026-02-17,730,2028-02-17,706,31,surplus
Second Harvest of Silicon Valley,San Jose,Bananas,produce,267,lbs,2026-02-22,7,2026-03-01,-12,100,balanced
Second Harvest of Silicon Valley,San Jose,Yogurt cups,dairy,195,cups,2026-02-27,21,2026-03-20,7,30,surplus
Central California Food Bank,Fresno,Canned soup,canned,193,cans,2026-03-04,540,2027-08-26,531,62,surplus
Yolo Food Bank,Woodland,Oatmeal,dry,313,boxes,2026-02-23,365,2027-02-23,347,120,balanced
Alameda County Community Food Bank,Oakland,Cheese blocks,dairy,397,blocks,2026-02-24,30,2026-03-26,13,22,surplus
Yolo Food Bank,Woodland,Canned corn,canned,108,cans,2026-03-08,730,2028-03-07,725,60,balanced
Yolo Food Bank,Woodland,Onions,produce,239,lbs,2026-03-02,30,2026-04-01,19,36,surplus
Alameda County Community Food Bank,Oakland,Canned tomatoes,canned,105,cans,2026-02-28,730,2028-02-28,717,90,balanced
San Francisco-Marin Food Bank,San Francisco,Frozen berries,protein,349,bags,2026-02-21,365,2027-02-21,345,40,surplus
Yolo Food Bank,Woodland,Oranges,produce,306,lbs,2026-03-02,14,2026-03-16,3,89,surplus
Food Bank of Contra Costa and Solano,Concord,Potatoes,produce,231,lbs,2026-03-08,30,2026-04-07,25,83,balanced
Alameda County Community Food Bank,Oakland,Canned carrots,canned,90,cans,2026-02-21,730,2028-02-21,710,56,balanced
Alameda County Community Food Bank,Oakland,Spaghetti,dry,123,boxes,2026-02-24,730,2028-02-24,713,99,balanced
Food Bank of Contra Costa and Solano,Concord,Lentils,dry,86,bags,2026-02-21,730,2028-02-21,710,114,shortage
Food Bank of Contra Costa and Solano,Concord,Flour,dry,351,bags,2026-03-03,365,2027-03-03,355,32,surplus
Feeding San Diego,San Diego,Apples,produce,238,lbs,2026-03-13,21,2026-04-03,21,57,surplus
Los Angeles Regional Food Bank,Los Angeles,Sugar,dry,64,bags,2026-02-21,730,2028-02-21,710,23,balanced
Second Harvest Food Bank of Orange County,Irvine,Onions,produce,257,lbs,2026-02-27,30,2026-03-29,16,55,surplus
Sacramento Food Bank & Family Services,Sacramento,Canned black beans,canned,113,cans,2026-02-16,730,2028-02-16,705,120,shortage
Second Harvest Food Bank of Orange County,Irvine,Canned peas,canned,24,cans,2026-03-10,730,2028-03-09,727,47,shortage
San Francisco-Marin Food Bank,San Francisco,Potatoes,produce,98,lbs,2026-03-13,30,2026-04-12,30,34,balanced
Food Bank of Contra Costa and Solano,Concord,Cheese blocks,dairy,137,blocks,2026-02-27,30,2026-03-29,16,21,surplus
Central California Food Bank,Fresno,Canned tuna,canned,160,cans,2026-02-17,730,2028-02-17,706,44,surplus
Yolo Food Bank,Woodland,Peanut butter,dry,130,jars,2026-03-10,365,2027-03-10,362,73,balanced
Feeding San Diego,San Diego,Cereal,dry,239,boxes,2026-03-10,180,2026-09-06,177,113,balanced
Alameda County Community Food Bank,Oakland,Tomatoes,produce,338,lbs,2026-03-09,10,2026-03-19,6,27,surplus
San Francisco-Marin Food Bank,San Francisco,Broccoli,produce,274,lbs,2026-03-03,7,2026-03-10,-3,38,surplus
Yolo Food Bank,Woodland,Milk gallons,dairy,103,gallons,2026-02-19,10,2026-03-01,-12,86,balanced
Los Angeles Regional Food Bank,Los Angeles,Carrots fresh,produce,141,lbs,2026-03-06,21,2026-03-27,14,78,balanced
Yolo Food Bank,Woodland,Canned chickpeas,canned,152,cans,2026-03-13,730,2028-03-12,730,95,balanced
Central California Food Bank,Fresno,Broccoli,produce,314,lbs,2026-03-03,7,2026-03-10,-3,23,surplus
Sacramento Food Bank & Family Services,Sacramento,Chicken breast frozen,protein,236,packs,2026-02-27,180,2026-08-26,166,73,surplus
Alameda County Community Food Bank,Oakland,Rice 5lb bag,dry,132,bags,2026-02-20,730,2028-02-20,709,48,balanced
Central California Food Bank,Fresno,Yogurt cups,dairy,372,cups,2026-03-04,21,2026-03-25,12,56,surplus
Central California Food Bank,Fresno,Rice 5lb bag,dry,269,bags,2026-03-11,730,2028-03-10,728,66,surplus
Food Bank of Contra Costa and Solano,Concord,Onions,produce,217,lbs,2026-02-17,30,2026-03-19,6,88,balanced
Yolo Food Bank,Woodland,Canned black beans,canned,376,cans,2026-02-23,730,2028-02-23,712,39,surplus
Central California Food Bank,Fresno,Butter,dairy,10,packs,2026-02-19,60,2026-04-20,38,107,shortage
Second Harvest of Silicon Valley,San Jose,Canned peas,canned,243,cans,2026-03-09,730,2028-03-08,726,110,balanced
Feeding San Diego,San Diego,Rice 5lb bag,dry,395,bags,2026-03-03,730,2028-03-02,720,81,surplus
Second Harvest Food Bank of Orange County,Irvine,Canned green beans,canned,229,cans,2026-02-24,730,2028-02-24,713,52,surplus
Second Harvest Food Bank of Orange County,Irvine,Canned green beans,canned,63,cans,2026-03-07,730,2028-03-06,724,39,balanced
Second Harvest of Silicon Valley,San Jose,Brown rice,dry,244,bags,2026-03-02,365,2027-03-02,354,88,balanced
Central California Food Bank,Fresno,Canned green beans,canned,192,cans,2026-02-25,730,2028-02-25,714,75,balanced
Alameda County Community Food Bank,Oakland,Ground turkey frozen,protein,307,packs,2026-02-28,180,2026-08-27,167,43,surplus
San Francisco-Marin Food Bank,San Francisco,Spinach,produce,315,bags,2026-03-05,7,2026-03-12,-1,97,surplus
Food Bank of Contra Costa and Solano,Concord,Oranges,produce,92,lbs,2026-02-17,14,2026-03-03,-10,66,balanced
Second Harvest Food Bank of Orange County,Irvine,Canned beans,canned,166,cans,2026-03-02,730,2028-03-01,719,114,balanced
San Francisco-Marin Food Bank,San Francisco,Canned soup,canned,15,cans,2026-02-28,540,2027-08-22,527,81,shortage
Second Harvest Food Bank of Orange County,Irvine,Bell peppers,produce,83,lbs,2026-02-22,10,2026-03-04,-9,53,balanced
Alameda County Community Food Bank,Oakland,Spinach,produce,66,bags,2026-03-04,7,2026-03-11,-2,102,shortage
Yolo Food Bank,Woodland,Frozen vegetables mix,protein,189,bags,2026-02-21,365,2027-02-21,345,48,surplus
San Francisco-Marin Food Bank,San Francisco,Avocados,produce,98,units,2026-03-09,7,2026-03-16,3,102,shortage
Second Harvest Food Bank of Orange County,Irvine,Canned corn,canned,364,cans,2026-03-10,730,2028-03-09,727,67,surplus
Feeding San Diego,San Diego,Milk gallons,dairy,21,gallons,2026-02-27,10,2026-03-09,-4,48,shortage
Central California Food Bank,Fresno,Canned soup,canned,74,cans,2026-02-17,540,2027-08-11,516,40,balanced
Sacramento Food Bank & Family Services,Sacramento,Potatoes,produce,339,lbs,2026-02-16,30,2026-03-18,5,93,surplus
Feeding San Diego,San Diego,Bell peppers,produce,360,lbs,2026-02-21,10,2026-03-03,-10,81,surplus
Food Bank of Contra Costa and Solano,Concord,Canned soup,canned,173,cans,2026-03-01,540,2027-08-23,528,96,balanced
Yolo Food Bank,Woodland,Canned carrots,canned,394,cans,2026-03-04,730,2028-03-03,721,21,surplus
San Francisco-Marin Food Bank,San Francisco,Pasta,dry,112,boxes,2026-02-19,730,2028-02-19,708,103,balanced
Los Angeles Regional Food Bank,Los Angeles,Lentils,dry,178,bags,2026-02-25,730,2028-02-25,714,104,balanced
Alameda County Community Food Bank,Oakland,Canned soup,canned,93,cans,2026-02-22,540,2027-08-16,521,94,shortage
Food Bank of Contra Costa and Solano,Concord,Milk gallons,dairy,227,gallons,2026-02-20,10,2026-03-02,-11,120,balanced
Feeding San Diego,San Diego,Apples,produce,281,lbs,2026-02-17,21,2026-03-10,-3,113,balanced
Central California Food Bank,Fresno,Canned carrots,canned,148,cans,2026-02-25,730,2028-02-25,714,41,surplus
Food Bank of Contra Costa and Solano,Concord,Brown rice,dry,333,bags,2026-03-13,365,2027-03-13,365,48,surplus
Central California Food Bank,Fresno,Oatmeal,dry,27,boxes,2026-02-28,365,2027-02-28,352,35,shortage
Central California Food Bank,Fresno,Rice 5lb bag,dry,22,bags,2026-02-22,730,2028-02-22,711,83,shortage
Central California Food Bank,Fresno,Canned tuna,canned,39,cans,2026-02-22,730,2028-02-22,711,28,balanced
Second Harvest Food Bank of Orange County,Irvine,Bananas,produce,289,lbs,2026-03-07,7,2026-03-14,1,120,balanced
Sacramento Food Bank & Family Services,Sacramento,Spinach,produce,241,bags,2026-02-20,7,2026-02-27,-14,94,balanced
Food Bank of Contra Costa and Solano,Concord,Cereal,dry,332,boxes,2026-03-03,180,2026-08-30,170,120,balanced
Second Harvest of Silicon Valley,San Jose,Butter,dairy,379,packs,2026-03-12,60,2026-05-11,59,113,surplus
San Francisco-Marin Food Bank,San Francisco,Bell peppers,produce,299,lbs,2026-03-08,10,2026-03-18,5,85,surplus
Sacramento Food Bank & Family Services,Sacramento,Canned green beans,canned,53,cans,2026-02-27,730,2028-02-27,716,65,shortage
San Francisco-Marin Food Bank,San Francisco,Bananas,produce,238,lbs,2026-02-22,7,2026-03-01,-12,110,balanced
Alameda County Community Food Bank,Oakland,Onions,produce,184,lbs,2026-03-08,30,2026-04-07,25,27,surplus
Second Harvest of Silicon Valley,San Jose,Canned corn,canned,13,cans,2026-03-12,730,2028-03-11,729,118,shortage
Los Angeles Regional Food Bank,Los Angeles,Oatmeal,dry,145,boxes,2026-03-11,365,2027-03-11,363,22,surplus
Feeding San Diego,San Diego,Peanut butter,dry,209,jars,2026-02-23,365,2027-02-23,347,105,balanced
Sacramento Food Bank & Family Services,Sacramento,Avocados,produce,312,units,2026-03-03,7,2026-03-10,-3,114,balanced
Food Bank of Contra Costa and Solano,Concord,Avocados,produce,266,units,2026-03-06,7,2026-03-13,0,51,surplus
Second Harvest of Silicon Valley,San Jose,Bell peppers,produce,356,lbs,2026-02-18,10,2026-02-28,-13,67,surplus
San Francisco-Marin Food Bank,San Francisco,Lentils,dry,50,bags,2026-03-02,730,2028-03-01,719,102,shortage
Sacramento Food Bank & Family Services,Sacramento,Canned black beans,canned,75,cans,2026-02-27,730,2028-02-27,716,101,shortage
Central California Food Bank,Fresno,Oranges,produce,262,lbs,2026-02-19,14,2026-03-05,-8,109,balanced
Los Angeles Regional Food Bank,Los Angeles,Potatoes,produce,321,lbs,2026-03-12,30,2026-04-11,29,101,surplus
Alameda County Community Food Bank,Oakland,Yogurt cups,dairy,287,cups,2026-03-13,21,2026-04-03,21,114,balanced
Alameda County Community Food Bank,Oakland,Canned beans,canned,22,cans,2026-02-27,730,2028-02-27,716,40,shortage
Second Harvest of Silicon Valley,San Jose,Sugar,dry,75,bags,2026-03-01,730,2028-02-29,718,33,balanced
Sacramento Food Bank & Family Services,Sacramento,Ground turkey frozen,protein,214,packs,2026-03-07,180,2026-09-03,174,56,surplus
Second Harvest of Silicon Valley,San Jose,Milk gallons,dairy,363,gallons,2026-03-07,10,2026-03-17,4,30,surplus
Alameda County Community Food Bank,Oakland,Canned beans,canned,264,cans,2026-03-07,730,2028-03-06,724,81,surplus
Los Angeles Regional Food Bank,Los Angeles,Peanut butter,dry,156,jars,2026-03-04,365,2027-03-04,356,64,balanced
Feeding San Diego,San Diego,Sugar,dry,368,bags,2026-02-27,730,2028-02-27,716,58,surplus
Food Bank of Contra Costa and Solano,Concord,Carrots fresh,produce,235,lbs,2026-02-27,21,2026-03-20,7,89,balanced
Second Harvest of Silicon Valley,San Jose,Chicken breast frozen,protein,51,packs,2026-02-27,180,2026-08-26,166,92,shortage
Second Harvest of Silicon Valley,San Jose,Bananas,produce,253,lbs,2026-03-01,7,2026-03-08,-5,92,balanced
Alameda County Community Food Bank,Oakland,Cheese blocks,dairy,119,blocks,2026-03-08,30,2026-04-07,25,50,balanced
San Francisco-Marin Food Bank,San Francisco,Spinach,produce,362,bags,2026-03-10,7,2026-03-17,4,46,surplus
Alameda County Community Food Bank,Oakland,Tomatoes,produce,194,lbs,2026-02-16,10,2026-02-26,-15,75,balanced
Feeding San Diego,San Diego,Tomatoes,produce,375,lbs,2026-02-25,10,2026-03-07,-6,84,surplus
Feeding San Diego,San Diego,Potatoes,produce,23,lbs,2026-02-22,30,2026-03-24,11,107,shortage
San Francisco-Marin Food Bank,San Francisco,Bell peppers,produce,162,lbs,2026-02-16,10,2026-02-26,-15,20,surplus
Second Harvest Food Bank of Orange County,Irvine,Canned soup,canned,162,cans,2026-03-05,540,2027-08-27,532,119,balanced
Yolo Food Bank,Woodland,Canned salmon,canned,373,cans,2026-03-12,730,2028-03-11,729,45,surplus
Food Bank of Contra Costa and Solano,Concord,Lentils,dry,262,bags,2026-02-28,730,2028-02-28,717,82,surplus
Central California Food Bank,Fresno,Yogurt cups,dairy,219,cups,2026-02-26,21,2026-03-19,6,93,balanced
Sacramento Food Bank & Family Services,Sacramento,Almond butter,dry,332,jars,2026-02-24,365,2027-02-24,348,52,surplus
Feeding San Diego,San Diego,Canned black beans,canned,389,cans,2026-02-21,730,2028-02-21,710,117,surplus
Feeding San Diego,San Diego,Frozen berries,protein,183,bags,2026-03-07,365,2027-03-07,359,77,balanced
Los Angeles Regional Food Bank,Los Angeles,Canned peas,canned,382,cans,2026-03-01,730,2028-02-29,718,34,surplus
Los Angeles Regional Food Bank,Los Angeles,Tomatoes,produce,321,lbs,2026-02-26,10,2026-03-08,-5,91,surplus
Central California Food Bank,Fresno,Milk gallons,dairy,351,gallons,2026-03-05,10,2026-03-15,2,51,surplus
San Francisco-Marin Food Bank,San Francisco,Almond butter,dry,286,jars,2026-03-03,365,2027-03-03,355,96,balanced
Second Harvest of Silicon Valley,San Jose,Bell peppers,produce,153,lbs,2026-03-09,10,2026-03-19,6,56,balanced
San Francisco-Marin Food Bank,San Francisco,Frozen berries,protein,334,bags,2026-02-23,365,2027-02-23,347,44,surplus
Food Bank of Contra Costa and Solano,Concord,Canned chickpeas,canned,58,cans,2026-03-12,730,2028-03-11,729,94,shortage
Second Harvest of Silicon Valley,San Jose,Cheese blocks,dairy,262,blocks,2026-03-13,30,2026-04-12,30,28,surplus
Yolo Food Bank,Woodland,Apples,produce,369,lbs,2026-03-09,21,2026-03-30,17,46,surplus
Second Harvest of Silicon Valley,San Jose,Tomatoes,produce,355,lbs,2026-03-10,10,2026-03-20,7,60,surplus
San Francisco-Marin Food Bank,San Francisco,Carrots fresh,produce,269,lbs,2026-03-07,21,2026-03-28,15,45,surplus
Food Bank of Contra Costa and Solano,Concord,Spaghetti,dry,208,boxes,2026-02-22,730,2028-02-22,711,44,surplus
Second Harvest of Silicon Valley,San Jose,Apples,produce,309,lbs,2026-03-06,21,2026-03-27,14,110,balanced
Sacramento Food Bank & Family Services,Sacramento,Canned carrots,canned,357,cans,2026-02-24,730,2028-02-24,713,32,surplus
Second Harvest of Silicon Valley,San Jose,Butter,dairy,306,packs,2026-03-02,60,2026-05-01,49,31,surplus
Alameda County Community Food Bank,Oakland,Spinach,produce,82,bags,2026-03-05,7,2026-03-12,-1,46,balanced
San Francisco-Marin Food Bank,San Francisco,Cheese blocks,dairy,372,blocks,2026-02-16,30,2026-03-18,5,45,surplus
San Francisco-Marin Food Bank,San Francisco,Frozen vegetables mix,protein,277,bags,2026-03-02,365,2027-03-02,354,116,balanced
Los Angeles Regional Food Bank,Los Angeles,Tomatoes,produce,368,lbs,2026-02-17,10,2026-02-27,-14,24,surplus
Alameda County Community Food Bank,Oakland,Cereal,dry,270,boxes,2026-02-18,180,2026-08-17,157,33,surplus
Central California Food Bank,Fresno,Canned black beans,canned,187,cans,2026-02-24,730,2028-02-24,713,113,balanced
Alameda County Community Food Bank,Oakland,Apples,produce,220,lbs,2026-03-08,21,2026-03-29,16,94,balanced
Alameda County Community Food Bank,Oakland,Frozen vegetables mix,protein,156,bags,2026-02-22,365,2027-02-22,346,89,balanced
Central California Food Bank,Fresno,Bell peppers,produce,120,lbs,2026-02-21,10,2026-03-03,-10,75,balanced
Second Harvest Food Bank of Orange County,Irvine,Spinach,produce,323,bags,2026-02-20,7,2026-02-27,-14,56,surplus
Alameda County Community Food Bank,Oakland,Apples,produce,190,lbs,2026-03-09,21,2026-03-30,17,71,balanced
Feeding San Diego,San Diego,Canned chickpeas,canned,355,cans,2026-02-21,730,2028-02-21,710,71,surplus
Second Harvest Food Bank of Orange County,Irvine,Tomatoes,produce,18,lbs,2026-03-07,10,2026-03-17,4,27,shortage
Second Harvest Food Bank of Orange County,Irvine,Canned corn,canned,262,cans,2026-02-20,730,2028-02-20,709,95,balanced
Second Harvest Food Bank of Orange County,Irvine,Canned salmon,canned,335,cans,2026-02-16,730,2028-02-16,705,29,surplus
Second Harvest Food Bank of Orange County,Irvine,Apples,produce,248,lbs,2026-03-05,21,2026-03-26,13,71,surplus
Food Bank of Contra Costa and Solano,Concord,Broccoli,produce,331,lbs,2026-03-09,7,2026-03-16,3,104,surplus
Alameda County Community Food Bank,Oakland,Canned peas,canned,232,cans,2026-03-07,730,2028-03-06,724,115,balanced
Second Harvest of Silicon Valley,San Jose,Pasta,dry,321,boxes,2026-03-07,730,2028-03-06,724,76,surplus
San Francisco-Marin Food Bank,San Francisco,Potatoes,produce,192,lbs,2026-02-21,30,2026-03-23,10,89,balanced
San Francisco-Marin Food Bank,San Francisco,Frozen berries,protein,84,bags,2026-03-08,365,2027-03-08,360,27,surplus
Alameda County Community Food Bank,Oakland,Frozen vegetables mix,protein,128,bags,2026-03-03,365,2027-03-03,355,34,surplus
Food Bank of Contra Costa and Solano,Concord,Broccoli,produce,13,lbs,2026-02-19,7,2026-02-26,-15,71,shortage
Alameda County Community Food Bank,Oakland,Yogurt cups,dairy,325,cups,2026-02-21,21,2026-03-14,1,102,surplus
San Francisco-Marin Food Bank,San Francisco,Frozen vegetables mix,protein,333,bags,2026-02-23,365,2027-02-23,347,67,surplus
San Francisco-Marin Food Bank,San Francisco,Sugar,dry,329,bags,2026-02-25,730,2028-02-25,714,54,surplus
Food Bank of Contra Costa and Solano,Concord,Frozen vegetables mix,protein,376,bags,2026-02-22,365,2027-02-22,346,63,surplus
Los Angeles Regional Food Bank,Los Angeles,Butter,dairy,351,packs,2026-02-18,60,2026-04-19,37,113,surplus
Feeding San Diego,San Diego,Tomatoes,produce,278,lbs,2026-02-22,10,2026-03-04,-9,77,surplus
San Francisco-Marin Food Bank,San Francisco,Ground turkey frozen,protein,39,packs,2026-03-04,180,2026-08-31,171,98,shortage
San Francisco-Marin Food Bank,San Francisco,Almond butter,dry,107,jars,2026-03-09,365,2027-03-09,361,47,balanced
Food Bank of Contra Costa and Solano,Concord,Canned chickpeas,canned,312,cans,2026-03-11,730,2028-03-10,728,35,surplus
Second Harvest Food Bank of Orange County,Irvine,Frozen berries,protein,197,bags,2026-02-19,365,2027-02-19,343,72,balanced
Yolo Food Bank,Woodland,Canned soup,canned,102,cans,2026-03-09,540,2027-08-31,536,114,shortage
San Francisco-Marin Food Bank,San Francisco,Broccoli,produce,279,lbs,2026-02-24,7,2026-03-03,-10,39,surplus
Central California Food Bank,Fresno,Bell peppers,produce,86,lbs,2026-02-24,10,2026-03-06,-7,26,surplus
Central California Food Bank,Fresno,Spaghetti,dry,150,boxes,2026-03-03,730,2028-03-02,720,26,surplus
Second Harvest of Silicon Valley,San Jose,Onions,produce,264,lbs,2026-03-08,30,2026-04-07,25,106,balanced
Central California Food Bank,Fresno,Carrots fresh,produce,15,lbs,2026-02-16,21,2026-03-09,-4,108,shortage
Alameda County Community Food Bank,Oakland,Broccoli,produce,349,lbs,2026-02-17,7,2026-02-24,-17,40,surplus
Sacramento Food Bank & Family Services,Sacramento,Potatoes,produce,138,lbs,2026-03-01,30,2026-03-31,18,25,surplus
Second Harvest Food Bank of Orange County,Irvine,Sugar,dry,129,bags,2026-02-26,730,2028-02-26,715,26,surplus
Yolo Food Bank,Woodland,Cereal,dry,278,boxes,2026-02-16,180,2026-08-15,155,40,surplus
San Francisco-Marin Food Bank,San Francisco,Bell peppers,produce,275,lbs,2026-03-09,10,2026-03-19,6,65,surplus
Alameda County Community Food Bank,Oakland,Canned tuna,canned,320,cans,2026-02-25,730,2028-02-25,714,43,surplus
Yolo Food Bank,Woodland,Macaroni,dry,45,boxes,2026-02-17,730,2028-02-17,706,63,shortage
Food Bank of Contra Costa and Solano,Concord,Cereal,dry,61,boxes,2026-03-11,180,2026-09-07,178,26,balanced
Second Harvest Food Bank of Orange County,Irvine,Canned tomatoes,canned,100,cans,2026-03-01,730,2028-02-29,718,66,balanced
Yolo Food Bank,Woodland,Canned soup,canned,256,cans,2026-02-17,540,2027-08-11,516,80,surplus
Los Angeles Regional Food Bank,Los Angeles,Frozen vegetables mix,protein,295,bags,2026-03-05,365,2027-03-05,357,86,surplus
Second Harvest of Silicon Valley,San Jose,Broccoli,produce,366,lbs,2026-02-22,7,2026-03-01,-12,95,surplus
Food Bank of Contra Costa and Solano,Concord,Egg cartons,dairy,389,cartons,2026-02-20,21,2026-03-13,0,63,surplus
Central California Food Bank,Fresno,Bananas,produce,328,lbs,2026-02-28,7,2026-03-07,-6,67,surplus
Second Harvest Food Bank of Orange County,Irvine,Canned beans,canned,253,cans,2026-03-06,730,2028-03-05,723,26,surplus
Yolo Food Bank,Woodland,Pasta,dry,57,boxes,2026-02-19,730,2028-02-19,708,91,shortage
Second Harvest of Silicon Valley,San Jose,Sugar,dry,263,bags,2026-03-10,730,2028-03-09,727,74,surplus
Feeding San Diego,San Diego,Canned corn,canned,166,cans,2026-03-10,730,2028-03-09,727,84,balanced
San Francisco-Marin Food Bank,San Francisco,Bell peppers,produce,12,lbs,2026-03-10,10,2026-03-20,7,81,shortage
San Francisco-Marin Food Bank,San Francisco,Apples,produce,296,lbs,2026-02-23,21,2026-03-16,3,62,surplus
Sacramento Food Bank & Family Services,Sacramento,Cereal,dry,341,boxes,2026-02-28,180,2026-08-27,167,81,surplus
Central California Food Bank,Fresno,Potatoes,produce,296,lbs,2026-03-05,30,2026-04-04,22,60,surplus
Feeding San Diego,San Diego,Canned corn,canned,239,cans,2026-02-23,730,2028-02-23,712,118,balanced
Second Harvest of Silicon Valley,San Jose,Canned carrots,canned,69,cans,2026-02-21,730,2028-02-21,710,97,shortage
Central California Food Bank,Fresno,Tomatoes,produce,395,lbs,2026-02-21,10,2026-03-03,-10,114,surplus
Second Harvest Food Bank of Orange County,Irvine,Pasta,dry,47,boxes,2026-03-08,730,2028-03-07,725,114,shortage
Alameda County Community Food Bank,Oakland,Macaroni,dry,88,boxes,2026-02-20,730,2028-02-20,709,41,balanced
Second Harvest of Silicon Valley,San Jose,Canned green beans,canned,273,cans,2026-03-03,730,2028-03-02,720,117,balanced
Alameda County Community Food Bank,Oakland,Lentils,dry,396,bags,2026-03-02,730,2028-03-01,719,64,surplus
San Francisco-Marin Food Bank,San Francisco,Oatmeal,dry,39,boxes,2026-03-08,365,2027-03-08,360,41,shortage
Los Angeles Regional Food Bank,Los Angeles,Bell peppers,produce,229,lbs,2026-02-26,10,2026-03-08,-5,96,balanced
Central California Food Bank,Fresno,Carrots fresh,produce,318,lbs,2026-02-18,21,2026-03-11,-2,77,surplus
Alameda County Community Food Bank,Oakland,Carrots fresh,produce,365,lbs,2026-02-26,21,2026-03-19,6,35,surplus
Los Angeles Regional Food Bank,Los Angeles,Ground turkey frozen,protein,359,packs,2026-02-18,180,2026-08-17,157,39,surplus
Los Angeles Regional Food Bank,Los Angeles,Frozen berries,protein,254,bags,2026-02-21,365,2027-02-21,345,118,balanced
Los Angeles Regional Food Bank,Los Angeles,Spinach,produce,147,bags,2026-02-27,7,2026-03-06,-7,117,balanced
Alameda County Community Food Bank,Oakland,Frozen vegetables mix,protein,352,bags,2026-02-24,365,2027-02-24,348,91,surplus
Food Bank of Contra Costa and Solano,Concord,Cheese blocks,dairy,199,blocks,2026-02-25,30,2026-03-27,14,95,balanced
Second Harvest Food Bank of Orange County,Irvine,Almond butter,dry,388,jars,2026-03-07,365,2027-03-07,359,38,surplus
Second Harvest of Silicon Valley,San Jose,Chicken breast frozen,protein,383,packs,2026-02-24,180,2026-08-23,163,95,surplus
Los Angeles Regional Food Bank,Los Angeles,Oranges,produce,378,lbs,2026-03-09,14,2026-03-23,10,110,surplus
Second Harvest Food Bank of Orange County,Irvine,Butter,dairy,301,packs,2026-03-06,60,2026-05-05,53,40,surplus
Los Angeles Regional Food Bank,Los Angeles,Lettuce,produce,256,heads,2026-02-18,10,2026-02-28,-13,80,surplus
Second Harvest of Silicon Valley,San Jose,Rice 5lb bag,dry,198,bags,2026-02-23,730,2028-02-23,712,116,balanced
Alameda County Community Food Bank,Oakland,Broccoli,produce,289,lbs,2026-03-07,7,2026-03-14,1,41,surplus
Second Harvest of Silicon Valley,San Jose,Butter,dairy,240,packs,2026-03-06,60,2026-05-05,53,62,surplus
Second Harvest Food Bank of Orange County,Irvine,Ground turkey frozen,protein,153,packs,2026-02-16,180,2026-08-15,155,25,surplus
Second Harvest of Silicon Valley,San Jose,Milk gallons,dairy,384,gallons,2026-03-02,10,2026-03-12,-1,91,surplus
Second Harvest of Silicon Valley,San Jose,Canned peas,canned,62,cans,2026-03-11,730,2028-03-10,728,29,balanced
Food Bank of Contra Costa and Solano,Concord,Oatmeal,dry,84,boxes,2026-02-28,365,2027-02-28,352,28,balanced
San Francisco-Marin Food Bank,San Francisco,Cereal,dry,162,boxes,2026-03-05,180,2026-09-01,172,108,balanced
Second Harvest of Silicon Valley,San Jose,Rice 5lb bag,dry,356,bags,2026-03-11,730,2028-03-10,728,120,balanced
San Francisco-Marin Food Bank,San Francisco,Ground turkey frozen,protein,190,packs,2026-02-25,180,2026-08-24,164,119,balanced
Feeding San Diego,San Diego,Spinach,produce,167,bags,2026-02-28,7,2026-03-07,-6,45,surplus
Food Bank of Contra Costa and Solano,Concord,Broccoli,produce,229,lbs,2026-02-17,7,2026-02-24,-17,87,balanced
Sacramento Food Bank & Family Services,Sacramento,Canned soup,canned,274,cans,2026-03-13,540,2027-09-04,540,38,surplus
Second Harvest Food Bank of Orange County,Irvine,Canned carrots,canned,24,cans,2026-02-24,730,2028-02-24,713,116,shortage
Food Bank of Contra Costa and Solano,Concord,Tomatoes,produce,146,lbs,2026-02-24,10,2026-03-06,-7,68,balanced
Feeding San Diego,San Diego,Almond butter,dry,11,jars,2026-02-18,365,2027-02-18,342,115,shortage
Sacramento Food Bank & Family Services,Sacramento,Canned black beans,canned,187,cans,2026-03-08,730,2028-03-07,725,84,balanced
Alameda County Community Food Bank,Oakland,Tomatoes,produce,134,lbs,2026-02-28,10,2026-03-10,-3,96,balanced
Alameda County Community Food Bank,Oakland,Carrots fresh,produce,228,lbs,2026-02-19,21,2026-03-12,-1,46,surplus
San Francisco-Marin Food Bank,San Francisco,Lettuce,produce,78,heads,2026-02-25,10,2026-03-07,-6,27,balanced
Sacramento Food Bank & Family Services,Sacramento,Oranges,produce,290,lbs,2026-02-17,14,2026-03-03,-10,120,balanced
San Francisco-Marin Food Bank,San Francisco,Canned corn,canned,395,cans,2026-02-27,730,2028-02-27,716,71,surplus
Second Harvest Food Bank of Orange County,Irvine,Frozen berries,protein,271,bags,2026-03-09,365,2027-03-09,361,90,surplus
Second Harvest Food Bank of Orange County,Irvine,Canned salmon,canned,168,cans,2026-03-11,730,2028-03-10,728,93,balanced
Central California Food Bank,Fresno,Frozen vegetables mix,protein,171,bags,2026-02-20,365,2027-02-20,344,32,surplus
Second Harvest Food Bank of Orange County,Irvine,Yogurt cups,dairy,345,cups,2026-02-19,21,2026-03-12,-1,67,surplus
Central California Food Bank,Fresno,Broccoli,produce,318,lbs,2026-02-21,7,2026-02-28,-13,43,surplus
San Francisco-Marin Food Bank,San Francisco,Canned salmon,canned,377,cans,2026-03-08,730,2028-03-07,725,100,surplus
Central California Food Bank,Fresno,Tomatoes,produce,358,lbs,2026-02-16,10,2026-02-26,-15,115,surplus
Central California Food Bank,Fresno,Cheese blocks,dairy,92,blocks,2026-03-07,30,2026-04-06,24,58,balanced
San Francisco-Marin Food Bank,San Francisco,Broccoli,produce,70,lbs,2026-03-02,7,2026-03-09,-4,42,balanced
Sacramento Food Bank & Family Services,Sacramento,Bananas,produce,151,lbs,2026-03-11,7,2026-03-18,5,86,balanced
Los Angeles Regional Food Bank,Los Angeles,Yogurt cups,dairy,248,cups,2026-02-16,21,2026-03-09,-4,29,surplus
Yolo Food Bank,Woodland,Frozen berries,protein,86,bags,2026-02-26,365,2027-02-26,350,62,balanced
Food Bank of Contra Costa and Solano,Concord,Brown rice,dry,384,bags,2026-03-05,365,2027-03-05,357,27,surplus
Second Harvest of Silicon Valley,San Jose,Bananas,produce,54,lbs,2026-03-10,7,2026-03-17,4,32,balanced
Food Bank of Contra Costa and Solano,Concord,Canned salmon,canned,237,cans,2026-03-04,730,2028-03-03,721,117,balanced
Feeding San Diego,San Diego,Yogurt cups,dairy,392,cups,2026-02-19,21,2026-03-12,-1,41,surplus
Food Bank of Contra Costa and Solano,Concord,Broccoli,produce,297,lbs,2026-03-04,7,2026-03-11,-2,32,surplus
Yolo Food Bank,Woodland,Spinach,produce,221,bags,2026-02-24,7,2026-03-03,-10,23,surplus
Second Harvest Food Bank of Orange County,Irvine,Canned corn,canned,383,cans,2026-02-18,730,2028-02-18,707,118,surplus
Sacramento Food Bank & Family Services,Sacramento,Macaroni,dry,71,boxes,2026-02-16,730,2028-02-16,705,50,balanced
Alameda County Community Food Bank,Oakland,Yogurt cups,dairy,181,cups,2026-02-23,21,2026-03-16,3,29,surplus
Alameda County Community Food Bank,Oakland,Brown rice,dry,284,bags,2026-02-19,365,2027-02-19,343,42,surplus
Second Harvest Food Bank of Orange County,Irvine,Carrots fresh,produce,206,lbs,2026-03-07,21,2026-03-28,15,72,balanced
Sacramento Food Bank & Family Services,Sacramento,Macaroni,dry,300,boxes,2026-03-04,730,2028-03-03,721,43,surplus
Alameda County Community Food Bank,Oakland,Canned black beans,canned,37,cans,2026-02-20,730,2028-02-20,709,55,shortage
Second Harvest of Silicon Valley,San Jose,Canned chickpeas,canned,106,cans,2026-02-19,730,2028-02-19,708,75,balanced
Second Harvest Food Bank of Orange County,Irvine,Carrots fresh,produce,253,lbs,2026-03-12,21,2026-04-02,20,48,surplus
Second Harvest Food Bank of Orange County,Irvine,Canned soup,canned,302,cans,2026-03-13,540,2027-09-04,540,71,surplus
Central California Food Bank,Fresno,Oatmeal,dry,248,boxes,2026-02-27,365,2027-02-27,351,54,surplus
Yolo Food Bank,Woodland,Bell peppers,produce,349,lbs,2026-02-20,10,2026-03-02,-11,29,surplus
Yolo Food Bank,Woodland,Peanut butter,dry,168,jars,2026-02-27,365,2027-02-27,351,33,surplus
Second Harvest Food Bank of Orange County,Irvine,Oranges,produce,133,lbs,2026-02-27,14,2026-03-13,0,95,balanced
Central California Food Bank,Fresno,Frozen vegetables mix,protein,231,bags,2026-02-21,365,2027-02-21,345,55,surplus
Second Harvest of Silicon Valley,San Jose,Canned peas,canned,83,cans,2026-02-20,730,2028-02-20,709,117,shortage
Yolo Food Bank,Woodland,Sugar,dry,127,bags,2026-03-05,730,2028-03-04,722,65,balanced
Second Harvest Food Bank of Orange County,Irvine,Apples,produce,204,lbs,2026-02-27,21,2026-03-20,7,68,balanced
Food Bank of Contra Costa and Solano,Concord,Canned tuna,canned,226,cans,2026-02-19,730,2028-02-19,708,117,balanced
Central California Food Bank,Fresno,Lettuce,produce,356,heads,2026-03-01,10,2026-03-11,-2,108,surplus
Alameda County Community Food Bank,Oakland,Yogurt cups,dairy,182,cups,2026-02-26,21,2026-03-19,6,114,balanced
Food Bank of Contra Costa and Solano,Concord,Onions,produce,195,lbs,2026-02-27,30,2026-03-29,16,33,surplus
San Francisco-Marin Food Bank,San Francisco,Sugar,dry,345,bags,2026-03-07,730,2028-03-06,724,104,surplus
Alameda County Community Food Bank,Oakland,Spaghetti,dry,126,boxes,2026-02-19,730,2028-02-19,708,97,balanced
Second Harvest Food Bank of Orange County,Irvine,Bell peppers,produce,381,lbs,2026-03-08,10,2026-03-18,5,116,surplus
Los Angeles Regional Food Bank,Los Angeles,Canned green beans,canned,277,cans,2026-03-01,730,2028-02-29,718,66,surplus
Sacramento Food Bank & Family Services,Sacramento,Frozen berries,protein,183,bags,2026-03-11,365,2027-03-11,363,67,balanced
Feeding San Diego,San Diego,Canned soup,canned,204,cans,2026-02-23,540,2027-08-17,522,102,balanced
Alameda County Community Food Bank,Oakland,Carrots fresh,produce,261,lbs,2026-02-21,21,2026-03-14,1,81,surplus
Second Harvest of Silicon Valley,San Jose,Yogurt cups,dairy,152,cups,2026-03-03,21,2026-03-24,11,108,balanced
Yolo Food Bank,Woodland,Onions,produce,319,lbs,2026-03-09,30,2026-04-08,26,52,surplus
Yolo Food Bank,Woodland,Peanut butter,dry,102,jars,2026-02-19,365,2027-02-19,343,34,balanced
Central California Food Bank,Fresno,Egg cartons,dairy,53,cartons,2026-03-12,21,2026-04-02,20,82,shortage
Central California Food Bank,Fresno,Lettuce,produce,184,heads,2026-03-02,10,2026-03-12,-1,54,surplus
Los Angeles Regional Food Bank,Los Angeles,Frozen vegetables mix,protein,315,bags,2026-02-24,365,2027-02-24,348,74,surplus
Alameda County Community Food Bank,Oakland,Cheese blocks,dairy,135,blocks,2026-03-11,30,2026-04-10,28,63,balanced
Alameda County Community Food Bank,Oakland,Canned soup,canned,236,cans,2026-03-08,540,2027-08-30,535,109,balanced
Central California Food Bank,Fresno,Pasta,dry,175,boxes,2026-03-08,730,2028-03-07,725,91,balanced
Los Angeles Regional Food Bank,Los Angeles,Flour,dry,297,bags,2026-02-27,365,2027-02-27,351,33,surplus
Alameda County Community Food Bank,Oakland,Cereal,dry,96,boxes,2026-03-12,180,2026-09-08,179,101,shortage
Yolo Food Bank,Woodland,Avocados,produce,31,units,2026-03-04,7,2026-03-11,-2,34,shortage
Food Bank of Contra Costa and Solano,Concord,Canned beans,canned,175,cans,2026-03-02,730,2028-03-01,719,84,balanced
Yolo Food Bank,Woodland,Canned soup,canned,354,cans,2026-03-06,540,2027-08-28,533,88,surplus
Central California Food Bank,Fresno,Onions,produce,118,lbs,2026-03-05,30,2026-04-04,22,112,balanced
Sacramento Food Bank & Family Services,Sacramento,Spinach,produce,290,bags,2026-03-10,7,2026-03-17,4,29,surplus
Sacramento Food Bank & Family Services,Sacramento,Bell peppers,produce,216,lbs,2026-03-07,10,2026-03-17,4,67,surplus
Alameda County Community Food Bank,Oakland,Spaghetti,dry,162,boxes,2026-02-21,730,2028-02-21,710,30,surplus
Los Angeles Regional Food Bank,Los Angeles,Spaghetti,dry,358,boxes,2026-03-10,730,2028-03-09,727,120,balanced
Feeding San Diego,San Diego,Peanut butter,dry,278,jars,2026-02-22,365,2027-02-22,346,44,surplus
Alameda County Community Food Bank,Oakland,Canned salmon,canned,200,cans,2026-02-21,730,2028-02-21,710,24,surplus
Yolo Food Bank,Woodland,Chicken breast frozen,protein,159,packs,2026-02-23,180,2026-08-22,162,110,balanced
Yolo Food Bank,Woodland,Canned corn,canned,223,cans,2026-03-10,730,2028-03-09,727,60,surplus
Central California Food Bank,Fresno,Egg cartons,dairy,37,cartons,2026-03-07,21,2026-03-28,15,118,shortage
Alameda County Community Food Bank,Oakland,Canned corn,canned,365,cans,2026-02-25,730,2028-02-25,714,95,surplus
Yolo Food Bank,Woodland,Chicken breast frozen,protein,28,packs,2026-03-08,180,2026-09-04,175,21,balanced
Yolo Food Bank,Woodland,Canned chickpeas,canned,264,cans,2026-03-12,730,2028-03-11,729,83,surplus
Feeding San Diego,San Diego,Tomatoes,produce,208,lbs,2026-03-06,10,2026-03-16,3,76,balanced
Second Harvest of Silicon Valley,San Jose,Canned black beans,canned,379,cans,2026-02-26,730,2028-02-26,715,39,surplus
Alameda County Community Food Bank,Oakland,Carrots fresh,produce,107,lbs,2026-03-10,21,2026-03-31,18,90,balanced
Sacramento Food Bank & Family Services,Sacramento,Canned salmon,canned,10,cans,2026-02-27,730,2028-02-27,716,112,shortage
Second Harvest Food Bank of Orange County,Irvine,Canned peas,canned,110,cans,2026-03-09,730,2028-03-08,726,31,surplus
Second Harvest of Silicon Valley,San Jose,Chicken breast frozen,protein,145,packs,2026-02-25,180,2026-08-24,164,79,balanced
Feeding San Diego,San Diego,Milk gallons,dairy,389,gallons,2026-02-17,10,2026-02-27,-14,95,surplus
San Francisco-Marin Food Bank,San Francisco,Tomatoes,produce,369,lbs,2026-03-13,10,2026-03-23,10,106,surplus
Los Angeles Regional Food Bank,Los Angeles,Canned soup,canned,217,cans,2026-03-04,540,2027-08-26,531,108,balanced
Second Harvest of Silicon Valley,San Jose,Lettuce,produce,332,heads,2026-02-28,10,2026-03-10,-3,111,balanced
Los Angeles Regional Food Bank,Los Angeles,Bananas,produce,158,lbs,2026-02-18,7,2026-02-25,-16,23,surplus
Second Harvest Food Bank of Orange County,Irvine,Canned black beans,canned,254,cans,2026-03-06,730,2028-03-05,723,58,surplus
Second Harvest of Silicon Valley,San Jose,Lettuce,produce,213,heads,2026-02-16,10,2026-02-26,-15,52,surplus
Feeding San Diego,San Diego,Canned soup,canned,368,cans,2026-02-20,540,2027-08-14,519,109,surplus
Sacramento Food Bank & Family Services,Sacramento,Brown rice,dry,106,bags,2026-02-21,365,2027-02-21,345,84,balanced
Food Bank of Contra Costa and Solano,Concord,Peanut butter,dry,394,jars,2026-02-25,365,2027-02-25,349,72,surplus
Yolo Food Bank,Woodland,Apples,produce,180,lbs,2026-02-24,21,2026-03-17,4,64,balanced
Food Bank of Contra Costa and Solano,Concord,Canned tomatoes,canned,391,cans,2026-02-21,730,2028-02-21,710,101,surplus
Central California Food Bank,Fresno,Canned peas,canned,381,cans,2026-03-05,730,2028-03-04,722,101,surplus
San Francisco-Marin Food Bank,San Francisco,Carrots fresh,produce,174,lbs,2026-02-25,21,2026-03-18,5,35,surplus
Alameda County Community Food Bank,Oakland,Bell peppers,produce,355,lbs,2026-03-13,10,2026-03-23,10,120,balanced
Central California Food Bank,Fresno,Tomatoes,produce,390,lbs,2026-03-11,10,2026-03-21,8,32,surplus
Food Bank of Contra Costa and Solano,Concord,Rice 5lb bag,dry,378,bags,2026-02-17,730,2028-02-17,706,36,surplus
Central California Food Bank,Fresno,Oranges,produce,66,lbs,2026-03-11,14,2026-03-25,12,57,balanced
Second Harvest of Silicon Valley,San Jose,Chicken breast frozen,protein,323,packs,2026-03-10,180,2026-09-06,177,91,surplus
Alameda County Community Food Bank,Oakland,Broccoli,produce,29,lbs,2026-03-02,7,2026-03-09,-4,106,shortage
Food Bank of Contra Costa and Solano,Concord,Pasta,dry,63,boxes,2026-02-24,730,2028-02-24,713,78,shortage
Los Angeles Regional Food Bank,Los Angeles,Canned corn,canned,230,cans,2026-03-05,730,2028-03-04,722,40,surplus
Central California Food Bank,Fresno,Canned green beans,canned,375,cans,2026-03-07,730,2028-03-06,724,24,surplus
Food Bank of Contra Costa and Solano,Concord,Butter,dairy,217,packs,2026-03-03,60,2026-05-02,50,38,surplus
Food Bank of Contra Costa and Solano,Concord,Cheese blocks,dairy,132,blocks,2026-02-27,30,2026-03-29,16,44,balanced
San Francisco-Marin Food Bank,San Francisco,Canned carrots,canned,33,cans,2026-02-22,730,2028-02-22,711,21,balanced
Central California Food Bank,Fresno,Canned tomatoes,canned,141,cans,2026-02-17,730,2028-02-17,706,82,balanced
Second Harvest of Silicon Valley,San Jose,Ground turkey frozen,protein,225,packs,2026-02-26,180,2026-08-25,165,40,surplus
Sacramento Food Bank & Family Services,Sacramento,Canned salmon,canned,96,cans,2026-02-28,730,2028-02-28,717,118,shortage
Second Harvest of Silicon Valley,San Jose,Potatoes,produce,331,lbs,2026-02-22,30,2026-03-24,11,77,surplus
Feeding San Diego,San Diego,Avocados,produce,333,units,2026-03-11,7,2026-03-18,5,84,surplus
Los Angeles Regional Food Bank,Los Angeles,Canned chickpeas,canned,299,cans,2026-03-11,730,2028-03-10,728,99,surplus
Central California Food Bank,Fresno,Lettuce,produce,185,heads,2026-03-07,10,2026-03-17,4,40,surplus
Yolo Food Bank,Woodland,Egg cartons,dairy,304,cartons,2026-03-04,21,2026-03-25,12,26,surplus
Second Harvest of Silicon Valley,San Jose,Avocados,produce,282,units,2026-03-04,7,2026-03-11,-2,79,surplus
San Francisco-Marin Food Bank,San Francisco,Sugar,dry,129,bags,2026-03-05,730,2028-03-04,722,116,balanced
Second Harvest of Silicon Valley,San Jose,Spinach,produce,164,bags,2026-03-10,7,2026-03-17,4,63,balanced
Second Harvest Food Bank of Orange County,Irvine,Canned beans,canned,257,cans,2026-03-10,730,2028-03-09,727,94,balanced
Central California Food Bank,Fresno,Rice 5lb bag,dry,130,bags,2026-02-23,730,2028-02-23,712,120,balanced
Alameda County Community Food Bank,Oakland,Lettuce,produce,165,heads,2026-02-19,10,2026-03-01,-12,61,balanced
San Francisco-Marin Food Bank,San Francisco,Bananas,produce,250,lbs,2026-03-07,7,2026-03-14,1,55,surplus
Yolo Food Bank,Woodland,Canned corn,canned,80,cans,2026-02-27,730,2028-02-27,716,53,balanced
Sacramento Food Bank & Family Services,Sacramento,Brown rice,dry,148,bags,2026-03-03,365,2027-03-03,355,85,balanced
Sacramento Food Bank & Family Services,Sacramento,Canned chickpeas,canned,172,cans,2026-02-19,730,2028-02-19,708,70,balanced
Central California Food Bank,Fresno,Cereal,dry,248,boxes,2026-03-06,180,2026-09-02,173,60,surplus
Second Harvest of Silicon Valley,San Jose,Carrots fresh,produce,178,lbs,2026-03-06,21,2026-03-27,14,28,surplus
Sacramento Food Bank & Family Services,Sacramento,Canned carrots,canned,166,cans,2026-02-18,730,2028-02-18,707,54,surplus
Feeding San Diego,San Diego,Pasta,dry,80,boxes,2026-02-24,730,2028-02-24,713,86,shortage
Food Bank of Contra Costa and Solano,Concord,Frozen berries,protein,123,bags,2026-02-19,365,2027-02-19,343,38,surplus
Alameda County Community Food Bank,Oakland,Onions,produce,176,lbs,2026-02-28,30,2026-03-30,17,68,balanced
Feeding San Diego,San Diego,Onions,produce,213,lbs,2026-02-23,30,2026-03-25,12,118,balanced
San Francisco-Marin Food Bank,San Francisco,Almond butter,dry,14,jars,2026-03-05,365,2027-03-05,357,94,shortage
Second Harvest of Silicon Valley,San Jose,Canned peas,canned,179,cans,2026-02-16,730,2028-02-16,705,61,balanced
Yolo Food Bank,Woodland,Canned chickpeas,canned,363,cans,2026-02-24,730,2028-02-24,713,49,surplus
Alameda County Community Food Bank,Oakland,Tomatoes,produce,180,lbs,2026-03-09,10,2026-03-19,6,49,surplus
Los Angeles Regional Food Bank,Los Angeles,Canned carrots,canned,242,cans,2026-02-18,730,2028-02-18,707,112,balanced
San Francisco-Marin Food Bank,San Francisco,Tomatoes,produce,49,lbs,2026-02-23,10,2026-03-05,-8,22,balanced
Alameda County Community Food Bank,Oakland,Rice 5lb bag,dry,295,bags,2026-03-03,730,2028-03-02,720,83,surplus
Los Angeles Regional Food Bank,Los Angeles,Chicken breast frozen,protein,304,packs,2026-03-01,180,2026-08-28,168,117,balanced
Second Harvest of Silicon Valley,San Jose,Canned corn,canned,12,cans,2026-03-07,730,2028-03-06,724,72,shortage
Sacramento Food Bank & Family Services,Sacramento,Rice 5lb bag,dry,76,bags,2026-03-05,730,2028-03-04,722,34,balanced
Food Bank of Contra Costa and Solano,Concord,Butter,dairy,184,packs,2026-02-19,60,2026-04-20,38,114,balanced
Second Harvest Food Bank of Orange County,Irvine,Carrots fresh,produce,29,lbs,2026-03-03,21,2026-03-24,11,20,balanced
Alameda County Community Food Bank,Oakland,Onions,produce,284,lbs,2026-03-13,30,2026-04-12,30,85,surplus
Alameda County Community Food Bank,Oakland,Cheese blocks,dairy,329,blocks,2026-02-19,30,2026-03-21,8,100,surplus
Alameda County Community Food Bank,Oakland,Canned salmon,canned,73,cans,2026-02-19,730,2028-02-19,708,42,balanced
San Francisco-Marin Food Bank,San Francisco,Egg cartons,dairy,114,cartons,2026-03-01,21,2026-03-22,9,112,balanced
Second Harvest of Silicon Valley,San Jose,Spinach,produce,278,bags,2026-02-20,7,2026-02-27,-14,30,surplus
Alameda County Community Food Bank,Oakland,Canned black beans,canned,280,cans,2026-03-10,730,2028-03-09,727,60,surplus
Alameda County Community Food Bank,Oakland,Almond butter,dry,116,jars,2026-02-26,365,2027-02-26,350,70,balanced
San Francisco-Marin Food Bank,San Francisco,Bell peppers,produce,136,lbs,2026-03-11,10,2026-03-21,8,48,balanced
San Francisco-Marin Food Bank,San Francisco,Cheese blocks,dairy,367,blocks,2026-03-13,30,2026-04-12,30,89,surplus
Second Harvest of Silicon Valley,San Jose,Lentils,dry,297,bags,2026-03-05,730,2028-03-04,722,82,surplus
Los Angeles Regional Food Bank,Los Angeles,Chicken breast frozen,protein,273,packs,2026-02-27,180,2026-08-26,166,105,balanced
Second Harvest Food Bank of Orange County,Irvine,Carrots fresh,produce,301,lbs,2026-03-09,21,2026-03-30,17,113,balanced
Yolo Food Bank,Woodland,Canned carrots,canned,20,cans,2026-02-24,730,2028-02-24,713,112,shortage
Sacramento Food Bank & Family Services,Sacramento,Oranges,produce,65,lbs,2026-03-03,14,2026-03-17,4,86,shortage
San Francisco-Marin Food Bank,San Francisco,Canned tuna,canned,204,cans,2026-02-17,730,2028-02-17,706,115,balanced
Los Angeles Regional Food Bank,Los Angeles,Lentils,dry,88,bags,2026-03-12,730,2028-03-11,729,93,shortage
Food Bank of Contra Costa and Solano,Concord,Sugar,dry,206,bags,2026-02-19,730,2028-02-19,708,111,balanced
Sacramento Food Bank & Family Services,Sacramento,Canned salmon,canned,287,cans,2026-02-16,730,2028-02-16,705,22,surplus
Sacramento Food Bank & Family Services,Sacramento,Chicken breast frozen,protein,24,packs,2026-03-10,180,2026-09-06,177,59,shortage
Alameda County Community Food Bank,Oakland,Sugar,dry,68,bags,2026-02-20,730,2028-02-20,709,47,balanced
Food Bank of Contra Costa and Solano,Concord,Broccoli,produce,289,lbs,2026-03-08,7,2026-03-15,2,58,surplus
Food Bank of Contra Costa and Solano,Concord,Canned tuna,canned,127,cans,2026-02-19,730,2028-02-19,708,84,balanced
Los Angeles Regional Food Bank,Los Angeles,Canned salmon,canned,41,cans,2026-03-04,730,2028-03-03,721,92,shortage
Feeding San Diego,San Diego,Canned black beans,canned,313,cans,2026-02-25,730,2028-02-25,714,26,surplus
Second Harvest of Silicon Valley,San Jose,Brown rice,dry,83,bags,2026-03-03,365,2027-03-03,355,50,balanced
Second Harvest of Silicon Valley,San Jose,Macaroni,dry,11,boxes,2026-02-25,730,2028-02-25,714,52,shortage
Alameda County Community Food Bank,Oakland,Avocados,produce,331,units,2026-03-12,7,2026-03-19,6,40,surplus
Sacramento Food Bank & Family Services,Sacramento,Egg cartons,dairy,339,cartons,2026-03-09,21,2026-03-30,17,73,surplus
Second Harvest Food Bank of Orange County,Irvine,Canned chickpeas,canned,331,cans,2026-03-11,730,2028-03-10,728,92,surplus
Central California Food Bank,Fresno,Spinach,produce,369,bags,2026-03-01,7,2026-03-08,-5,64,surplus
San Francisco-Marin Food Bank,San Francisco,Butter,dairy,283,packs,2026-02-26,60,2026-04-27,45,77,surplus
Los Angeles Regional Food Bank,Los Angeles,Rice 5lb bag,dry,198,bags,2026-02-23,730,2028-02-23,712,86,balanced
Sacramento Food Bank & Family Services,Sacramento,Pasta,dry,279,boxes,2026-03-02,730,2028-03-01,719,74,surplus
Second Harvest Food Bank of Orange County,Irvine,Chicken breast frozen,protein,50,packs,2026-03-11,180,2026-09-07,178,69,shortage
Feeding San Diego,San Diego,Almond butter,dry,268,jars,2026-02-19,365,2027-02-19,343,63,surplus
Sacramento Food Bank & Family Services,Sacramento,Canned salmon,canned,17,cans,2026-02-27,730,2028-02-27,716,50,shortage
Los Angeles Regional Food Bank,Los Angeles,Frozen vegetables mix,protein,246,bags,2026-02-23,365,2027-02-23,347,87,balanced
Alameda County Community Food Bank,Oakland,Almond butter,dry,276,jars,2026-03-05,365,2027-03-05,357,40,surplus
Los Angeles Regional Food Bank,Los Angeles,Canned tuna,canned,103,cans,2026-03-05,730,2028-03-04,722,86,balanced
Food Bank of Contra Costa and Solano,Concord,Rice 5lb bag,dry,319,bags,2026-03-01,730,2028-02-29,718,118,balanced
San Francisco-Marin Food Bank,San Francisco,Cereal,dry,344,boxes,2026-02-21,180,2026-08-20,160,92,surplus
Sacramento Food Bank & Family Services,Sacramento,Canned salmon,canned,349,cans,2026-03-05,730,2028-03-04,722,45,surplus
Feeding San Diego,San Diego,Canned tomatoes,canned,22,cans,2026-03-04,730,2028-03-03,721,26,shortage
Second Harvest of Silicon Valley,San Jose,Canned salmon,canned,108,cans,2026-03-06,730,2028-03-05,723,110,shortage
Yolo Food Bank,Woodland,Carrots fresh,produce,313,lbs,2026-02-17,21,2026-03-10,-3,31,surplus
Alameda County Community Food Bank,Oakland,Frozen berries,protein,118,bags,2026-02-26,365,2027-02-26,350,90,balanced
Yolo Food Bank,Woodland,Lentils,dry,232,bags,2026-03-02,730,2028-03-01,719,114,balanced
Yolo Food Bank,Woodland,Broccoli,produce,127,lbs,2026-02-22,7,2026-03-01,-12,112,balanced
Alameda County Community Food Bank,Oakland,Avocados,produce,113,units,2026-02-23,7,2026-03-02,-11,99,balanced
Los Angeles Regional Food Bank,Los Angeles,Spaghetti,dry,49,boxes,2026-03-05,730,2028-03-04,722,28,balanced
Los Angeles Regional Food Bank,Los Angeles,Bananas,produce,129,lbs,2026-03-04,7,2026-03-11,-2,113,balanced
Food Bank of Contra Costa and Solano,Concord,Bell peppers,produce,207,lbs,2026-02-21,10,2026-03-03,-10,81,balanced
Sacramento Food Bank & Family Services,Sacramento,Bell peppers,produce,348,lbs,2026-02-24,10,2026-03-06,-7,86,surplus
Food Bank of Contra Costa and Solano,Concord,Sugar,dry,20,bags,2026-03-10,730,2028-03-09,727,74,shortage
Feeding San Diego,San Diego,Canned soup,canned,325,cans,2026-03-13,540,2027-09-04,540,114,balanced
Central California Food Bank,Fresno,Rice 5lb bag,dry,121,bags,2026-03-11,730,2028-03-10,728,50,balanced
Food Bank of Contra Costa and Solano,Concord,Canned tomatoes,canned,120,cans,2026-03-01,730,2028-02-29,718,61,balanced
Central California Food Bank,Fresno,Bell peppers,produce,148,lbs,2026-02-25,10,2026-03-07,-6,101,balanced
Central California Food Bank,Fresno,Frozen berries,protein,245,bags,2026-03-10,365,2027-03-10,362,65,surplus
Los Angeles Regional Food Bank,Los Angeles,Canned salmon,canned,74,cans,2026-03-10,730,2028-03-09,727,83,shortage
Alameda County Community Food Bank,Oakland,Canned green beans,canned,330,cans,2026-03-12,730,2028-03-11,729,38,surplus
Sacramento Food Bank & Family Services,Sacramento,Spaghetti,dry,62,boxes,2026-03-01,730,2028-02-29,718,113,shortage
Central California Food Bank,Fresno,Canned carrots,canned,313,cans,2026-02-18,730,2028-02-18,707,104,surplus
Food Bank of Contra Costa and Solano,Concord,Canned tuna,canned,43,cans,2026-02-26,730,2028-02-26,715,61,shortage
Los Angeles Regional Food Bank,Los Angeles,Brown rice,dry,183,bags,2026-02-19,365,2027-02-19,343,78,balanced
Sacramento Food Bank & Family Services,Sacramento,Canned soup,canned,140,cans,2026-03-10,540,2027-09-01,537,69,balanced
Food Bank of Contra Costa and Solano,Concord,Lentils,dry,366,bags,2026-03-08,730,2028-03-07,725,81,surplus
Alameda County Community Food Bank,Oakland,Egg cartons,dairy,308,cartons,2026-03-04,21,2026-03-25,12,103,balanced
Second Harvest Food Bank of Orange County,Irvine,Brown rice,dry,163,bags,2026-02-19,365,2027-02-19,343,112,balanced
Yolo Food Bank,Woodland,Canned tomatoes,canned,267,cans,2026-02-22,730,2028-02-22,711,43,surplus
Los Angeles Regional Food Bank,Los Angeles,Pasta,dry,139,boxes,2026-03-04,730,2028-03-03,721,41,surplus
Sacramento Food Bank & Family Services,Sacramento,Potatoes,produce,314,lbs,2026-02-17,30,2026-03-19,6,53,surplus
Feeding San Diego,San Diego,Oatmeal,dry,359,boxes,2026-02-28,365,2027-02-28,352,45,surplus
Second Harvest Food Bank of Orange County,Irvine,Canned corn,canned,219,cans,2026-02-16,730,2028-02-16,705,93,balanced
Second Harvest of Silicon Valley,San Jose,Canned tuna,canned,128,cans,2026-02-16,730,2028-02-16,705,103,balanced
Los Angeles Regional Food Bank,Los Angeles,Lettuce,produce,346,heads,2026-02-27,10,2026-03-09,-4,58,surplus
San Francisco-Marin Food Bank,San Francisco,Canned black beans,canned,189,cans,2026-03-03,730,2028-03-02,720,86,balanced
Central California Food Bank,Fresno,Bananas,produce,374,lbs,2026-03-08,7,2026-03-15,2,84,surplus
Yolo Food Bank,Woodland,Canned peas,canned,126,cans,2026-03-10,730,2028-03-09,727,55,balanced
Sacramento Food Bank & Family Services,Sacramento,Tomatoes,produce,169,lbs,2026-03-08,10,2026-03-18,5,89,balanced
Alameda County Community Food Bank,Oakland,Spaghetti,dry,125,boxes,2026-02-28,730,2028-02-28,717,113,balanced
Yolo Food Bank,Woodland,Canned tuna,canned,358,cans,2026-03-07,730,2028-03-06,724,112,surplus
Central California Food Bank,Fresno,Onions,produce,52,lbs,2026-02-26,30,2026-03-28,15,36,balanced
Central California Food Bank,Fresno,Spinach,produce,154,bags,2026-02-17,7,2026-02-24,-17,35,surplus
Central California Food Bank,Fresno,Chicken breast frozen,protein,30,packs,2026-03-07,180,2026-09-03,174,101,shortage
Sacramento Food Bank & Family Services,Sacramento,Rice 5lb bag,dry,368,bags,2026-02-21,730,2028-02-21,710,79,surplus
Second Harvest of Silicon Valley,San Jose,Peanut butter,dry,275,jars,2026-02-27,365,2027-02-27,351,31,surplus
Alameda County Community Food Bank,Oakland,Peanut butter,dry,93,jars,2026-02-26,365,2027-02-26,350,48,balanced
Los Angeles Regional Food Bank,Los Angeles,Sugar,dry,297,bags,2026-03-02,730,2028-03-01,719,58,surplus
Second Harvest Food Bank of Orange County,Irvine,Rice 5lb bag,dry,237,bags,2026-02-16,730,2028-02-16,705,74,surplus
Feeding San Diego,San Diego,Canned black beans,canned,289,cans,2026-02-22,730,2028-02-22,711,64,surplus
Feeding San Diego,San Diego,Bananas,produce,354,lbs,2026-02-16,7,2026-02-23,-18,114,surplus
Second Harvest Food Bank of Orange County,Irvine,Canned carrots,canned,365,cans,2026-03-11,730,2028-03-10,728,70,surplus
Second Harvest Food Bank of Orange County,Irvine,Lettuce,produce,293,heads,2026-03-11,10,2026-03-21,8,106,balanced
Second Harvest of Silicon Valley,San Jose,Chicken breast frozen,protein,354,packs,2026-02-28,180,2026-08-27,167,68,surplus
Second Harvest Food Bank of Orange County,Irvine,Broccoli,produce,45,lbs,2026-02-16,7,2026-02-23,-18,35,balanced
Feeding San Diego,San Diego,Canned beans,canned,333,cans,2026-02-19,730,2028-02-19,708,96,surplus
Alameda County Community Food Bank,Oakland,Canned beans,canned,278,cans,2026-03-07,730,2028-03-06,724,48,surplus
Second Harvest of Silicon Valley,San Jose,Pasta,dry,265,boxes,2026-02-18,730,2028-02-18,707,76,surplus
Second Harvest of Silicon Valley,San Jose,Carrots fresh,produce,288,lbs,2026-03-06,21,2026-03-27,14,43,surplus
Feeding San Diego,San Diego,Canned tuna,canned,205,cans,2026-03-12,730,2028-03-11,729,96,balanced
Sacramento Food Bank & Family Services,Sacramento,Chicken breast frozen,protein,94,packs,2026-03-07,180,2026-09-03,174,87,balanced
San Francisco-Marin Food Bank,San Francisco,Canned peas,canned,297,cans,2026-03-02,730,2028-03-01,719,102,balanced
Central California Food Bank,Fresno,Canned corn,canned,355,cans,2026-02-21,730,2028-02-21,710,25,surplus
Second Harvest Food Bank of Orange County,Irvine,Canned salmon,canned,279,cans,2026-03-11,730,2028-03-10,728,98,balanced
Yolo Food Bank,Woodland,Sugar,dry,68,bags,2026-02-27,730,2028-02-27,716,58,balanced
Los Angeles Regional Food Bank,Los Angeles,Oatmeal,dry,382,boxes,2026-03-06,365,2027-03-06,358,113,surplus
Yolo Food Bank,Woodland,Canned soup,canned,297,cans,2026-02-28,540,2027-08-22,527,80,surplus
Second Harvest Food Bank of Orange County,Irvine,Canned soup,canned,103,cans,2026-03-09,540,2027-08-31,536,91,balanced
Yolo Food Bank,Woodland,Flour,dry,351,bags,2026-03-01,365,2027-03-01,353,69,surplus
Second Harvest of Silicon Valley,San Jose,Flour,dry,303,bags,2026-02-26,365,2027-02-26,350,117,balanced
Second Harvest of Silicon Valley,San Jose,Lettuce,produce,325,heads,2026-03-09,10,2026-03-19,6,63,surplus
Alameda County Community Food Bank,Oakland,Egg cartons,dairy,36,cartons,2026-02-21,21,2026-03-14,1,118,shortage
Second Harvest of Silicon Valley,San Jose,Apples,produce,370,lbs,2026-02-19,21,2026-03-12,-1,106,surplus
San Francisco-Marin Food Bank,San Francisco,Bananas,produce,149,lbs,2026-03-11,7,2026-03-18,5,27,surplus
Los Angeles Regional Food Bank,Los Angeles,Peanut butter,dry,171,jars,2026-03-07,365,2027-03-07,359,80,balanced
Los Angeles Regional Food Bank,Los Angeles,Milk gallons,dairy,202,gallons,2026-03-05,10,2026-03-15,2,112,balanced
Second Harvest of Silicon Valley,San Jose,Almond butter,dry,259,jars,2026-03-03,365,2027-03-03,355,35,surplus
Alameda County Community Food Bank,Oakland,Carrots fresh,produce,304,lbs,2026-02-17,21,2026-03-10,-3,23,surplus
Alameda County Community Food Bank,Oakland,Cereal,dry,78,boxes,2026-02-16,180,2026-08-15,155,41,balanced
Food Bank of Contra Costa and Solano,Concord,Canned salmon,canned,168,cans,2026-02-17,730,2028-02-17,706,104,balanced
Second Harvest Food Bank of Orange County,Irvine,Avocados,produce,147,units,2026-02-23,7,2026-03-02,-11,61,balanced
Central California Food Bank,Fresno,Oranges,produce,176,lbs,2026-03-11,14,2026-03-25,12,36,surplus
Los Angeles Regional Food Bank,Los Angeles,Canned carrots,canned,52,cans,2026-03-11,730,2028-03-10,728,81,shortage
Central California Food Bank,Fresno,Frozen vegetables mix,protein,205,bags,2026-03-04,365,2027-03-04,356,101,balanced
Alameda County Community Food Bank,Oakland,Butter,dairy,258,packs,2026-02-28,60,2026-04-29,47,84,surplus
Second Harvest Food Bank of Orange County,Irvine,Macaroni,dry,196,boxes,2026-02-17,730,2028-02-17,706,78,balanced
San Francisco-Marin Food Bank,San Francisco,Almond butter,dry,103,jars,2026-03-07,365,2027-03-07,359,29,surplus
Sacramento Food Bank & Family Services,Sacramento,Frozen berries,protein,391,bags,2026-02-22,365,2027-02-22,346,47,surplus
Feeding San Diego,San Diego,Canned tuna,canned,286,cans,2026-02-24,730,2028-02-24,713,94,surplus
Second Harvest of Silicon Valley,San Jose,Milk gallons,dairy,385,gallons,2026-02-20,10,2026-03-02,-11,84,surplus
Yolo Food Bank,Woodland,Canned tuna,canned,118,cans,2026-03-10,730,2028-03-09,727,118,balanced
Second Harvest of Silicon Valley,San Jose,Chicken breast frozen,protein,369,packs,2026-03-11,180,2026-09-07,178,39,surplus
Sacramento Food Bank & Family Services,Sacramento,Tomatoes,produce,341,lbs,2026-02-25,10,2026-03-07,-6,83,surplus
Central California Food Bank,Fresno,Egg cartons,dairy,225,cartons,2026-03-11,21,2026-04-01,19,79,balanced
Los Angeles Regional Food Bank,Los Angeles,Canned salmon,canned,263,cans,2026-03-02,730,2028-03-01,719,58,surplus
Los Angeles Regional Food Bank,Los Angeles,Frozen berries,protein,368,bags,2026-03-02,365,2027-03-02,354,42,surplus
Central California Food Bank,Fresno,Lettuce,produce,140,heads,2026-03-05,10,2026-03-15,2,94,balanced
Second Harvest of Silicon Valley,San Jose,Ground turkey frozen,protein,109,packs,2026-03-04,180,2026-08-31,171,58,balanced
Alameda County Community Food Bank,Oakland,Almond butter,dry,103,jars,2026-03-10,365,2027-03-10,362,54,balanced
Alameda County Community Food Bank,Oakland,Oranges,produce,271,lbs,2026-03-13,14,2026-03-27,14,87,surplus
Feeding San Diego,San Diego,Cereal,dry,306,boxes,2026-03-05,180,2026-09-01,172,102,balanced
Second Harvest Food Bank of Orange County,Irvine,Pasta,dry,344,boxes,2026-02-19,730,2028-02-19,708,42,surplus
Feeding San Diego,San Diego,Almond butter,dry,91,jars,2026-02-22,365,2027-02-22,346,35,balanced
San Francisco-Marin Food Bank,San Francisco,Bananas,produce,76,lbs,2026-02-16,7,2026-02-23,-18,30,balanced
Central California Food Bank,Fresno,Frozen vegetables mix,protein,260,bags,2026-02-23,365,2027-02-23,347,43,surplus
Central California Food Bank,Fresno,Tomatoes,produce,16,lbs,2026-02-21,10,2026-03-03,-10,24,shortage
Feeding San Diego,San Diego,Canned tomatoes,canned,192,cans,2026-03-01,730,2028-02-29,718,29,surplus
San Francisco-Marin Food Bank,San Francisco,Tomatoes,produce,193,lbs,2026-03-13,10,2026-03-23,10,118,balanced
Alameda County Community Food Bank,Oakland,Ground turkey frozen,protein,26,packs,2026-02-20,180,2026-08-19,159,98,shortage
Sacramento Food Bank & Family Services,Sacramento,Canned tuna,canned,347,cans,2026-02-16,730,2028-02-16,705,61,surplus
Yolo Food Bank,Woodland,Canned tuna,canned,123,cans,2026-02-25,730,2028-02-25,714,87,balanced
Alameda County Community Food Bank,Oakland,Yogurt cups,dairy,213,cups,2026-03-04,21,2026-03-25,12,112,balanced
Yolo Food Bank,Woodland,Onions,produce,192,lbs,2026-03-04,30,2026-04-03,21,52,surplus
Sacramento Food Bank & Family Services,Sacramento,Canned tomatoes,canned,237,cans,2026-02-23,730,2028-02-23,712,72,surplus
Yolo Food Bank,Woodland,Oatmeal,dry,244,boxes,2026-03-12,365,2027-03-12,364,58,surplus
Yolo Food Bank,Woodland,Potatoes,produce,270,lbs,2026-03-03,30,2026-04-02,20,28,surplus
Feeding San Diego,San Diego,Cheese blocks,dairy,22,blocks,2026-02-23,30,2026-03-25,12,48,shortage
Central California Food Bank,Fresno,Canned black beans,canned,176,cans,2026-03-13,730,2028-03-12,730,40,surplus
Sacramento Food Bank & Family Services,Sacramento,Canned tomatoes,canned,64,cans,2026-03-10,730,2028-03-09,727,34,balanced
Central California Food Bank,Fresno,Canned peas,canned,46,cans,2026-03-13,730,2028-03-12,730,22,balanced
Sacramento Food Bank & Family Services,Sacramento,Brown rice,dry,93,bags,2026-02-21,365,2027-02-21,345,87,balanced
Sacramento Food Bank & Family Services,Sacramento,Canned chickpeas,canned,280,cans,2026-02-20,730,2028-02-20,709,46,surplus
Sacramento Food Bank & Family Services,Sacramento,Canned green beans,canned,303,cans,2026-02-21,730,2028-02-21,710,74,surplus
Central California Food Bank,Fresno,Spaghetti,dry,218,boxes,2026-03-08,730,2028-03-07,725,26,surplus
San Francisco-Marin Food Bank,San Francisco,Canned soup,canned,226,cans,2026-03-02,540,2027-08-24,529,65,surplus
Second Harvest Food Bank of Orange County,Irvine,Canned chickpeas,canned,123,cans,2026-02-25,730,2028-02-25,714,106,balanced
Food Bank of Contra Costa and Solano,Concord,Rice 5lb bag,dry,345,bags,2026-03-01,730,2028-02-29,718,69,surplus
Sacramento Food Bank & Family Services,Sacramento,Cereal,dry,146,boxes,2026-02-25,180,2026-08-24,164,104,balanced
Second Harvest Food Bank of Orange County,Irvine,Sugar,dry,17,bags,2026-02-17,730,2028-02-17,706,87,shortage
Second Harvest of Silicon Valley,San Jose,Flour,dry,367,bags,2026-02-21,365,2027-02-21,345,29,surplus
Central California Food Bank,Fresno,Canned beans,canned,328,cans,2026-03-10,730,2028-03-09,727,72,surplus
Yolo Food Bank,Woodland,Canned corn,canned,236,cans,2026-03-07,730,2028-03-06,724,43,surplus
Central California Food Bank,Fresno,Canned tomatoes,canned,260,cans,2026-03-02,730,2028-03-01,719,20,surplus
Second Harvest Food Bank of Orange County,Irvine,Canned tuna,canned,210,cans,2026-03-02,730,2028-03-01,719,95,balanced
San Francisco-Marin Food Bank,San Francisco,Macaroni,dry,207,boxes,2026-03-03,730,2028-03-02,720,115,balanced
Sacramento Food Bank & Family Services,Sacramento,Almond butter,dry,135,jars,2026-03-06,365,2027-03-06,358,50,balanced
Second Harvest Food Bank of Orange County,Irvine,Bell peppers,produce,371,lbs,2026-02-26,10,2026-03-08,-5,93,surplus
Central California Food Bank,Fresno,Carrots fresh,produce,276,lbs,2026-02-16,21,2026-03-09,-4,62,surplus
Yolo Food Bank,Woodland,Frozen berries,protein,211,bags,2026-02-19,365,2027-02-19,343,109,balanced
Feeding San Diego,San Diego,Cereal,dry,348,boxes,2026-02-23,180,2026-08-22,162,39,surplus
Sacramento Food Bank & Family Services,Sacramento,Tomatoes,produce,236,lbs,2026-03-04,10,2026-03-14,1,41,surplus
Alameda County Community Food Bank,Oakland,Ground turkey frozen,protein,50,packs,2026-03-04,180,2026-08-31,171,27,balanced
Yolo Food Bank,Woodland,Canned chickpeas,canned,313,cans,2026-02-18,730,2028-02-18,707,98,surplus
Alameda County Community Food Bank,Oakland,Potatoes,produce,345,lbs,2026-02-20,30,2026-03-22,9,105,surplus
Sacramento Food Bank & Family Services,Sacramento,Lettuce,produce,23,heads,2026-02-17,10,2026-02-27,-14,86,shortage
Feeding San Diego,San Diego,Canned beans,canned,176,cans,2026-02-26,730,2028-02-26,715,103,balanced
Yolo Food Bank,Woodland,Canned tuna,canned,20,cans,2026-02-27,730,2028-02-27,716,85,shortage
Feeding San Diego,San Diego,Potatoes,produce,218,lbs,2026-02-23,30,2026-03-25,12,43,surplus
Yolo Food Bank,Woodland,Canned black beans,canned,38,cans,2026-02-22,730,2028-02-22,711,69,shortage
Food Bank of Contra Costa and Solano,Concord,Cheese blocks,dairy,207,blocks,2026-02-23,30,2026-03-25,12,108,balanced
Feeding San Diego,San Diego,Canned black beans,canned,157,cans,2026-02-25,730,2028-02-25,714,110,balanced
Sacramento Food Bank & Family Services,Sacramento,Canned carrots,canned,346,cans,2026-02-19,730,2028-02-19,708,110,surplus
Sacramento Food Bank & Family Services,Sacramento,Carrots fresh,produce,271,lbs,2026-02-28,21,2026-03-21,8,51,surplus
Central California Food Bank,Fresno,Pasta,dry,230,boxes,2026-03-13,730,2028-03-12,730,61,surplus
Sacramento Food Bank & Family Services,Sacramento,Oatmeal,dry,304,boxes,2026-03-04,365,2027-03-04,356,51,surplus
Los Angeles Regional Food Bank,Los Angeles,Lettuce,produce,79,heads,2026-03-08,10,2026-03-18,5,27,balanced
Feeding San Diego,San Diego,Canned tuna,canned,83,cans,2026-02-28,730,2028-02-28,717,31,balanced
Los Angeles Regional Food Bank,Los Angeles,Potatoes,produce,41,lbs,2026-03-02,30,2026-04-01,19,48,shortage
Alameda County Community Food Bank,Oakland,Brown rice,dry,71,bags,2026-03-04,365,2027-03-04,356,67,balanced
Food Bank of Contra Costa and Solano,Concord,Onions,produce,267,lbs,2026-02-18,30,2026-03-20,7,66,surplus
Central California Food Bank,Fresno,Flour,dry,335,bags,2026-02-22,365,2027-02-22,346,116,balanced
Food Bank of Contra Costa and Solano,Concord,Canned chickpeas,canned,184,cans,2026-03-10,730,2028-03-09,727,80,balanced
Sacramento Food Bank & Family Services,Sacramento,Almond butter,dry,23,jars,2026-03-08,365,2027-03-08,360,59,shortage
Second Harvest of Silicon Valley,San Jose,Tomatoes,produce,40,lbs,2026-02-22,10,2026-03-04,-9,89,shortage
Alameda County Community Food Bank,Oakland,Broccoli,produce,89,lbs,2026-02-24,7,2026-03-03,-10,41,balanced
Second Harvest of Silicon Valley,San Jose,Canned tuna,canned,53,cans,2026-02-20,730,2028-02-20,709,101,shortage
Yolo Food Bank,Woodland,Rice 5lb bag,dry,335,bags,2026-03-01,730,2028-02-29,718,70,surplus
Yolo Food Bank,Woodland,Ground turkey frozen,protein,348,packs,2026-03-13,180,2026-09-09,180,116,balanced
Yolo Food Bank,Woodland,Flour,dry,48,bags,2026-03-09,365,2027-03-09,361,31,balanced
San Francisco-Marin Food Bank,San Francisco,Carrots fresh,produce,122,lbs,2026-03-08,21,2026-03-29,16,106,balanced
Food Bank of Contra Costa and Solano,Concord,Bananas,produce,297,lbs,2026-03-05,7,2026-03-12,-1,67,surplus
Second Harvest Food Bank of Orange County,Irvine,Sugar,dry,167,bags,2026-02-17,730,2028-02-17,706,61,balanced
Central California Food Bank,Fresno,Spinach,produce,342,bags,2026-03-08,7,2026-03-15,2,77,surplus
Sacramento Food Bank & Family Services,Sacramento,Peanut butter,dry,150,jars,2026-02-27,365,2027-02-27,351,95,balanced
Yolo Food Bank,Woodland,Canned carrots,canned,102,cans,2026-02-23,730,2028-02-23,712,84,balanced
Sacramento Food Bank & Family Services,Sacramento,Onions,produce,372,lbs,2026-02-18,30,2026-03-20,7,78,surplus
Feeding San Diego,San Diego,Canned tuna,canned,203,cans,2026-03-02,730,2028-03-01,719,59,surplus
San Francisco-Marin Food Bank,San Francisco,Apples,produce,95,lbs,2026-02-21,21,2026-03-14,1,66,balanced
Alameda County Community Food Bank,Oakland,Yogurt cups,dairy,310,cups,2026-02-17,21,2026-03-10,-3,88,surplus
Second Harvest Food Bank of Orange County,Irvine,Potatoes,produce,223,lbs,2026-02-26,30,2026-03-28,15,85,balanced
Feeding San Diego,San Diego,Oatmeal,dry,314,boxes,2026-03-01,365,2027-03-01,353,104,surplus
Second Harvest Food Bank of Orange County,Irvine,Brown rice,dry,377,bags,2026-02-26,365,2027-02-26,350,90,surplus
Central California Food Bank,Fresno,Almond butter,dry,357,jars,2026-03-12,365,2027-03-12,364,119,balanced
Alameda County Community Food Bank,Oakland,Cheese blocks,dairy,88,blocks,2026-02-21,30,2026-03-23,10,110,shortage
Yolo Food Bank,Woodland,Spinach,produce,255,bags,2026-02-27,7,2026-03-06,-7,112,balanced
Feeding San Diego,San Diego,Almond butter,dry,106,jars,2026-03-03,365,2027-03-03,355,78,balanced
San Francisco-Marin Food Bank,San Francisco,Milk gallons,dairy,264,gallons,2026-03-05,10,2026-03-15,2,119,balanced
Food Bank of Contra Costa and Solano,Concord,Brown rice,dry,14,bags,2026-03-05,365,2027-03-05,357,100,shortage
Yolo Food Bank,Woodland,Ground turkey frozen,protein,124,packs,2026-02-25,180,2026-08-24,164,88,balanced
Central California Food Bank,Fresno,Potatoes,produce,88,lbs,2026-02-23,30,2026-03-25,12,74,balanced
Second Harvest Food Bank of Orange County,Irvine,Bananas,produce,400,lbs,2026-02-24,7,2026-03-03,-10,33,surplus
Yolo Food Bank,Woodland,Onions,produce,208,lbs,2026-02-28,30,2026-03-30,17,82,balanced
Yolo Food Bank,Woodland,Bell peppers,produce,216,lbs,2026-03-01,10,2026-03-11,-2,106,balanced
Yolo Food Bank,Woodland,Yogurt cups,dairy,134,cups,2026-03-10,21,2026-03-31,18,116,balanced
Central California Food Bank,Fresno,Egg cartons,dairy,176,cartons,2026-03-10,21,2026-03-31,18,97,balanced
Food Bank of Contra Costa and Solano,Concord,Cereal,dry,250,boxes,2026-02-25,180,2026-08-24,164,48,surplus
Food Bank of Contra Costa and Solano,Concord,Bananas,produce,386,lbs,2026-02-28,7,2026-03-07,-6,83,surplus
Yolo Food Bank,Woodland,Carrots fresh,produce,349,lbs,2026-02-18,21,2026-03-11,-2,108,surplus
Yolo Food Bank,Woodland,Bell peppers,produce,138,lbs,2026-02-20,10,2026-03-02,-11,92,balanced
Food Bank of Contra Costa and Solano,Concord,Peanut butter,dry,285,jars,2026-02-20,365,2027-02-20,344,22,surplus
Sacramento Food Bank & Family Services,Sacramento,Egg cartons,dairy,380,cartons,2026-02-22,21,2026-03-15,2,30,surplus
Sacramento Food Bank & Family Services,Sacramento,Canned peas,canned,15,cans,2026-03-09,730,2028-03-08,726,106,shortage
San Francisco-Marin Food Bank,San Francisco,Canned tuna,canned,241,cans,2026-03-04,730,2028-03-03,721,119,balanced
Second Harvest Food Bank of Orange County,Irvine,Avocados,produce,131,units,2026-02-16,7,2026-02-23,-18,29,surplus
Central California Food Bank,Fresno,Carrots fresh,produce,43,lbs,2026-03-11,21,2026-04-01,19,62,shortage
Alameda County Community Food Bank,Oakland,Potatoes,produce,85,lbs,2026-03-07,30,2026-04-06,24,67,balanced
Yolo Food Bank,Woodland,Peanut butter,dry,276,jars,2026-03-01,365,2027-03-01,353,85,surplus
Feeding San Diego,San Diego,Yogurt cups,dairy,206,cups,2026-03-13,21,2026-04-03,21,65,surplus
Yolo Food Bank,Woodland,Apples,produce,198,lbs,2026-03-07,21,2026-03-28,15,49,surplus
Central California Food Bank,Fresno,Spinach,produce,263,bags,2026-03-05,7,2026-03-12,-1,107,balanced
Yolo Food Bank,Woodland,Ground turkey frozen,protein,231,packs,2026-02-18,180,2026-08-17,157,94,balanced
Central California Food Bank,Fresno,Egg cartons,dairy,234,cartons,2026-02-25,21,2026-03-18,5,84,balanced
Food Bank of Contra Costa and Solano,Concord,Carrots fresh,produce,120,lbs,2026-02-22,21,2026-03-15,2,79,balanced
San Francisco-Marin Food Bank,San Francisco,Tomatoes,produce,352,lbs,2026-03-09,10,2026-03-19,6,56,surplus
Food Bank of Contra Costa and Solano,Concord,Canned beans,canned,338,cans,2026-03-02,730,2028-03-01,719,102,surplus
Feeding San Diego,San Diego,Macaroni,dry,202,boxes,2026-02-18,730,2028-02-18,707,58,surplus
Alameda County Community Food Bank,Oakland,Apples,produce,360,lbs,2026-03-03,21,2026-03-24,11,81,surplus
Central California Food Bank,Fresno,Bell peppers,produce,122,lbs,2026-03-04,10,2026-03-14,1,103,balanced
Los Angeles Regional Food Bank,Los Angeles,Macaroni,dry,261,boxes,2026-02-27,730,2028-02-27,716,117,balanced
Los Angeles Regional Food Bank,Los Angeles,Oatmeal,dry,274,boxes,2026-02-17,365,2027-02-17,341,97,balanced
San Francisco-Marin Food Bank,San Francisco,Canned beans,canned,363,cans,2026-02-18,730,2028-02-18,707,31,surplus
Feeding San Diego,San Diego,Frozen vegetables mix,protein,141,bags,2026-03-05,365,2027-03-05,357,98,balanced
Second Harvest Food Bank of Orange County,Irvine,Canned chickpeas,canned,283,cans,2026-03-09,730,2028-03-08,726,92,surplus
Sacramento Food Bank & Family Services,Sacramento,Spaghetti,dry,228,boxes,2026-03-06,730,2028-03-05,723,28,surplus
Los Angeles Regional Food Bank,Los Angeles,Apples,produce,348,lbs,2026-02-23,21,2026-03-16,3,64,surplus
Yolo Food Bank,Woodland,Canned tomatoes,canned,228,cans,2026-02-20,730,2028-02-20,709,85,balanced
Sacramento Food Bank & Family Services,Sacramento,Bananas,produce,353,lbs,2026-03-13,7,2026-03-20,7,61,surplus
Yolo Food Bank,Woodland,Bananas,produce,137,lbs,2026-03-09,7,2026-03-16,3,59,balanced
Los Angeles Regional Food Bank,Los Angeles,Spinach,produce,255,bags,2026-03-13,7,2026-03-20,7,78,surplus
San Francisco-Marin Food Bank,San Francisco,Oatmeal,dry,194,boxes,2026-02-27,365,2027-02-27,351,104,balanced
Second Harvest of Silicon Valley,San Jose,Canned chickpeas,canned,112,cans,2026-02-25,730,2028-02-25,714,103,balanced
Los Angeles Regional Food Bank,Los Angeles,Canned tomatoes,canned,296,cans,2026-02-21,730,2028-02-21,710,99,balanced
Central California Food Bank,Fresno,Canned tuna,canned,318,cans,2026-03-06,730,2028-03-05,723,102,surplus
Second Harvest Food Bank of Orange County,Irvine,Ground turkey frozen,protein,209,packs,2026-02-25,180,2026-08-24,164,111,balanced
Alameda County Community Food Bank,Oakland,Onions,produce,165,lbs,2026-02-19,30,2026-03-21,8,93,balanced
Yolo Food Bank,Woodland,Chicken breast frozen,protein,138,packs,2026-03-05,180,2026-09-01,172,36,surplus
Central California Food Bank,Fresno,Chicken breast frozen,protein,65,packs,2026-02-17,180,2026-08-16,156,69,shortage
Feeding San Diego,San Diego,Milk gallons,dairy,45,gallons,2026-02-25,10,2026-03-07,-6,66,shortage
Alameda County Community Food Bank,Oakland,Frozen vegetables mix,protein,243,bags,2026-02-22,365,2027-02-22,346,95,balanced
Yolo Food Bank,Woodland,Canned salmon,canned,281,cans,2026-02-16,730,2028-02-16,705,112,balanced
Yolo Food Bank,Woodland,Almond butter,dry,49,jars,2026-03-07,365,2027-03-07,359,108,shortage
Second Harvest of Silicon Valley,San Jose,Canned carrots,canned,390,cans,2026-02-18,730,2028-02-18,707,97,surplus
Central California Food Bank,Fresno,Frozen berries,protein,16,bags,2026-02-21,365,2027-02-21,345,98,shortage
Food Bank of Contra Costa and Solano,Concord,Brown rice,dry,184,bags,2026-02-21,365,2027-02-21,345,99,balanced
San Francisco-Marin Food Bank,San Francisco,Rice 5lb bag,dry,272,bags,2026-03-05,730,2028-03-04,722,70,surplus
San Francisco-Marin Food Bank,San Francisco,Canned chickpeas,canned,49,cans,2026-03-09,730,2028-03-08,726,80,shortage
Central California Food Bank,Fresno,Tomatoes,produce,218,lbs,2026-03-08,10,2026-03-18,5,88,balanced
Food Bank of Contra Costa and Solano,Concord,Canned corn,canned,317,cans,2026-03-07,730,2028-03-06,724,62,surplus
Second Harvest of Silicon Valley,San Jose,Canned chickpeas,canned,308,cans,2026-03-02,730,2028-03-01,719,86,surplus
Second Harvest Food Bank of Orange County,Irvine,Broccoli,produce,87,lbs,2026-02-20,7,2026-02-27,-14,109,shortage
Second Harvest of Silicon Valley,San Jose,Lettuce,produce,352,heads,2026-03-12,10,2026-03-22,9,45,surplus
Alameda County Community Food Bank,Oakland,Flour,dry,309,bags,2026-03-02,365,2027-03-02,354,99,surplus
Yolo Food Bank,Woodland,Sugar,dry,150,bags,2026-02-24,730,2028-02-24,713,61,balanced
Sacramento Food Bank & Family Services,Sacramento,Butter,dairy,97,packs,2026-03-02,60,2026-05-01,49,39,balanced
Second Harvest Food Bank of Orange County,Irvine,Canned black beans,canned,105,cans,2026-03-02,730,2028-03-01,719,54,balanced
Second Harvest of Silicon Valley,San Jose,Canned tomatoes,canned,172,cans,2026-03-01,730,2028-02-29,718,117,balanced
Yolo Food Bank,Woodland,Spinach,produce,383,bags,2026-02-22,7,2026-03-01,-12,25,surplus
Second Harvest of Silicon Valley,San Jose,Macaroni,dry,172,boxes,2026-02-27,730,2028-02-27,716,88,balanced
Sacramento Food Bank & Family Services,Sacramento,Yogurt cups,dairy,198,cups,2026-03-09,21,2026-03-30,17,63,surplus
Yolo Food Bank,Woodland,Brown rice,dry,191,bags,2026-03-12,365,2027-03-12,364,89,balanced
Sacramento Food Bank & Family Services,Sacramento,Canned corn,canned,274,cans,2026-03-02,730,2028-03-01,719,72,surplus
Feeding San Diego,San Diego,Milk gallons,dairy,303,gallons,2026-03-02,10,2026-03-12,-1,70,surplus
Los Angeles Regional Food Bank,Los Angeles,Bananas,produce,260,lbs,2026-03-04,7,2026-03-11,-2,90,balanced
San Francisco-Marin Food Bank,San Francisco,Macaroni,dry,30,boxes,2026-02-17,730,2028-02-17,706,67,shortage
Alameda County Community Food Bank,Oakland,Canned peas,canned,112,cans,2026-03-06,730,2028-03-05,723,25,surplus
Feeding San Diego,San Diego,Oranges,produce,331,lbs,2026-03-03,14,2026-03-17,4,109,surplus
Central California Food Bank,Fresno,Lentils,dry,288,bags,2026-02-28,730,2028-02-28,717,53,surplus
San Francisco-Marin Food Bank,San Francisco,Canned green beans,canned,204,cans,2026-03-06,730,2028-03-05,723,32,surplus
San Francisco-Marin Food Bank,San Francisco,Macaroni,dry,292,boxes,2026-02-26,730,2028-02-26,715,63,surplus
Los Angeles Regional Food Bank,Los Angeles,Spaghetti,dry,311,boxes,2026-02-25,730,2028-02-25,714,70,surplus
Yolo Food Bank,Woodland,Tomatoes,produce,332,lbs,2026-03-04,10,2026-03-14,1,78,surplus
Sacramento Food Bank & Family Services,Sacramento,Canned green beans,canned,164,cans,2026-02-22,730,2028-02-22,711,90,balanced
Los Angeles Regional Food Bank,Los Angeles,Tomatoes,produce,275,lbs,2026-03-10,10,2026-03-20,7,119,balanced
Los Angeles Regional Food Bank,Los Angeles,Sugar,dry,48,bags,2026-02-18,730,2028-02-18,707,105,shortage
Sacramento Food Bank & Family Services,Sacramento,Canned peas,canned,114,cans,2026-02-21,730,2028-02-21,710,73,balanced
Los Angeles Regional Food Bank,Los Angeles,Avocados,produce,63,units,2026-03-08,7,2026-03-15,2,60,balanced
San Francisco-Marin Food Bank,San Francisco,Oatmeal,dry,41,boxes,2026-02-23,365,2027-02-23,347,22,balanced
Second Harvest of Silicon Valley,San Jose,Broccoli,produce,206,lbs,2026-02-20,7,2026-02-27,-14,40,surplus
Feeding San Diego,San Diego,Canned corn,canned,193,cans,2026-03-08,730,2028-03-07,725,74,balanced
Second Harvest Food Bank of Orange County,Irvine,Canned tomatoes,canned,16,cans,2026-02-16,730,2028-02-16,705,38,shortage
Food Bank of Contra Costa and Solano,Concord,Yogurt cups,dairy,269,cups,2026-03-12,21,2026-04-02,20,93,balanced
Central California Food Bank,Fresno,Apples,produce,154,lbs,2026-03-05,21,2026-03-26,13,63,balanced
Feeding San Diego,San Diego,Lettuce,produce,369,heads,2026-02-25,10,2026-03-07,-6,20,surplus
Second Harvest of Silicon Valley,San Jose,Pasta,dry,273,boxes,2026-02-28,730,2028-02-28,717,58,surplus
Feeding San Diego,San Diego,Canned tuna,canned,74,cans,2026-03-01,730,2028-02-29,718,111,shortage
Feeding San Diego,San Diego,Chicken breast frozen,protein,284,packs,2026-02-16,180,2026-08-15,155,53,surplus
Second Harvest of Silicon Valley,San Jose,Flour,dry,30,bags,2026-03-06,365,2027-03-06,358,59,shortage
Food Bank of Contra Costa and Solano,Concord,Peanut butter,dry,255,jars,2026-03-13,365,2027-03-13,365,29,surplus
San Francisco-Marin Food Bank,San Francisco,Canned chickpeas,canned,224,cans,2026-02-28,730,2028-02-28,717,35,surplus
Second Harvest of Silicon Valley,San Jose,Canned carrots,canned,157,cans,2026-03-12,730,2028-03-11,729,56,balanced
Second Harvest Food Bank of Orange County,Irvine,Tomatoes,produce,388,lbs,2026-03-12,10,2026-03-22,9,32,surplus
Central California Food Bank,Fresno,Yogurt cups,dairy,352,cups,2026-03-03,21,2026-03-24,11,32,surplus
Alameda County Community Food Bank,Oakland,Canned peas,canned,230,cans,2026-02-25,730,2028-02-25,714,37,surplus
Second Harvest Food Bank of Orange County,Irvine,Pasta,dry,343,boxes,2026-03-13,730,2028-03-12,730,98,surplus
Sacramento Food Bank & Family Services,Sacramento,Chicken breast frozen,protein,324,packs,2026-03-03,180,2026-08-30,170,32,surplus
Central California Food Bank,Fresno,Rice 5lb bag,dry,28,bags,2026-02-18,730,2028-02-18,707,63,shortage
Second Harvest of Silicon Valley,San Jose,Flour,dry,139,bags,2026-03-11,365,2027-03-11,363,36,surplus
Sacramento Food Bank & Family Services,Sacramento,Canned beans,canned,146,cans,2026-03-02,730,2028-03-01,719,98,balanced
Alameda County Community Food Bank,Oakland,Broccoli,produce,312,lbs,2026-03-02,7,2026-03-09,-4,116,balanced
Sacramento Food Bank & Family Services,Sacramento,Avocados,produce,303,units,2026-02-16,7,2026-02-23,-18,95,surplus
Second Harvest of Silicon Valley,San Jose,Canned salmon,canned,261,cans,2026-03-05,730,2028-03-04,722,84,surplus
Los Angeles Regional Food Bank,Los Angeles,Spaghetti,dry,44,boxes,2026-03-02,730,2028-03-01,719,72,shortage
Alameda County Community Food Bank,Oakland,Apples,produce,173,lbs,2026-03-13,21,2026-04-03,21,42,surplus
Second Harvest of Silicon Valley,San Jose,Sugar,dry,296,bags,2026-03-11,730,2028-03-10,728,101,balanced
Los Angeles Regional Food Bank,Los Angeles,Canned peas,canned,285,cans,2026-02-24,730,2028-02-24,713,118,balanced
Second Harvest Food Bank of Orange County,Irvine,Butter,dairy,131,packs,2026-02-16,60,2026-04-17,35,101,balanced
San Francisco-Marin Food Bank,San Francisco,Onions,produce,364,lbs,2026-03-10,30,2026-04-09,27,25,surplus
Second Harvest Food Bank of Orange County,Irvine,Brown rice,dry,166,bags,2026-02-18,365,2027-02-18,342,47,surplus
Feeding San Diego,San Diego,Oatmeal,dry,96,boxes,2026-03-04,365,2027-03-04,356,53,balanced
Sacramento Food Bank & Family Services,Sacramento,Egg cartons,dairy,392,cartons,2026-02-26,21,2026-03-19,6,97,surplus
Los Angeles Regional Food Bank,Los Angeles,Butter,dairy,205,packs,2026-02-17,60,2026-04-18,36,32,surplus
San Francisco-Marin Food Bank,San Francisco,Canned salmon,canned,283,cans,2026-03-09,730,2028-03-08,726,77,surplus
Sacramento Food Bank & Family Services,Sacramento,Almond butter,dry,36,jars,2026-02-27,365,2027-02-27,351,116,shortage
Los Angeles Regional Food Bank,Los Angeles,Bananas,produce,177,lbs,2026-02-22,7,2026-03-01,-12,59,balanced
Second Harvest of Silicon Valley,San Jose,Avocados,produce,93,units,2026-03-02,7,2026-03-09,-4,53,balanced
Food Bank of Contra Costa and Solano,Concord,Butter,dairy,300,packs,2026-02-26,60,2026-04-27,45,84,surplus
San Francisco-Marin Food Bank,San Francisco,Oatmeal,dry,393,boxes,2026-03-03,365,2027-03-03,355,112,surplus
Los Angeles Regional Food Bank,Los Angeles,Carrots fresh,produce,388,lbs,2026-03-11,21,2026-04-01,19,65,surplus
Los Angeles Regional Food Bank,Los Angeles,Canned black beans,canned,121,cans,2026-02-17,730,2028-02-17,706,78,balanced
Second Harvest Food Bank of Orange County,Irvine,Cereal,dry,246,boxes,2026-02-18,180,2026-08-17,157,103,balanced
Alameda County Community Food Bank,Oakland,Macaroni,dry,298,boxes,2026-02-21,730,2028-02-21,710,32,surplus
San Francisco-Marin Food Bank,San Francisco,Canned peas,canned,34,cans,2026-03-03,730,2028-03-02,720,77,shortage
Feeding San Diego,San Diego,Canned peas,canned,177,cans,2026-02-27,730,2028-02-27,716,118,balanced
Yolo Food Bank,Woodland,Canned beans,canned,140,cans,2026-02-19,730,2028-02-19,708,63,balanced
Feeding San Diego,San Diego,Canned beans,canned,188,cans,2026-03-05,730,2028-03-04,722,84,balanced
Sacramento Food Bank & Family Services,Sacramento,Brown rice,dry,258,bags,2026-03-06,365,2027-03-06,358,88,balanced
Central California Food Bank,Fresno,Almond butter,dry,144,jars,2026-03-09,365,2027-03-09,361,23,surplus
Los Angeles Regional Food Bank,Los Angeles,Cereal,dry,223,boxes,2026-03-01,180,2026-08-28,168,81,balanced
Second Harvest Food Bank of Orange County,Irvine,Potatoes,produce,223,lbs,2026-03-08,30,2026-04-07,25,108,balanced
Los Angeles Regional Food Bank,Los Angeles,Potatoes,produce,131,lbs,2026-03-01,30,2026-03-31,18,64,balanced
Feeding San Diego,San Diego,Broccoli,produce,266,lbs,2026-02-19,7,2026-02-26,-15,60,surplus
Second Harvest Food Bank of Orange County,Irvine,Cereal,dry,218,boxes,2026-03-03,180,2026-08-30,170,61,surplus
Second Harvest Food Bank of Orange County,Irvine,Peanut butter,dry,189,jars,2026-02-26,365,2027-02-26,350,36,surplus
Second Harvest Food Bank of Orange County,Irvine,Tomatoes,produce,110,lbs,2026-02-25,10,2026-03-07,-6,68,balanced
San Francisco-Marin Food Bank,San Francisco,Canned peas,canned,184,cans,2026-03-04,730,2028-03-03,721,40,surplus
Second Harvest of Silicon Valley,San Jose,Canned chickpeas,canned,399,cans,2026-02-23,730,2028-02-23,712,99,surplus
Los Angeles Regional Food Bank,Los Angeles,Spinach,produce,156,bags,2026-03-06,7,2026-03-13,0,88,balanced
San Francisco-Marin Food Bank,San Francisco,Avocados,produce,323,units,2026-03-06,7,2026-03-13,0,21,surplus
Central California Food Bank,Fresno,Carrots fresh,produce,151,lbs,2026-03-03,21,2026-03-24,11,88,balanced
Feeding San Diego,San Diego,Almond butter,dry,210,jars,2026-02-22,365,2027-02-22,346,24,surplus
Second Harvest Food Bank of Orange County,Irvine,Frozen berries,protein,362,bags,2026-02-16,365,2027-02-16,340,84,surplus
Food Bank of Contra Costa and Solano,Concord,Egg cartons,dairy,98,cartons,2026-03-09,21,2026-03-30,17,86,balanced
Second Harvest of Silicon Valley,San Jose,Frozen berries,protein,43,bags,2026-03-09,365,2027-03-09,361,72,shortage
Yolo Food Bank,Woodland,Lettuce,produce,125,heads,2026-03-11,10,2026-03-21,8,78,balanced
Sacramento Food Bank & Family Services,Sacramento,Ground turkey frozen,protein,35,packs,2026-03-13,180,2026-09-09,180,64,shortage
Central California Food Bank,Fresno,Avocados,produce,151,units,2026-03-09,7,2026-03-16,3,23,surplus
Yolo Food Bank,Woodland,Lentils,dry,220,bags,2026-03-04,730,2028-03-03,721,108,balanced
Second Harvest of Silicon Valley,San Jose,Potatoes,produce,141,lbs,2026-03-01,30,2026-03-31,18,73,balanced
Sacramento Food Bank & Family Services,Sacramento,Canned tuna,canned,199,cans,2026-02-20,730,2028-02-20,709,33,surplus
Sacramento Food Bank & Family Services,Sacramento,Almond butter,dry,321,jars,2026-02-21,365,2027-02-21,345,95,surplus
Second Harvest of Silicon Valley,San Jose,Frozen vegetables mix,protein,128,bags,2026-02-26,365,2027-02-26,350,115,balanced
Food Bank of Contra Costa and Solano,Concord,Sugar,dry,177,bags,2026-03-03,730,2028-03-02,720,115,balanced
Alameda County Community Food Bank,Oakland,Flour,dry,396,bags,2026-02-24,365,2027-02-24,348,42,surplus
Food Bank of Contra Costa and Solano,Concord,Lettuce,produce,205,heads,2026-02-24,10,2026-03-06,-7,59,surplus
San Francisco-Marin Food Bank,San Francisco,Cereal,dry,251,boxes,2026-02-24,180,2026-08-23,163,117,balanced
Los Angeles Regional Food Bank,Los Angeles,Chicken breast frozen,protein,295,packs,2026-02-28,180,2026-08-27,167,44,surplus
Food Bank of Contra Costa and Solano,Concord,Oranges,produce,381,lbs,2026-03-03,14,2026-03-17,4,107,surplus
San Francisco-Marin Food Bank,San Francisco,Broccoli,produce,82,lbs,2026-02-17,7,2026-02-24,-17,102,shortage
Sacramento Food Bank & Family Services,Sacramento,Potatoes,produce,90,lbs,2026-02-20,30,2026-03-22,9,79,balanced
Alameda County Community Food Bank,Oakland,Apples,produce,79,lbs,2026-03-13,21,2026-04-03,21,41,balanced
Central California Food Bank,Fresno,Cheese blocks,dairy,267,blocks,2026-03-06,30,2026-04-05,23,119,balanced
Yolo Food Bank,Woodland,Frozen vegetables mix,protein,129,bags,2026-03-09,365,2027-03-09,361,86,balanced
San Francisco-Marin Food Bank,San Francisco,Canned beans,canned,372,cans,2026-02-20,730,2028-02-20,709,22,surplus
San Francisco-Marin Food Bank,San Francisco,Canned salmon,canned,78,cans,2026-02-19,730,2028-02-19,708,97,shortage
Feeding San Diego,San Diego,Egg cartons,dairy,383,cartons,2026-02-19,21,2026-03-12,-1,75,surplus
Food Bank of Contra Costa and Solano,Concord,Canned peas,canned,375,cans,2026-02-19,730,2028-02-19,708,90,surplus
Yolo Food Bank,Woodland,Canned black beans,canned,165,cans,2026-02-26,730,2028-02-26,715,55,balanced
Sacramento Food Bank & Family Services,Sacramento,Canned carrots,canned,186,cans,2026-03-10,730,2028-03-09,727,54,surplus
Second Harvest of Silicon Valley,San Jose,Flour,dry,308,bags,2026-02-28,365,2027-02-28,352,52,surplus
Second Harvest of Silicon Valley,San Jose,Canned soup,canned,267,cans,2026-03-08,540,2027-08-30,535,39,surplus
Yolo Food Bank,Woodland,Milk gallons,dairy,98,gallons,2026-02-28,10,2026-03-10,-3,109,shortage
Central California Food Bank,Fresno,Broccoli,produce,374,lbs,2026-03-07,7,2026-03-14,1,24,surplus
Food Bank of Contra Costa and Solano,Concord,Butter,dairy,179,packs,2026-02-23,60,2026-04-24,42,76,balanced
Second Harvest of Silicon Valley,San Jose,Macaroni,dry,90,boxes,2026-03-02,730,2028-03-01,719,66,balanced
Feeding San Diego,San Diego,Chicken breast frozen,protein,118,packs,2026-03-13,180,2026-09-09,180,73,balanced
Food Bank of Contra Costa and Solano,Concord,Almond butter,dry,388,jars,2026-03-13,365,2027-03-13,365,63,surplus
Yolo Food Bank,Woodland,Tomatoes,produce,47,lbs,2026-02-20,10,2026-03-02,-11,92,shortage
Yolo Food Bank,Woodland,Canned tuna,canned,167,cans,2026-02-16,730,2028-02-16,705,120,balanced
Sacramento Food Bank & Family Services,Sacramento,Frozen berries,protein,107,bags,2026-03-09,365,2027-03-09,361,31,surplus
Food Bank of Contra Costa and Solano,Concord,Cheese blocks,dairy,61,blocks,2026-02-25,30,2026-03-27,14,52,balanced
Los Angeles Regional Food Bank,Los Angeles,Sugar,dry,79,bags,2026-03-07,730,2028-03-06,724,75,balanced
Food Bank of Contra Costa and Solano,Concord,Oatmeal,dry,293,boxes,2026-02-23,365,2027-02-23,347,86,surplus
Alameda County Community Food Bank,Oakland,Canned corn,canned,354,cans,2026-02-16,730,2028-02-16,705,35,surplus
Alameda County Community Food Bank,Oakland,Ground turkey frozen,protein,189,packs,2026-03-02,180,2026-08-29,169,68,balanced
Food Bank of Contra Costa and Solano,Concord,Pasta,dry,170,boxes,2026-02-28,730,2028-02-28,717,28,surplus
San Francisco-Marin Food Bank,San Francisco,Avocados,produce,155,units,2026-03-05,7,2026-03-12,-1,86,balanced
Second Harvest Food Bank of Orange County,Irvine,Apples,produce,106,lbs,2026-03-09,21,2026-03-30,17,104,balanced
San Francisco-Marin Food Bank,San Francisco,Canned carrots,canned,359,cans,2026-02-24,730,2028-02-24,713,72,surplus
Second Harvest of Silicon Valley,San Jose,Apples,produce,345,lbs,2026-02-19,21,2026-03-12,-1,112,surplus
Central California Food Bank,Fresno,Bell peppers,produce,354,lbs,2026-02-23,10,2026-03-05,-8,97,surplus
Los Angeles Regional Food Bank,Los Angeles,Butter,dairy,382,packs,2026-03-12,60,2026-05-11,59,23,surplus
Food Bank of Contra Costa and Solano,Concord,Chicken breast frozen,protein,17,packs,2026-03-04,180,2026-08-31,171,75,shortage
Feeding San Diego,San Diego,Canned soup,canned,210,cans,2026-03-08,540,2027-08-30,535,81,balanced
Alameda County Community Food Bank,Oakland,Canned beans,canned,114,cans,2026-03-03,730,2028-03-02,720,78,balanced
Sacramento Food Bank & Family Services,Sacramento,Almond butter,dry,294,jars,2026-03-12,365,2027-03-12,364,42,surplus
San Francisco-Marin Food Bank,San Francisco,Bananas,produce,131,lbs,2026-03-09,7,2026-03-16,3,120,balanced
Second Harvest Food Bank of Orange County,Irvine,Egg cartons,dairy,33,cartons,2026-03-07,21,2026-03-28,15,114,shortage
Los Angeles Regional Food Bank,Los Angeles,Yogurt cups,dairy,191,cups,2026-03-07,21,2026-03-28,15,75,balanced
Second Harvest Food Bank of Orange County,Irvine,Macaroni,dry,197,boxes,2026-02-21,730,2028-02-21,710,80,balanced
Feeding San Diego,San Diego,Canned green beans,canned,133,cans,2026-02-25,730,2028-02-25,714,84,balanced
Yolo Food Bank,Woodland,Milk gallons,dairy,229,gallons,2026-02-18,10,2026-02-28,-13,89,balanced
Second Harvest of Silicon Valley,San Jose,Canned green beans,canned,360,cans,2026-02-17,730,2028-02-17,706,83,surplus
San Francisco-Marin Food Bank,San Francisco,Avocados,produce,283,units,2026-02-23,7,2026-03-02,-11,114,balanced
Yolo Food Bank,Woodland,Canned tomatoes,canned,268,cans,2026-02-18,730,2028-02-18,707,107,balanced
Los Angeles Regional Food Bank,Los Angeles,Almond butter,dry,343,jars,2026-03-03,365,2027-03-03,355,97,surplus
Feeding San Diego,San Diego,Almond butter,dry,112,jars,2026-03-11,365,2027-03-11,363,90,balanced
Food Bank of Contra Costa and Solano,Concord,Canned green beans,canned,322,cans,2026-02-28,730,2028-02-28,717,103,surplus
Second Harvest of Silicon Valley,San Jose,Bananas,produce,369,lbs,2026-03-06,7,2026-03-13,0,109,surplus
Food Bank of Contra Costa and Solano,Concord,Spinach,produce,388,bags,2026-03-07,7,2026-03-14,1,68,surplus
Second Harvest of Silicon Valley,San Jose,Peanut butter,dry,231,jars,2026-02-21,365,2027-02-21,345,91,balanced
Alameda County Community Food Bank,Oakland,Apples,produce,375,lbs,2026-03-02,21,2026-03-23,10,47,surplus
Alameda County Community Food Bank,Oakland,Oatmeal,dry,285,boxes,2026-03-11,365,2027-03-11,363,100,balanced
Second Harvest of Silicon Valley,San Jose,Lentils,dry,314,bags,2026-02-27,730,2028-02-27,716,26,surplus
Yolo Food Bank,Woodland,Bell peppers,produce,27,lbs,2026-02-17,10,2026-02-27,-14,61,shortage
Yolo Food Bank,Woodland,Canned corn,canned,241,cans,2026-02-24,730,2028-02-24,713,72,surplus
Los Angeles Regional Food Bank,Los Angeles,Canned black beans,canned,20,cans,2026-02-23,730,2028-02-23,712,28,shortage
Central California Food Bank,Fresno,Sugar,dry,144,bags,2026-02-26,730,2028-02-26,715,57,balanced
San Francisco-Marin Food Bank,San Francisco,Canned chickpeas,canned,261,cans,2026-02-26,730,2028-02-26,715,32,surplus
Second Harvest of Silicon Valley,San Jose,Oranges,produce,383,lbs,2026-02-25,14,2026-03-11,-2,80,surplus
Second Harvest of Silicon Valley,San Jose,Ground turkey frozen,protein,151,packs,2026-02-25,180,2026-08-24,164,77,balanced
Central California Food Bank,Fresno,Bananas,produce,367,lbs,2026-03-01,7,2026-03-08,-5,42,surplus
Alameda County Community Food Bank,Oakland,Onions,produce,110,lbs,2026-03-12,30,2026-04-11,29,39,balanced
Alameda County Community Food Bank,Oakland,Brown rice,dry,215,bags,2026-03-12,365,2027-03-12,364,87,balanced
Yolo Food Bank,Woodland,Milk gallons,dairy,224,gallons,2026-03-05,10,2026-03-15,2,20,surplus
Food Bank of Contra Costa and Solano,Concord,Chicken breast frozen,protein,302,packs,2026-03-04,180,2026-08-31,171,63,surplus
Sacramento Food Bank & Family Services,Sacramento,Canned green beans,canned,23,cans,2026-02-18,730,2028-02-18,707,102,shortage
San Francisco-Marin Food Bank,San Francisco,Spinach,produce,243,bags,2026-03-13,7,2026-03-20,7,110,balanced
Food Bank of Contra Costa and Solano,Concord,Chicken breast frozen,protein,293,packs,2026-02-17,180,2026-08-16,156,82,surplus
Food Bank of Contra Costa and Solano,Concord,Canned soup,canned,230,cans,2026-02-18,540,2027-08-12,517,100,balanced
Los Angeles Regional Food Bank,Los Angeles,Lentils,dry,217,bags,2026-03-06,730,2028-03-05,723,73,balanced
Sacramento Food Bank & Family Services,Sacramento,Apples,produce,304,lbs,2026-03-07,21,2026-03-28,15,54,surplus
Food Bank of Contra Costa and Solano,Concord,Lentils,dry,165,bags,2026-03-03,730,2028-03-02,720,39,surplus
Feeding San Diego,San Diego,Canned tuna,canned,121,cans,2026-02-23,730,2028-02-23,712,51,balanced
Second Harvest of Silicon Valley,San Jose,Chicken breast frozen,protein,31,packs,2026-03-12,180,2026-09-08,179,51,shortage
Second Harvest of Silicon Valley,San Jose,Sugar,dry,120,bags,2026-02-22,730,2028-02-22,711,78,balanced
Central California Food Bank,Fresno,Macaroni,dry,46,boxes,2026-03-04,730,2028-03-03,721,65,shortage
Sacramento Food Bank & Family Services,Sacramento,Bananas,produce,320,lbs,2026-03-05,7,2026-03-12,-1,120,balanced
Second Harvest of Silicon Valley,San Jose,Canned carrots,canned,329,cans,2026-03-03,730,2028-03-02,720,108,surplus
Central California Food Bank,Fresno,Lentils,dry,221,bags,2026-02-28,730,2028-02-28,717,81,balanced
Alameda County Community Food Bank,Oakland,Canned green beans,canned,64,cans,2026-03-03,730,2028-03-02,720,57,balanced
Food Bank of Contra Costa and Solano,Concord,Lettuce,produce,357,heads,2026-03-03,10,2026-03-13,0,40,surplus
Food Bank of Contra Costa and Solano,Concord,Canned soup,canned,384,cans,2026-03-09,540,2027-08-31,536,102,surplus
Second Harvest of Silicon Valley,San Jose,Tomatoes,produce,390,lbs,2026-02-28,10,2026-03-10,-3,100,surplus
Yolo Food Bank,Woodland,Canned chickpeas,canned,372,cans,2026-03-10,730,2028-03-09,727,85,surplus
Second Harvest of Silicon Valley,San Jose,Avocados,produce,254,units,2026-03-06,7,2026-03-13,0,69,surplus
Feeding San Diego,San Diego,Canned tomatoes,canned,44,cans,2026-03-05,730,2028-03-04,722,68,shortage
San Francisco-Marin Food Bank,San Francisco,Onions,produce,301,lbs,2026-02-27,30,2026-03-29,16,93,surplus
San Francisco-Marin Food Bank,San Francisco,Milk gallons,dairy,106,gallons,2026-02-22,10,2026-03-04,-9,47,balanced
Second Harvest of Silicon Valley,San Jose,Oranges,produce,373,lbs,2026-02-23,14,2026-03-09,-4,84,surplus
Sacramento Food Bank & Family Services,Sacramento,Rice 5lb bag,dry,147,bags,2026-02-20,730,2028-02-20,709,59,balanced
Alameda County Community Food Bank,Oakland,Canned corn,canned,225,cans,2026-02-27,730,2028-02-27,716,106,balanced
Yolo Food Bank,Woodland,Broccoli,produce,336,lbs,2026-02-25,7,2026-03-04,-9,65,surplus
Second Harvest Food Bank of Orange County,Irvine,Flour,dry,320,bags,2026-03-01,365,2027-03-01,353,80,surplus
Los Angeles Regional Food Bank,Los Angeles,Canned black beans,canned,336,cans,2026-03-12,730,2028-03-11,729,67,surplus
Alameda County Community Food Bank,Oakland,Spaghetti,dry,216,boxes,2026-03-09,730,2028-03-08,726,111,balanced
Sacramento Food Bank & Family Services,Sacramento,Oranges,produce,377,lbs,2026-03-03,14,2026-03-17,4,104,surplus
Second Harvest Food Bank of Orange County,Irvine,Frozen berries,protein,265,bags,2026-03-04,365,2027-03-04,356,47,surplus
Second Harvest Food Bank of Orange County,Irvine,Peanut butter,dry,165,jars,2026-02-19,365,2027-02-19,343,86,balanced
Food Bank of Contra Costa and Solano,Concord,Spaghetti,dry,202,boxes,2026-02-23,730,2028-02-23,712,92,balanced
Alameda County Community Food Bank,Oakland,Cheese blocks,dairy,76,blocks,2026-03-08,30,2026-04-07,25,65,balanced
Feeding San Diego,San Diego,Canned beans,canned,45,cans,2026-02-18,730,2028-02-18,707,97,shortage
Sacramento Food Bank & Family Services,Sacramento,Canned tomatoes,canned,31,cans,2026-03-11,730,2028-03-10,728,44,shortage
San Francisco-Marin Food Bank,San Francisco,Avocados,produce,349,units,2026-02-24,7,2026-03-03,-10,106,surplus
Central California Food Bank,Fresno,Cheese blocks,dairy,142,blocks,2026-02-17,30,2026-03-19,6,108,balanced
Second Harvest of Silicon Valley,San Jose,Onions,produce,13,lbs,2026-02-16,30,2026-03-18,5,44,shortage
Feeding San Diego,San Diego,Canned tomatoes,canned,244,cans,2026-03-13,730,2028-03-12,730,35,surplus
San Francisco-Marin Food Bank,San Francisco,Cereal,dry,14,boxes,2026-03-12,180,2026-09-08,179,103,shortage
San Francisco-Marin Food Bank,San Francisco,Sugar,dry,383,bags,2026-02-19,730,2028-02-19,708,118,surplus
Feeding San Diego,San Diego,Canned carrots,canned,117,cans,2026-03-11,730,2028-03-10,728,86,balanced
Feeding San Diego,San Diego,Spaghetti,dry,277,boxes,2026-02-20,730,2028-02-20,709,28,surplus
Central California Food Bank,Fresno,Pasta,dry,278,boxes,2026-02-24,730,2028-02-24,713,24,surplus
Alameda County Community Food Bank,Oakland,Canned salmon,canned,110,cans,2026-02-16,730,2028-02-16,705,34,surplus
Second Harvest Food Bank of Orange County,Irvine,Canned chickpeas,canned,166,cans,2026-02-25,730,2028-02-25,714,58,balanced
Los Angeles Regional Food Bank,Los Angeles,Onions,produce,297,lbs,2026-03-07,30,2026-04-06,24,67,surplus
Sacramento Food Bank & Family Services,Sacramento,Canned black beans,canned,112,cans,2026-02-20,730,2028-02-20,709,89,balanced
Central California Food Bank,Fresno,Chicken breast frozen,protein,84,packs,2026-02-18,180,2026-08-17,157,42,balanced
Alameda County Community Food Bank,Oakland,Cheese blocks,dairy,74,blocks,2026-02-19,30,2026-03-21,8,41,balanced
Second Harvest of Silicon Valley,San Jose,Canned beans,canned,383,cans,2026-03-03,730,2028-03-02,720,73,surplus
Sacramento Food Bank & Family Services,Sacramento,Broccoli,produce,231,lbs,2026-03-07,7,2026-03-14,1,103,balanced
Central California Food Bank,Fresno,Sugar,dry,117,bags,2026-02-22,730,2028-02-22,711,73,balanced
San Francisco-Marin Food Bank,San Francisco,Flour,dry,141,bags,2026-02-23,365,2027-02-23,347,48,balanced
Los Angeles Regional Food Bank,Los Angeles,Chicken breast frozen,protein,384,packs,2026-02-25,180,2026-08-24,164,80,surplus
San Francisco-Marin Food Bank,San Francisco,Milk gallons,dairy,321,gallons,2026-02-19,10,2026-03-01,-12,59,surplus
Yolo Food Bank,Woodland,Sugar,dry,267,bags,2026-03-06,730,2028-03-05,723,60,surplus
Sacramento Food Bank & Family Services,Sacramento,Canned corn,canned,111,cans,2026-03-03,730,2028-03-02,720,115,shortage
Second Harvest of Silicon Valley,San Jose,Rice 5lb bag,dry,146,bags,2026-02-17,730,2028-02-17,706,106,balanced
Los Angeles Regional Food Bank,Los Angeles,Canned chickpeas,canned,301,cans,2026-02-26,730,2028-02-26,715,97,surplus
Second Harvest Food Bank of Orange County,Irvine,Cheese blocks,dairy,122,blocks,2026-02-19,30,2026-03-21,8,101,balanced
Sacramento Food Bank & Family Services,Sacramento,Canned carrots,canned,240,cans,2026-02-18,730,2028-02-18,707,53,surplus
San Francisco-Marin Food Bank,San Francisco,Canned soup,canned,374,cans,2026-02-25,540,2027-08-19,524,102,surplus
Second Harvest of Silicon Valley,San Jose,Sugar,dry,114,bags,2026-03-11,730,2028-03-10,728,21,surplus
San Francisco-Marin Food Bank,San Francisco,Canned chickpeas,canned,288,cans,2026-02-26,730,2028-02-26,715,28,surplus
Central California Food Bank,Fresno,Broccoli,produce,232,lbs,2026-03-09,7,2026-03-16,3,23,surplus
Feeding San Diego,San Diego,Avocados,produce,69,units,2026-02-25,7,2026-03-04,-9,42,balanced
Central California Food Bank,Fresno,Almond butter,dry,124,jars,2026-02-26,365,2027-02-26,350,103,balanced
San Francisco-Marin Food Bank,San Francisco,Bell peppers,produce,306,lbs,2026-02-28,10,2026-03-10,-3,62,surplus
Second Harvest of Silicon Valley,San Jose,Oranges,produce,303,lbs,2026-03-12,14,2026-03-26,13,49,surplus
Sacramento Food Bank & Family Services,Sacramento,Sugar,dry,259,bags,2026-02-24,730,2028-02-24,713,116,balanced
Food Bank of Contra Costa and Solano,Concord,Pasta,dry,75,boxes,2026-02-23,730,2028-02-23,712,36,balanced
Central California Food Bank,Fresno,Macaroni,dry,90,boxes,2026-02-26,730,2028-02-26,715,43,balanced
Los Angeles Regional Food Bank,Los Angeles,Macaroni,dry,385,boxes,2026-02-20,730,2028-02-20,709,44,surplus
Food Bank of Contra Costa and Solano,Concord,Flour,dry,353,bags,2026-02-27,365,2027-02-27,351,63,surplus
Food Bank of Contra Costa and Solano,Concord,Peanut butter,dry,159,jars,2026-03-08,365,2027-03-08,360,99,balanced
Yolo Food Bank,Woodland,Butter,dairy,319,packs,2026-02-18,60,2026-04-19,37,70,surplus
San Francisco-Marin Food Bank,San Francisco,Oatmeal,dry,19,boxes,2026-02-18,365,2027-02-18,342,57,shortage
San Francisco-Marin Food Bank,San Francisco,Oatmeal,dry,292,boxes,2026-03-05,365,2027-03-05,357,46,surplus
Central California Food Bank,Fresno,Oatmeal,dry,386,boxes,2026-02-26,365,2027-02-26,350,106,surplus
Yolo Food Bank,Woodland,Frozen berries,protein,158,bags,2026-02-18,365,2027-02-18,342,30,surplus
Second Harvest Food Bank of Orange County,Irvine,Canned beans,canned,188,cans,2026-03-11,730,2028-03-10,728,27,surplus
Yolo Food Bank,Woodland,Spaghetti,dry,277,boxes,2026-03-04,730,2028-03-03,721,86,surplus
Feeding San Diego,San Diego,Canned corn,canned,189,cans,2026-02-28,730,2028-02-28,717,44,surplus
Alameda County Community Food Bank,Oakland,Frozen berries,protein,93,bags,2026-03-12,365,2027-03-12,364,34,balanced
Feeding San Diego,San Diego,Canned chickpeas,canned,60,cans,2026-02-18,730,2028-02-18,707,52,balanced
Food Bank of Contra Costa and Solano,Concord,Ground turkey frozen,protein,213,packs,2026-03-13,180,2026-09-09,180,96,balanced
Second Harvest Food Bank of Orange County,Irvine,Canned chickpeas,canned,107,cans,2026-03-06,730,2028-03-05,723,92,balanced
Second Harvest Food Bank of Orange County,Irvine,Macaroni,dry,110,boxes,2026-02-19,730,2028-02-19,708,32,surplus
Second Harvest Food Bank of Orange County,Irvine,Cheese blocks,dairy,287,blocks,2026-03-06,30,2026-04-05,23,26,surplus
Second Harvest of Silicon Valley,San Jose,Macaroni,dry,177,boxes,2026-02-16,730,2028-02-16,705,59,balanced
Feeding San Diego,San Diego,Avocados,produce,161,units,2026-02-16,7,2026-02-23,-18,61,balanced
Central California Food Bank,Fresno,Frozen vegetables mix,protein,74,bags,2026-02-17,365,2027-02-17,341,94,shortage
Sacramento Food Bank & Family Services,Sacramento,Canned tuna,canned,79,cans,2026-03-06,730,2028-03-05,723,119,shortage
Second Harvest of Silicon Valley,San Jose,Egg cartons,dairy,34,cartons,2026-03-07,21,2026-03-28,15,119,shortage
Alameda County Community Food Bank,Oakland,Bananas,produce,205,lbs,2026-02-21,7,2026-02-28,-13,23,surplus
Alameda County Community Food Bank,Oakland,Canned green beans,canned,20,cans,2026-02-19,730,2028-02-19,708,76,shortage
Los Angeles Regional Food Bank,Los Angeles,Macaroni,dry,180,boxes,2026-02-23,730,2028-02-23,712,33,surplus
Yolo Food Bank,Woodland,Butter,dairy,304,packs,2026-02-19,60,2026-04-20,38,36,surplus
Food Bank of Contra Costa and Solano,Concord,Onions,produce,37,lbs,2026-02-24,30,2026-03-26,13,45,shortage
Second Harvest Food Bank of Orange County,Irvine,Pasta,dry,155,boxes,2026-03-06,730,2028-03-05,723,36,surplus
Los Angeles Regional Food Bank,Los Angeles,Ground turkey frozen,protein,211,packs,2026-02-27,180,2026-08-26,166,38,surplus
Second Harvest Food Bank of Orange County,Irvine,Brown rice,dry,309,bags,2026-02-27,365,2027-02-27,351,93,surplus
Second Harvest of Silicon Valley,San Jose,Onions,produce,393,lbs,2026-02-28,30,2026-03-30,17,88,surplus
Second Harvest Food Bank of Orange County,Irvine,Peanut butter,dry,306,jars,2026-02-23,365,2027-02-23,347,58,surplus
Food Bank of Contra Costa and Solano,Concord,Canned green beans,canned,155,cans,2026-02-25,730,2028-02-25,714,51,surplus
Sacramento Food Bank & Family Services,Sacramento,Lentils,dry,329,bags,2026-02-23,730,2028-02-23,712,71,surplus
San Francisco-Marin Food Bank,San Francisco,Sugar,dry,48,bags,2026-03-10,730,2028-03-09,727,98,shortage
Central California Food Bank,Fresno,Bell peppers,produce,241,lbs,2026-02-22,10,2026-03-04,-9,106,balanced
Feeding San Diego,San Diego,Peanut butter,dry,253,jars,2026-03-12,365,2027-03-12,364,51,surplus
Sacramento Food Bank & Family Services,Sacramento,Tomatoes,produce,218,lbs,2026-02-16,10,2026-02-26,-15,40,surplus
Los Angeles Regional Food Bank,Los Angeles,Frozen berries,protein,142,bags,2026-02-22,365,2027-02-22,346,44,surplus
San Francisco-Marin Food Bank,San Francisco,Canned corn,canned,60,cans,2026-02-21,730,2028-02-21,710,71,shortage
Second Harvest of Silicon Valley,San Jose,Egg cartons,dairy,98,cartons,2026-02-25,21,2026-03-18,5,49,balanced
San Francisco-Marin Food Bank,San Francisco,Canned carrots,canned,337,cans,2026-02-25,730,2028-02-25,714,61,surplus
Food Bank of Contra Costa and Solano,Concord,Spaghetti,dry,87,boxes,2026-03-08,730,2028-03-07,725,48,balanced
San Francisco-Marin Food Bank,San Francisco,Carrots fresh,produce,81,lbs,2026-03-02,21,2026-03-23,10,120,shortage
Second Harvest Food Bank of Orange County,Irvine,Canned carrots,canned,73,cans,2026-03-02,730,2028-03-01,719,25,balanced
San Francisco-Marin Food Bank,San Francisco,Canned salmon,canned,41,cans,2026-02-22,730,2028-02-22,711,86,shortage
Yolo Food Bank,Woodland,Oatmeal,dry,62,boxes,2026-02-26,365,2027-02-26,350,88,shortage
Yolo Food Bank,Woodland,Potatoes,produce,117,lbs,2026-02-27,30,2026-03-29,16,91,balanced
San Francisco-Marin Food Bank,San Francisco,Butter,dairy,234,packs,2026-03-03,60,2026-05-02,50,120,balanced
Yolo Food Bank,Woodland,Cereal,dry,22,boxes,2026-02-17,180,2026-08-16,156,95,shortage
Second Harvest Food Bank of Orange County,Irvine,Carrots fresh,produce,211,lbs,2026-02-22,21,2026-03-15,2,22,surplus
Los Angeles Regional Food Bank,Los Angeles,Cereal,dry,352,boxes,2026-03-01,180,2026-08-28,168,73,surplus
Alameda County Community Food Bank,Oakland,Avocados,produce,249,units,2026-02-18,7,2026-02-25,-16,113,balanced
Second Harvest Food Bank of Orange County,Irvine,Canned green beans,canned,287,cans,2026-02-20,730,2028-02-20,709,115,balanced
Central California Food Bank,Fresno,Canned soup,canned,285,cans,2026-03-01,540,2027-08-23,528,102,balanced
Second Harvest Food Bank of Orange County,Irvine,Canned black beans,canned,377,cans,2026-03-03,730,2028-03-02,720,54,surplus
Second Harvest Food Bank of Orange County,Irvine,Tomatoes,produce,48,lbs,2026-03-12,10,2026-03-22,9,78,shortage
Los Angeles Regional Food Bank,Los Angeles,Sugar,dry,234,bags,2026-02-18,730,2028-02-18,707,42,surplus
Second Harvest Food Bank of Orange County,Irvine,Canned beans,canned,226,cans,2026-02-27,730,2028-02-27,716,111,balanced
Feeding San Diego,San Diego,Brown rice,dry,384,bags,2026-02-18,365,2027-02-18,342,84,surplus
Yolo Food Bank,Woodland,Broccoli,produce,304,lbs,2026-03-02,7,2026-03-09,-4,99,surplus
Second Harvest of Silicon Valley,San Jose,Broccoli,produce,248,lbs,2026-02-16,7,2026-02-23,-18,108,balanced
Alameda County Community Food Bank,Oakland,Chicken breast frozen,protein,195,packs,2026-03-02,180,2026-08-29,169,26,surplus
Second Harvest Food Bank of Orange County,Irvine,Chicken breast frozen,protein,343,packs,2026-02-18,180,2026-08-17,157,49,surplus
Los Angeles Regional Food Bank,Los Angeles,Chicken breast frozen,protein,376,packs,2026-02-28,180,2026-08-27,167,99,surplus
Food Bank of Contra Costa and Solano,Concord,Lentils,dry,111,bags,2026-02-22,730,2028-02-22,711,67,balanced
Los Angeles Regional Food Bank,Los Angeles,Canned green beans,canned,38,cans,2026-03-07,730,2028-03-06,724,25,balanced
Food Bank of Contra Costa and Solano,Concord,Flour,dry,102,bags,2026-03-06,365,2027-03-06,358,63,balanced
Second Harvest Food Bank of Orange County,Irvine,Frozen berries,protein,277,bags,2026-03-10,365,2027-03-10,362,36,surplus
Second Harvest Food Bank of Orange County,Irvine,Canned black beans,canned,177,cans,2026-02-23,730,2028-02-23,712,86,balanced
Second Harvest of Silicon Valley,San Jose,Almond butter,dry,112,jars,2026-03-13,365,2027-03-13,365,119,shortage
Sacramento Food Bank & Family Services,Sacramento,Cheese blocks,dairy,192,blocks,2026-02-22,30,2026-03-24,11,62,surplus
Feeding San Diego,San Diego,Canned tuna,canned,53,cans,2026-02-22,730,2028-02-22,711,70,shortage
Yolo Food Bank,Woodland,Bananas,produce,182,lbs,2026-03-13,7,2026-03-20,7,49,surplus
Alameda County Community Food Bank,Oakland,Tomatoes,produce,70,lbs,2026-03-09,10,2026-03-19,6,66,balanced
Los Angeles Regional Food Bank,Los Angeles,Tomatoes,produce,98,lbs,2026-02-25,10,2026-03-07,-6,24,surplus
Los Angeles Regional Food Bank,Los Angeles,Canned salmon,canned,199,cans,2026-03-01,730,2028-02-29,718,37,surplus
San Francisco-Marin Food Bank,San Francisco,Canned tomatoes,canned,243,cans,2026-02-18,730,2028-02-18,707,108,balanced
Feeding San Diego,San Diego,Carrots fresh,produce,354,lbs,2026-02-16,21,2026-03-09,-4,108,surplus
Second Harvest Food Bank of Orange County,Irvine,Peanut butter,dry,139,jars,2026-03-08,365,2027-03-08,360,108,balanced
Sacramento Food Bank & Family Services,Sacramento,Milk gallons,dairy,177,gallons,2026-03-01,10,2026-03-11,-2,65,balanced
Los Angeles Regional Food Bank,Los Angeles,Rice 5lb bag,dry,27,bags,2026-02-27,730,2028-02-27,716,115,shortage
Yolo Food Bank,Woodland,Bananas,produce,353,lbs,2026-02-18,7,2026-02-25,-16,24,surplus
Sacramento Food Bank & Family Services,Sacramento,Sugar,dry,399,bags,2026-02-21,730,2028-02-21,710,27,surplus
Sacramento Food Bank & Family Services,Sacramento,Oatmeal,dry,169,boxes,2026-03-07,365,2027-03-07,359,50,surplus
Los Angeles Regional Food Bank,Los Angeles,Butter,dairy,54,packs,2026-03-09,60,2026-05-08,56,73,shortage
Sacramento Food Bank & Family Services,Sacramento,Carrots fresh,produce,158,lbs,2026-02-18,21,2026-03-11,-2,53,balanced
Los Angeles Regional Food Bank,Los Angeles,Oranges,produce,157,lbs,2026-02-27,14,2026-03-13,0,94,balanced
Second Harvest of Silicon Valley,San Jose,Apples,produce,396,lbs,2026-02-27,21,2026-03-20,7,95,surplus
Sacramento Food Bank & Family Services,Sacramento,Tomatoes,produce,71,lbs,2026-03-03,10,2026-03-13,0,117,shortage
Los Angeles Regional Food Bank,Los Angeles,Potatoes,produce,98,lbs,2026-02-17,30,2026-03-19,6,64,balanced
Alameda County Community Food Bank,Oakland,Carrots fresh,produce,151,lbs,2026-03-03,21,2026-03-24,11,67,balanced
Yolo Food Bank,Woodland,Ground turkey frozen,protein,71,packs,2026-02-22,180,2026-08-21,161,27,balanced
San Francisco-Marin Food Bank,San Francisco,Peanut butter,dry,270,jars,2026-02-24,365,2027-02-24,348,60,surplus
San Francisco-Marin Food Bank,San Francisco,Canned tomatoes,canned,372,cans,2026-03-05,730,2028-03-04,722,38,surplus
Alameda County Community Food Bank,Oakland,Canned corn,canned,45,cans,2026-03-08,730,2028-03-07,725,96,shortage
San Francisco-Marin Food Bank,San Francisco,Avocados,produce,244,units,2026-02-21,7,2026-02-28,-13,44,surplus
Los Angeles Regional Food Bank,Los Angeles,Milk gallons,dairy,156,gallons,2026-03-01,10,2026-03-11,-2,49,surplus
Food Bank of Contra Costa and Solano,Concord,Canned tomatoes,canned,160,cans,2026-03-09,730,2028-03-08,726,116,balanced
Second Harvest Food Bank of Orange County,Irvine,Rice 5lb bag,dry,41,bags,2026-02-25,730,2028-02-25,714,73,shortage
Second Harvest Food Bank of Orange County,Irvine,Lentils,dry,292,bags,2026-03-11,730,2028-03-10,728,90,surplus
Central California Food Bank,Fresno,Cheese blocks,dairy,318,blocks,2026-02-20,30,2026-03-22,9,50,surplus
Yolo Food Bank,Woodland,Lettuce,produce,194,heads,2026-02-25,10,2026-03-07,-6,46,surplus
Second Harvest Food Bank of Orange County,Irvine,Apples,produce,213,lbs,2026-03-11,21,2026-04-01,19,55,surplus
Sacramento Food Bank & Family Services,Sacramento,Cereal,dry,279,boxes,2026-03-02,180,2026-08-29,169,75,surplus
Food Bank of Contra Costa and Solano,Concord,Almond butter,dry,287,jars,2026-02-18,365,2027-02-18,342,117,balanced
Second Harvest of Silicon Valley,San Jose,Milk gallons,dairy,365,gallons,2026-02-26,10,2026-03-08,-5,23,surplus
Food Bank of Contra Costa and Solano,Concord,Spinach,produce,97,bags,2026-02-28,7,2026-03-07,-6,88,balanced
Central California Food Bank,Fresno,Canned beans,canned,268,cans,2026-02-21,730,2028-02-21,710,95,balanced
Alameda County Community Food Bank,Oakland,Potatoes,produce,76,lbs,2026-03-13,30,2026-04-12,30,20,surplus
Yolo Food Bank,Woodland,Sugar,dry,208,bags,2026-02-21,730,2028-02-21,710,100,balanced
Feeding San Diego,San Diego,Cheese blocks,dairy,32,blocks,2026-03-12,30,2026-04-11,29,118,shortage
San Francisco-Marin Food Bank,San Francisco,Canned tuna,canned,128,cans,2026-02-20,730,2028-02-20,709,91,balanced
Sacramento Food Bank & Family Services,Sacramento,Bananas,produce,373,lbs,2026-02-20,7,2026-02-27,-14,84,surplus
Los Angeles Regional Food Bank,Los Angeles,Canned beans,canned,254,cans,2026-03-06,730,2028-03-05,723,79,surplus
Food Bank of Contra Costa and Solano,Concord,Bananas,produce,101,lbs,2026-03-10,7,2026-03-17,4,102,shortage
Central California Food Bank,Fresno,Egg cartons,dairy,134,cartons,2026-03-08,21,2026-03-29,16,70,balanced
San Francisco-Marin Food Bank,San Francisco,Bananas,produce,209,lbs,2026-02-27,7,2026-03-06,-7,20,surplus
Sacramento Food Bank & Family Services,Sacramento,Tomatoes,produce,107,lbs,2026-03-11,10,2026-03-21,8,103,balanced
Second Harvest of Silicon Valley,San Jose,Cheese blocks,dairy,206,blocks,2026-03-06,30,2026-04-05,23,43,surplus
Second Harvest Food Bank of Orange County,Irvine,Frozen berries,protein,114,bags,2026-03-04,365,2027-03-04,356,97,balanced
Yolo Food Bank,Woodland,Apples,produce,263,lbs,2026-03-07,21,2026-03-28,15,68,surplus
Second Harvest Food Bank of Orange County,Irvine,Yogurt cups,dairy,316,cups,2026-03-13,21,2026-04-03,21,83,surplus
Second Harvest Food Bank of Orange County,Irvine,Spinach,produce,187,bags,2026-02-20,7,2026-02-27,-14,98,balanced
Yolo Food Bank,Woodland,Frozen berries,protein,62,bags,2026-02-16,365,2027-02-16,340,109,shortage
Sacramento Food Bank & Family Services,Sacramento,Canned chickpeas,canned,297,cans,2026-03-11,730,2028-03-10,728,65,surplus
Second Harvest of Silicon Valley,San Jose,Canned tuna,canned,89,cans,2026-02-26,730,2028-02-26,715,74,balanced
Food Bank of Contra Costa and Solano,Concord,Ground turkey frozen,protein,181,packs,2026-02-21,180,2026-08-20,160,89,balanced
Feeding San Diego,San Diego,Carrots fresh,produce,398,lbs,2026-03-11,21,2026-04-01,19,35,surplus
Feeding San Diego,San Diego,Canned green beans,canned,67,cans,2026-03-09,730,2028-03-08,726,66,balanced
Second Harvest Food Bank of Orange County,Irvine,Oranges,produce,299,lbs,2026-03-07,14,2026-03-21,8,99,surplus
Second Harvest Food Bank of Orange County,Irvine,Brown rice,dry,350,bags,2026-02-28,365,2027-02-28,352,60,surplus
Food Bank of Contra Costa and Solano,Concord,Chicken breast frozen,protein,371,packs,2026-02-28,180,2026-08-27,167,40,surplus
San Francisco-Marin Food Bank,San Francisco,Chicken breast frozen,protein,85,packs,2026-03-13,180,2026-09-09,180,42,balanced
Los Angeles Regional Food Bank,Los Angeles,Onions,produce,253,lbs,2026-03-12,30,2026-04-11,29,65,surplus
Central California Food Bank,Fresno,Canned salmon,canned,100,cans,2026-02-23,730,2028-02-23,712,100,balanced
Alameda County Community Food Bank,Oakland,Lettuce,produce,173,heads,2026-02-17,10,2026-02-27,-14,71,balanced
Second Harvest of Silicon Valley,San Jose,Almond butter,dry,80,jars,2026-02-16,365,2027-02-16,340,35,balanced
Feeding San Diego,San Diego,Butter,dairy,399,packs,2026-02-17,60,2026-04-18,36,82,surplus
Los Angeles Regional Food Bank,Los Angeles,Milk gallons,dairy,204,gallons,2026-03-03,10,2026-03-13,0,68,balanced
Los Angeles Regional Food Bank,Los Angeles,Canned green beans,canned,151,cans,2026-03-08,730,2028-03-07,725,119,balanced
Yolo Food Bank,Woodland,Avocados,produce,276,units,2026-02-18,7,2026-02-25,-16,87,surplus
Yolo Food Bank,Woodland,Spaghetti,dry,216,boxes,2026-02-27,730,2028-02-27,716,36,surplus
Los Angeles Regional Food Bank,Los Angeles,Yogurt cups,dairy,256,cups,2026-03-05,21,2026-03-26,13,120,balanced
Sacramento Food Bank & Family Services,Sacramento,Cereal,dry,354,boxes,2026-02-25,180,2026-08-24,164,39,surplus
Los Angeles Regional Food Bank,Los Angeles,Flour,dry,348,bags,2026-02-24,365,2027-02-24,348,90,surplus
Second Harvest of Silicon Valley,San Jose,Frozen vegetables mix,protein,39,bags,2026-03-09,365,2027-03-09,361,92,shortage
Central California Food Bank,Fresno,Canned salmon,canned,254,cans,2026-03-07,730,2028-03-06,724,97,balanced
San Francisco-Marin Food Bank,San Francisco,Sugar,dry,252,bags,2026-03-09,730,2028-03-08,726,47,surplus
Feeding San Diego,San Diego,Butter,dairy,66,packs,2026-02-22,60,2026-04-23,41,45,balanced
Central California Food Bank,Fresno,Canned beans,canned,235,cans,2026-03-08,730,2028-03-07,725,52,surplus
Alameda County Community Food Bank,Oakland,Lettuce,produce,244,heads,2026-02-20,10,2026-03-02,-11,52,surplus
Sacramento Food Bank & Family Services,Sacramento,Canned tuna,canned,354,cans,2026-03-06,730,2028-03-05,723,116,surplus
Second Harvest of Silicon Valley,San Jose,Canned peas,canned,302,cans,2026-03-12,730,2028-03-11,729,24,surplus
Los Angeles Regional Food Bank,Los Angeles,Onions,produce,177,lbs,2026-03-07,30,2026-04-06,24,58,surplus
Feeding San Diego,San Diego,Avocados,produce,397,units,2026-03-09,7,2026-03-16,3,55,surplus
Alameda County Community Food Bank,Oakland,Oatmeal,dry,289,boxes,2026-03-13,365,2027-03-13,365,49,surplus
Alameda County Community Food Bank,Oakland,Rice 5lb bag,dry,105,bags,2026-03-03,730,2028-03-02,720,40,balanced
Los Angeles Regional Food Bank,Los Angeles,Spaghetti,dry,249,boxes,2026-03-08,730,2028-03-07,725,22,surplus
Food Bank of Contra Costa and Solano,Concord,Chicken breast frozen,protein,381,packs,2026-02-20,180,2026-08-19,159,108,surplus
Central California Food Bank,Fresno,Almond butter,dry,352,jars,2026-02-19,365,2027-02-19,343,48,surplus
Food Bank of Contra Costa and Solano,Concord,Canned tuna,canned,230,cans,2026-03-03,730,2028-03-02,720,119,balanced
Yolo Food Bank,Woodland,Canned beans,canned,239,cans,2026-02-21,730,2028-02-21,710,68,surplus
Alameda County Community Food Bank,Oakland,Canned carrots,canned,200,cans,2026-03-09,730,2028-03-08,726,39,surplus
Food Bank of Contra Costa and Solano,Concord,Frozen vegetables mix,protein,265,bags,2026-02-25,365,2027-02-25,349,57,surplus
Yolo Food Bank,Woodland,Spaghetti,dry,28,boxes,2026-02-20,730,2028-02-20,709,95,shortage
Central California Food Bank,Fresno,Ground turkey frozen,protein,127,packs,2026-03-04,180,2026-08-31,171,108,balanced
Second Harvest of Silicon Valley,San Jose,Frozen berries,protein,84,bags,2026-03-12,365,2027-03-12,364,75,balanced
Food Bank of Contra Costa and Solano,Concord,Canned corn,canned,133,cans,2026-03-09,730,2028-03-08,726,44,surplus
Yolo Food Bank,Woodland,Bananas,produce,85,lbs,2026-03-08,7,2026-03-15,2,93,shortage
Central California Food Bank,Fresno,Canned black beans,canned,128,cans,2026-02-18,730,2028-02-18,707,55,balanced
Second Harvest of Silicon Valley,San Jose,Oatmeal,dry,48,boxes,2026-02-21,365,2027-02-21,345,108,shortage
Central California Food Bank,Fresno,Sugar,dry,313,bags,2026-03-02,730,2028-03-01,719,101,surplus
Los Angeles Regional Food Bank,Los Angeles,Flour,dry,98,bags,2026-03-04,365,2027-03-04,356,24,surplus
Yolo Food Bank,Woodland,Flour,dry,80,bags,2026-02-28,365,2027-02-28,352,99,shortage
Food Bank of Contra Costa and Solano,Concord,Pasta,dry,146,boxes,2026-03-11,730,2028-03-10,728,41,surplus
Alameda County Community Food Bank,Oakland,Brown rice,dry,291,bags,2026-02-18,365,2027-02-18,342,95,surplus
Los Angeles Regional Food Bank,Los Angeles,Canned chickpeas,canned,152,cans,2026-03-05,730,2028-03-04,722,82,balanced
Alameda County Community Food Bank,Oakland,Flour,dry,168,bags,2026-02-27,365,2027-02-27,351,83,balanced
Second Harvest Food Bank of Orange County,Irvine,Bell peppers,produce,81,lbs,2026-02-23,10,2026-03-05,-8,114,shortage
Second Harvest Food Bank of Orange County,Irvine,Bell peppers,produce,398,lbs,2026-02-16,10,2026-02-26,-15,94,surplus
Central California Food Bank,Fresno,Canned soup,canned,277,cans,2026-02-19,540,2027-08-13,518,100,balanced
Food Bank of Contra Costa and Solano,Concord,Canned salmon,canned,92,cans,2026-02-23,730,2028-02-23,712,59,balanced
Second Harvest of Silicon Valley,San Jose,Canned green beans,canned,223,cans,2026-02-17,730,2028-02-17,706,90,balanced
Food Bank of Contra Costa and Solano,Concord,Apples,produce,185,lbs,2026-02-16,21,2026-03-09,-4,67,balanced
Sacramento Food Bank & Family Services,Sacramento,Egg cartons,dairy,250,cartons,2026-02-25,21,2026-03-18,5,71,surplus
Sacramento Food Bank & Family Services,Sacramento,Canned green beans,canned,350,cans,2026-03-13,730,2028-03-12,730,43,surplus
Sacramento Food Bank & Family Services,Sacramento,Peanut butter,dry,38,jars,2026-02-25,365,2027-02-25,349,70,shortage
Central California Food Bank,Fresno,Rice 5lb bag,dry,108,bags,2026-02-17,730,2028-02-17,706,71,balanced
Second Harvest Food Bank of Orange County,Irvine,Almond butter,dry,267,jars,2026-02-25,365,2027-02-25,349,70,surplus
Second Harvest of Silicon Valley,San Jose,Onions,produce,190,lbs,2026-02-21,30,2026-03-23,10,96,balanced
Second Harvest of Silicon Valley,San Jose,Carrots fresh,produce,49,lbs,2026-02-28,21,2026-03-21,8,99,shortage
Central California Food Bank,Fresno,Sugar,dry,148,bags,2026-03-10,730,2028-03-09,727,100,balanced
Sacramento Food Bank & Family Services,Sacramento,Spaghetti,dry,78,boxes,2026-02-26,730,2028-02-26,715,73,balanced
Central California Food Bank,Fresno,Brown rice,dry,162,bags,2026-03-01,365,2027-03-01,353,85,balanced
Los Angeles Regional Food Bank,Los Angeles,Canned chickpeas,canned,320,cans,2026-02-21,730,2028-02-21,710,69,surplus
Second Harvest of Silicon Valley,San Jose,Canned green beans,canned,252,cans,2026-02-27,730,2028-02-27,716,34,surplus
Second Harvest Food Bank of Orange County,Irvine,Canned peas,canned,252,cans,2026-03-13,730,2028-03-12,730,35,surplus
Feeding San Diego,San Diego,Peanut butter,dry,352,jars,2026-02-28,365,2027-02-28,352,117,surplus
Los Angeles Regional Food Bank,Los Angeles,Oranges,produce,264,lbs,2026-02-20,14,2026-03-06,-7,114,balanced
Food Bank of Contra Costa and Solano,Concord,Ground turkey frozen,protein,192,packs,2026-02-24,180,2026-08-23,163,103,balanced
Food Bank of Contra Costa and Solano,Concord,Canned beans,canned,289,cans,2026-02-27,730,2028-02-27,716,20,surplus
Second Harvest Food Bank of Orange County,Irvine,Lettuce,produce,150,heads,2026-02-20,10,2026-03-02,-11,95,balanced
Second Harvest of Silicon Valley,San Jose,Canned green beans,canned,322,cans,2026-03-08,730,2028-03-07,725,97,surplus
Los Angeles Regional Food Bank,Los Angeles,Macaroni,dry,233,boxes,2026-03-04,730,2028-03-03,721,84,balanced
Yolo Food Bank,Woodland,Yogurt cups,dairy,56,cups,2026-02-18,21,2026-03-11,-2,88,shortage
Feeding San Diego,San Diego,Spinach,produce,326,bags,2026-02-25,7,2026-03-04,-9,73,surplus
Second Harvest Food Bank of Orange County,Irvine,Almond butter,dry,193,jars,2026-02-23,365,2027-02-23,347,24,surplus
Los Angeles Regional Food Bank,Los Angeles,Canned beans,canned,69,cans,2026-03-13,730,2028-03-12,730,76,shortage
Feeding San Diego,San Diego,Avocados,produce,292,units,2026-02-16,7,2026-02-23,-18,65,surplus
Alameda County Community Food Bank,Oakland,Canned salmon,canned,353,cans,2026-03-10,730,2028-03-09,727,108,surplus
Second Harvest of Silicon Valley,San Jose,Canned peas,canned,131,cans,2026-02-25,730,2028-02-25,714,70,balanced
Los Angeles Regional Food Bank,Los Angeles,Pasta,dry,353,boxes,2026-02-16,730,2028-02-16,705,119,balanced
Sacramento Food Bank & Family Services,Sacramento,Canned carrots,canned,37,cans,2026-03-10,730,2028-03-09,727,25,balanced
Sacramento Food Bank & Family Services,Sacramento,Almond butter,dry,315,jars,2026-03-02,365,2027-03-02,354,53,surplus
Sacramento Food Bank & Family Services,Sacramento,Ground turkey frozen,protein,376,packs,2026-02-27,180,2026-08-26,166,114,surplus
Los Angeles Regional Food Bank,Los Angeles,Sugar,dry,29,bags,2026-03-03,730,2028-03-02,720,34,shortage
Second Harvest Food Bank of Orange County,Irvine,Canned salmon,canned,81,cans,2026-03-13,730,2028-03-12,730,77,balanced
San Francisco-Marin Food Bank,San Francisco,Cheese blocks,dairy,119,blocks,2026-02-27,30,2026-03-29,16,67,balanced
San Francisco-Marin Food Bank,San Francisco,Canned soup,canned,216,cans,2026-02-18,540,2027-08-12,517,60,surplus
Second Harvest of Silicon Valley,San Jose,Lettuce,produce,82,heads,2026-03-06,10,2026-03-16,3,47,balanced
Sacramento Food Bank & Family Services,Sacramento,Milk gallons,dairy,169,gallons,2026-03-09,10,2026-03-19,6,41,surplus
San Francisco-Marin Food Bank,San Francisco,Canned tomatoes,canned,277,cans,2026-02-16,730,2028-02-16,705,43,surplus
San Francisco-Marin Food Bank,San Francisco,Yogurt cups,dairy,175,cups,2026-03-09,21,2026-03-30,17,36,surplus
Central California Food Bank,Fresno,Broccoli,produce,283,lbs,2026-03-09,7,2026-03-16,3,119,balanced
Yolo Food Bank,Woodland,Peanut butter,dry,220,jars,2026-02-16,365,2027-02-16,340,36,surplus
Second Harvest of Silicon Valley,San Jose,Lentils,dry,328,bags,2026-02-23,730,2028-02-23,712,52,surplus
Feeding San Diego,San Diego,Bell peppers,produce,119,lbs,2026-02-23,10,2026-03-05,-8,31,surplus
Food Bank of Contra Costa and Solano,Concord,Oranges,produce,111,lbs,2026-03-06,14,2026-03-20,7,111,balanced
Alameda County Community Food Bank,Oakland,Oatmeal,dry,13,boxes,2026-02-28,365,2027-02-28,352,88,shortage
Second Harvest Food Bank of Orange County,Irvine,Canned beans,canned,243,cans,2026-03-04,730,2028-03-03,721,61,surplus
Yolo Food Bank,Woodland,Avocados,produce,226,units,2026-02-26,7,2026-03-05,-8,103,balanced
Food Bank of Contra Costa and Solano,Concord,Canned peas,canned,268,cans,2026-03-08,730,2028-03-07,725,89,surplus
Second Harvest Food Bank of Orange County,Irvine,Pasta,dry,348,boxes,2026-02-16,730,2028-02-16,705,112,surplus
Alameda County Community Food Bank,Oakland,Tomatoes,produce,94,lbs,2026-02-21,10,2026-03-03,-10,105,shortage
Second Harvest Food Bank of Orange County,Irvine,Canned chickpeas,canned,370,cans,2026-02-16,730,2028-02-16,705,104,surplus
Sacramento Food Bank & Family Services,Sacramento,Tomatoes,produce,372,lbs,2026-03-11,10,2026-03-21,8,115,surplus
Second Harvest of Silicon Valley,San Jose,Macaroni,dry,386,boxes,2026-02-18,730,2028-02-18,707,25,surplus
Central California Food Bank,Fresno,Canned soup,canned,208,cans,2026-02-26,540,2027-08-20,525,88,balanced
Sacramento Food Bank & Family Services,Sacramento,Spaghetti,dry,381,boxes,2026-02-19,730,2028-02-19,708,110,surplus
Alameda County Community Food Bank,Oakland,Almond butter,dry,142,jars,2026-03-03,365,2027-03-03,355,113,balanced
Central California Food Bank,Fresno,Canned beans,canned,320,cans,2026-03-05,730,2028-03-04,722,22,surplus
Central California Food Bank,Fresno,Oranges,produce,262,lbs,2026-03-06,14,2026-03-20,7,78,surplus
Central California Food Bank,Fresno,Oranges,produce,273,lbs,2026-02-21,14,2026-03-07,-6,104,balanced
San Francisco-Marin Food Bank,San Francisco,Carrots fresh,produce,374,lbs,2026-02-19,21,2026-03-12,-1,47,surplus
Central California Food Bank,Fresno,Bananas,produce,52,lbs,2026-02-21,7,2026-02-28,-13,113,shortage
Second Harvest of Silicon Valley,San Jose,Cheese blocks,dairy,234,blocks,2026-02-22,30,2026-03-24,11,51,surplus
Central California Food Bank,Fresno,Flour,dry,297,bags,2026-02-26,365,2027-02-26,350,35,surplus
Yolo Food Bank,Woodland,Bell peppers,produce,312,lbs,2026-03-03,10,2026-03-13,0,36,surplus
San Francisco-Marin Food Bank,San Francisco,Canned tuna,canned,170,cans,2026-03-01,730,2028-02-29,718,50,surplus
Alameda County Community Food Bank,Oakland,Oranges,produce,305,lbs,2026-02-20,14,2026-03-06,-7,102,balanced
Yolo Food Bank,Woodland,Frozen berries,protein,269,bags,2026-03-13,365,2027-03-13,365,80,surplus
Food Bank of Contra Costa and Solano,Concord,Almond butter,dry,238,jars,2026-02-16,365,2027-02-16,340,49,surplus
Feeding San Diego,San Diego,Pasta,dry,26,boxes,2026-02-17,730,2028-02-17,706,118,shortage
Los Angeles Regional Food Bank,Los Angeles,Oranges,produce,369,lbs,2026-03-07,14,2026-03-21,8,78,surplus
Feeding San Diego,San Diego,Cheese blocks,dairy,277,blocks,2026-03-01,30,2026-03-31,18,44,surplus
Second Harvest Food Bank of Orange County,Irvine,Lettuce,produce,259,heads,2026-02-24,10,2026-03-06,-7,70,surplus
Alameda County Community Food Bank,Oakland,Macaroni,dry,126,boxes,2026-03-05,730,2028-03-04,722,51,balanced
San Francisco-Marin Food Bank,San Francisco,Yogurt cups,dairy,260,cups,2026-02-26,21,2026-03-19,6,22,surplus
Second Harvest of Silicon Valley,San Jose,Canned salmon,canned,214,cans,2026-02-17,730,2028-02-17,706,76,balanced
Yolo Food Bank,Woodland,Frozen berries,protein,251,bags,2026-02-23,365,2027-02-23,347,59,surplus
Second Harvest of Silicon Valley,San Jose,Canned soup,canned,324,cans,2026-02-27,540,2027-08-21,526,31,surplus
Alameda County Community Food Bank,Oakland,Oranges,produce,350,lbs,2026-03-10,14,2026-03-24,11,45,surplus
Yolo Food Bank,Woodland,Broccoli,produce,185,lbs,2026-02-28,7,2026-03-07,-6,67,balanced
Feeding San Diego,San Diego,Butter,dairy,351,packs,2026-03-10,60,2026-05-09,57,36,surplus
Second Harvest of Silicon Valley,San Jose,Carrots fresh,produce,63,lbs,2026-02-26,21,2026-03-19,6,78,shortage
Second Harvest Food Bank of Orange County,Irvine,Canned soup,canned,227,cans,2026-03-11,540,2027-09-02,538,98,balanced
Sacramento Food Bank & Family Services,Sacramento,Canned salmon,canned,317,cans,2026-03-06,730,2028-03-05,723,68,surplus
Second Harvest Food Bank of Orange County,Irvine,Brown rice,dry,110,bags,2026-02-25,365,2027-02-25,349,101,balanced
Yolo Food Bank,Woodland,Yogurt cups,dairy,264,cups,2026-02-22,21,2026-03-15,2,24,surplus
Food Bank of Contra Costa and Solano,Concord,Cereal,dry,66,boxes,2026-03-07,180,2026-09-03,174,109,shortage
San Francisco-Marin Food Bank,San Francisco,Canned black beans,canned,197,cans,2026-02-17,730,2028-02-17,706,91,balanced
Food Bank of Contra Costa and Solano,Concord,Onions,produce,376,lbs,2026-03-02,30,2026-04-01,19,76,surplus
Central California Food Bank,Fresno,Bananas,produce,24,lbs,2026-03-08,7,2026-03-15,2,96,shortage
Second Harvest of Silicon Valley,San Jose,Apples,produce,205,lbs,2026-02-18,21,2026-03-11,-2,76,balanced
Sacramento Food Bank & Family Services,Sacramento,Cereal,dry,337,boxes,2026-03-12,180,2026-09-08,179,77,surplus
Sacramento Food Bank & Family Services,Sacramento,Rice 5lb bag,dry,253,bags,2026-02-23,730,2028-02-23,712,58,surplus
Alameda County Community Food Bank,Oakland,Oranges,produce,248,lbs,2026-02-19,14,2026-03-05,-8,66,surplus
Second Harvest Food Bank of Orange County,Irvine,Canned salmon,canned,308,cans,2026-02-24,730,2028-02-24,713,120,balanced
Los Angeles Regional Food Bank,Los Angeles,Yogurt cups,dairy,85,cups,2026-03-11,21,2026-04-01,19,39,balanced
Second Harvest Food Bank of Orange County,Irvine,Onions,produce,164,lbs,2026-03-02,30,2026-04-01,19,62,balanced
Second Harvest of Silicon Valley,San Jose,Apples,produce,332,lbs,2026-03-12,21,2026-04-02,20,72,surplus
Feeding San Diego,San Diego,Pasta,dry,56,boxes,2026-03-05,730,2028-03-04,722,97,shortage
Second Harvest of Silicon Valley,San Jose,Canned corn,canned,84,cans,2026-02-20,730,2028-02-20,709,50,balanced
Food Bank of Contra Costa and Solano,Concord,Canned green beans,canned,316,cans,2026-02-26,730,2028-02-26,715,79,surplus
Alameda County Community Food Bank,Oakland,Macaroni,dry,377,boxes,2026-02-24,730,2028-02-24,713,31,surplus
Second Harvest of Silicon Valley,San Jose,Cereal,dry,241,boxes,2026-02-18,180,2026-08-17,157,58,surplus
Second Harvest of Silicon Valley,San Jose,Canned soup,canned,260,cans,2026-02-27,540,2027-08-21,526,104,balanced
Yolo Food Bank,Woodland,Canned soup,canned,98,cans,2026-02-20,540,2027-08-14,519,96,balanced
Food Bank of Contra Costa and Solano,Concord,Spinach,produce,35,bags,2026-03-01,7,2026-03-08,-5,43,shortage
Los Angeles Regional Food Bank,Los Angeles,Canned chickpeas,canned,28,cans,2026-03-02,730,2028-03-01,719,96,shortage
Second Harvest Food Bank of Orange County,Irvine,Frozen berries,protein,244,bags,2026-02-17,365,2027-02-17,341,38,surplus
Yolo Food Bank,Woodland,Peanut butter,dry,119,jars,2026-03-01,365,2027-03-01,353,48,balanced
Sacramento Food Bank & Family Services,Sacramento,Flour,dry,264,bags,2026-02-19,365,2027-02-19,343,111,balanced
Los Angeles Regional Food Bank,Los Angeles,Canned beans,canned,237,cans,2026-02-16,730,2028-02-16,705,63,surplus
Food Bank of Contra Costa and Solano,Concord,Cheese blocks,dairy,258,blocks,2026-02-26,30,2026-03-28,15,92,balanced
Second Harvest Food Bank of Orange County,Irvine,Canned salmon,canned,201,cans,2026-03-09,730,2028-03-08,726,117,balanced
Second Harvest Food Bank of Orange County,Irvine,Bananas,produce,236,lbs,2026-03-12,7,2026-03-19,6,102,balanced
Sacramento Food Bank & Family Services,Sacramento,Apples,produce,365,lbs,2026-02-17,21,2026-03-10,-3,21,surplus
San Francisco-Marin Food Bank,San Francisco,Apples,produce,240,lbs,2026-02-18,21,2026-03-11,-2,35,surplus
Alameda County Community Food Bank,Oakland,Chicken breast frozen,protein,353,packs,2026-02-22,180,2026-08-21,161,109,surplus
San Francisco-Marin Food Bank,San Francisco,Spinach,produce,205,bags,2026-02-27,7,2026-03-06,-7,75,balanced
Alameda County Community Food Bank,Oakland,Canned carrots,canned,159,cans,2026-02-25,730,2028-02-25,714,103,balanced
Alameda County Community Food Bank,Oakland,Apples,produce,201,lbs,2026-02-23,21,2026-03-16,3,27,surplus
Sacramento Food Bank & Family Services,Sacramento,Carrots fresh,produce,299,lbs,2026-03-13,21,2026-04-03,21,119,balanced
Food Bank of Contra Costa and Solano,Concord,Flour,dry,398,bags,2026-03-03,365,2027-03-03,355,114,surplus
San Francisco-Marin Food Bank,San Francisco,Broccoli,produce,163,lbs,2026-03-09,7,2026-03-16,3,42,surplus
Central California Food Bank,Fresno,Frozen vegetables mix,protein,207,bags,2026-02-18,365,2027-02-18,342,85,balanced
Second Harvest Food Bank of Orange County,Irvine,Broccoli,produce,42,lbs,2026-03-08,7,2026-03-15,2,51,shortage
Alameda County Community Food Bank,Oakland,Milk gallons,dairy,289,gallons,2026-02-18,10,2026-02-28,-13,103,balanced
Feeding San Diego,San Diego,Canned beans,canned,344,cans,2026-03-12,730,2028-03-11,729,69,surplus
San Francisco-Marin Food Bank,San Francisco,Oranges,produce,249,lbs,2026-03-04,14,2026-03-18,5,74,surplus
Alameda County Community Food Bank,Oakland,Brown rice,dry,31,bags,2026-02-21,365,2027-02-21,345,72,shortage
Alameda County Community Food Bank,Oakland,Butter,dairy,38,packs,2026-03-09,60,2026-05-08,56,42,shortage
Sacramento Food Bank & Family Services,Sacramento,Canned peas,canned,18,cans,2026-03-09,730,2028-03-08,726,105,shortage
Central California Food Bank,Fresno,Canned corn,canned,252,cans,2026-03-05,730,2028-03-04,722,60,surplus
Feeding San Diego,San Diego,Frozen berries,protein,233,bags,2026-03-06,365,2027-03-06,358,57,surplus
Los Angeles Regional Food Bank,Los Angeles,Yogurt cups,dairy,141,cups,2026-02-17,21,2026-03-10,-3,119,balanced
Los Angeles Regional Food Bank,Los Angeles,Apples,produce,368,lbs,2026-02-18,21,2026-03-11,-2,46,surplus
Feeding San Diego,San Diego,Yogurt cups,dairy,349,cups,2026-03-07,21,2026-03-28,15,25,surplus
Food Bank of Contra Costa and Solano,Concord,Cheese blocks,dairy,373,blocks,2026-02-28,30,2026-03-30,17,40,surplus
San Francisco-Marin Food Bank,San Francisco,Oranges,produce,234,lbs,2026-02-23,14,2026-03-09,-4,115,balanced
Second Harvest of Silicon Valley,San Jose,Canned tuna,canned,151,cans,2026-03-06,730,2028-03-05,723,42,surplus
San Francisco-Marin Food Bank,San Francisco,Macaroni,dry,382,boxes,2026-02-28,730,2028-02-28,717,115,surplus
Feeding San Diego,San Diego,Carrots fresh,produce,107,lbs,2026-03-13,21,2026-04-03,21,58,balanced
Second Harvest Food Bank of Orange County,Irvine,Spaghetti,dry,380,boxes,2026-03-08,730,2028-03-07,725,89,surplus
Food Bank of Contra Costa and Solano,Concord,Lentils,dry,35,bags,2026-02-27,730,2028-02-27,716,101,shortage
Central California Food Bank,Fresno,Milk gallons,dairy,350,gallons,2026-02-18,10,2026-02-28,-13,120,balanced
Central California Food Bank,Fresno,Peanut butter,dry,318,jars,2026-03-07,365,2027-03-07,359,117,balanced
Central California Food Bank,Fresno,Brown rice,dry,353,bags,2026-03-01,365,2027-03-01,353,75,surplus
Los Angeles Regional Food Bank,Los Angeles,Frozen berries,protein,313,bags,2026-03-07,365,2027-03-07,359,105,balanced
Food Bank of Contra Costa and Solano,Concord,Canned beans,canned,235,cans,2026-02-26,730,2028-02-26,715,96,balanced
Yolo Food Bank,Woodland,Cereal,dry,206,boxes,2026-02-23,180,2026-08-22,162,39,surplus
Feeding San Diego,San Diego,Egg cartons,dairy,352,cartons,2026-03-02,21,2026-03-23,10,117,surplus
Central California Food Bank,Fresno,Cereal,dry,91,boxes,2026-03-04,180,2026-08-31,171,97,shortage
Food Bank of Contra Costa and Solano,Concord,Apples,produce,85,lbs,2026-02-23,21,2026-03-16,3,74,balanced
Second Harvest of Silicon Valley,San Jose,Potatoes,produce,29,lbs,2026-03-07,30,2026-04-06,24,45,shortage
Los Angeles Regional Food Bank,Los Angeles,Canned black beans,canned,126,cans,2026-02-19,730,2028-02-19,708,94,balanced
Feeding San Diego,San Diego,Oatmeal,dry,39,boxes,2026-03-07,365,2027-03-07,359,118,shortage
Food Bank of Contra Costa and Solano,Concord,Bananas,produce,356,lbs,2026-03-06,7,2026-03-13,0,95,surplus
San Francisco-Marin Food Bank,San Francisco,Cheese blocks,dairy,210,blocks,2026-03-01,30,2026-03-31,18,91,balanced
Second Harvest of Silicon Valley,San Jose,Oranges,produce,113,lbs,2026-03-10,14,2026-03-24,11,40,balanced
Second Harvest Food Bank of Orange County,Irvine,Flour,dry,371,bags,2026-03-02,365,2027-03-02,354,98,surplus
Yolo Food Bank,Woodland,Canned tomatoes,canned,123,cans,2026-03-04,730,2028-03-03,721,88,balanced
Yolo Food Bank,Woodland,Onions,produce,350,lbs,2026-03-13,30,2026-04-12,30,110,surplus
Feeding San Diego,San Diego,Chicken breast frozen,protein,264,packs,2026-03-02,180,2026-08-29,169,96,balanced
Second Harvest Food Bank of Orange County,Irvine,Potatoes,produce,360,lbs,2026-02-25,30,2026-03-27,14,55,surplus
Sacramento Food Bank & Family Services,Sacramento,Tomatoes,produce,148,lbs,2026-02-21,10,2026-03-03,-10,77,balanced
Second Harvest Food Bank of Orange County,Irvine,Canned tomatoes,canned,320,cans,2026-02-23,730,2028-02-23,712,100,surplus
Central California Food Bank,Fresno,Almond butter,dry,178,jars,2026-02-25,365,2027-02-25,349,89,balanced
Alameda County Community Food Bank,Oakland,Butter,dairy,58,packs,2026-02-25,60,2026-04-26,44,53,balanced
Second Harvest of Silicon Valley,San Jose,Potatoes,produce,110,lbs,2026-02-25,30,2026-03-27,14,33,surplus
Alameda County Community Food Bank,Oakland,Oranges,produce,332,lbs,2026-02-28,14,2026-03-14,1,104,surplus
Feeding San Diego,San Diego,Cereal,dry,71,boxes,2026-03-05,180,2026-09-01,172,30,balanced
Second Harvest Food Bank of Orange County,Irvine,Lentils,dry,63,bags,2026-02-23,730,2028-02-23,712,23,balanced
Food Bank of Contra Costa and Solano,Concord,Peanut butter,dry,17,jars,2026-03-11,365,2027-03-11,363,45,shortage
Feeding San Diego,San Diego,Cheese blocks,dairy,279,blocks,2026-02-19,30,2026-03-21,8,74,surplus
Feeding San Diego,San Diego,Sugar,dry,319,bags,2026-03-02,730,2028-03-01,719,73,surplus
Second Harvest Food Bank of Orange County,Irvine,Yogurt cups,dairy,41,cups,2026-02-27,21,2026-03-20,7,83,shortage
Sacramento Food Bank & Family Services,Sacramento,Bell peppers,produce,226,lbs,2026-02-28,10,2026-03-10,-3,87,balanced
Second Harvest Food Bank of Orange County,Irvine,Butter,dairy,126,packs,2026-02-21,60,2026-04-22,40,56,balanced
Second Harvest of Silicon Valley,San Jose,Milk gallons,dairy,103,gallons,2026-02-28,10,2026-03-10,-3,105,shortage
Second Harvest of Silicon Valley,San Jose,Potatoes,produce,82,lbs,2026-03-02,30,2026-04-01,19,49,balanced
Sacramento Food Bank & Family Services,Sacramento,Butter,dairy,25,packs,2026-03-01,60,2026-04-30,48,37,shortage
Feeding San Diego,San Diego,Flour,dry,35,bags,2026-02-22,365,2027-02-22,346,35,balanced
Food Bank of Contra Costa and Solano,Concord,Canned beans,canned,247,cans,2026-02-21,730,2028-02-21,710,60,surplus
Second Harvest of Silicon Valley,San Jose,Bell peppers,produce,75,lbs,2026-02-22,10,2026-03-04,-9,61,balanced
Alameda County Community Food Bank,Oakland,Yogurt cups,dairy,102,cups,2026-03-12,21,2026-04-02,20,111,shortage
Feeding San Diego,San Diego,Cereal,dry,343,boxes,2026-03-12,180,2026-09-08,179,84,surplus
Second Harvest Food Bank of Orange County,Irvine,Spaghetti,dry,55,boxes,2026-03-11,730,2028-03-10,728,94,shortage
Feeding San Diego,San Diego,Canned beans,canned,297,cans,2026-03-09,730,2028-03-08,726,20,surplus
Los Angeles Regional Food Bank,Los Angeles,Frozen berries,protein,172,bags,2026-03-03,365,2027-03-03,355,101,balanced
Sacramento Food Bank & Family Services,Sacramento,Milk gallons,dairy,103,gallons,2026-03-08,10,2026-03-18,5,62,balanced
Second Harvest of Silicon Valley,San Jose,Canned salmon,canned,54,cans,2026-03-05,730,2028-03-04,722,72,shortage
Yolo Food Bank,Woodland,Broccoli,produce,353,lbs,2026-02-21,7,2026-02-28,-13,118,balanced
Second Harvest of Silicon Valley,San Jose,Butter,dairy,386,packs,2026-02-24,60,2026-04-25,43,71,surplus
Sacramento Food Bank & Family Services,Sacramento,Canned tomatoes,canned,368,cans,2026-02-23,730,2028-02-23,712,42,surplus
Los Angeles Regional Food Bank,Los Angeles,Canned soup,canned,45,cans,2026-03-05,540,2027-08-27,532,62,shortage
Los Angeles Regional Food Bank,Los Angeles,Broccoli,produce,259,lbs,2026-02-23,7,2026-03-02,-11,44,surplus
Food Bank of Contra Costa and Solano,Concord,Yogurt cups,dairy,330,cups,2026-03-03,21,2026-03-24,11,111,balanced
Sacramento Food Bank & Family Services,Sacramento,Spinach,produce,289,bags,2026-02-19,7,2026-02-26,-15,22,surplus
Second Harvest Food Bank of Orange County,Irvine,Oatmeal,dry,258,boxes,2026-02-23,365,2027-02-23,347,105,balanced
Yolo Food Bank,Woodland,Carrots fresh,produce,35,lbs,2026-02-23,21,2026-03-16,3,110,shortage
San Francisco-Marin Food Bank,San Francisco,Cheese blocks,dairy,235,blocks,2026-02-17,30,2026-03-19,6,97,balanced
Yolo Food Bank,Woodland,Milk gallons,dairy,206,gallons,2026-02-23,10,2026-03-05,-8,59,surplus
Yolo Food Bank,Woodland,Frozen berries,protein,24,bags,2026-03-05,365,2027-03-05,357,93,shortage
Yolo Food Bank,Woodland,Macaroni,dry,182,boxes,2026-03-01,730,2028-02-29,718,99,balanced
Alameda County Community Food Bank,Oakland,Bananas,produce,227,lbs,2026-03-12,7,2026-03-19,6,81,balanced
Yolo Food Bank,Woodland,Frozen berries,protein,31,bags,2026-02-18,365,2027-02-18,342,63,shortage
Second Harvest of Silicon Valley,San Jose,Cheese blocks,dairy,35,blocks,2026-02-25,30,2026-03-27,14,42,shortage
Central California Food Bank,Fresno,Spaghetti,dry,123,boxes,2026-02-23,730,2028-02-23,712,24,surplus
Los Angeles Regional Food Bank,Los Angeles,Avocados,produce,62,units,2026-03-03,7,2026-03-10,-3,21,balanced
Central California Food Bank,Fresno,Canned chickpeas,canned,172,cans,2026-03-09,730,2028-03-08,726,50,surplus
Second Harvest Food Bank of Orange County,Irvine,Canned carrots,canned,327,cans,2026-02-25,730,2028-02-25,714,42,surplus
Feeding San Diego,San Diego,Canned green beans,canned,126,cans,2026-02-27,730,2028-02-27,716,50,balanced
Feeding San Diego,San Diego,Potatoes,produce,349,lbs,2026-03-09,30,2026-04-08,26,28,surplus
Sacramento Food Bank & Family Services,Sacramento,Macaroni,dry,128,boxes,2026-02-28,730,2028-02-28,717,38,surplus
Food Bank of Contra Costa and Solano,Concord,Egg cartons,dairy,93,cartons,2026-02-19,21,2026-03-12,-1,88,balanced
Yolo Food Bank,Woodland,Avocados,produce,92,units,2026-02-28,7,2026-03-07,-6,86,balanced
Yolo Food Bank,Woodland,Canned soup,canned,222,cans,2026-03-11,540,2027-09-02,538,75,balanced
Alameda County Community Food Bank,Oakland,Sugar,dry,238,bags,2026-02-18,730,2028-02-18,707,120,balanced
San Francisco-Marin Food Bank,San Francisco,Canned black beans,canned,265,cans,2026-03-13,730,2028-03-12,730,109,balanced
Sacramento Food Bank & Family Services,Sacramento,Butter,dairy,133,packs,2026-02-19,60,2026-04-20,38,66,balanced
Second Harvest of Silicon Valley,San Jose,Canned chickpeas,canned,356,cans,2026-03-08,730,2028-03-07,725,115,surplus
Sacramento Food Bank & Family Services,Sacramento,Bell peppers,produce,95,lbs,2026-03-12,10,2026-03-22,9,25,surplus
Sacramento Food Bank & Family Services,Sacramento,Canned salmon,canned,301,cans,2026-03-09,730,2028-03-08,726,100,surplus
Food Bank of Contra Costa and Solano,Concord,Canned black beans,canned,140,cans,2026-02-19,730,2028-02-19,708,112,balanced
San Francisco-Marin Food Bank,San Francisco,Lentils,dry,201,bags,2026-02-16,730,2028-02-16,705,75,balanced
Second Harvest Food Bank of Orange County,Irvine,Oatmeal,dry,213,boxes,2026-03-12,365,2027-03-12,364,111,balanced
San Francisco-Marin Food Bank,San Francisco,Pasta,dry,365,boxes,2026-03-13,730,2028-03-12,730,37,surplus
Alameda County Community Food Bank,Oakland,Canned soup,canned,60,cans,2026-02-23,540,2027-08-17,522,70,shortage
Food Bank of Contra Costa and Solano,Concord,Avocados,produce,379,units,2026-02-19,7,2026-02-26,-15,77,surplus
Central California Food Bank,Fresno,Onions,produce,113,lbs,2026-02-26,30,2026-03-28,15,59,balanced
Central California Food Bank,Fresno,Butter,dairy,156,packs,2026-02-23,60,2026-04-24,42,73,balanced
Sacramento Food Bank & Family Services,Sacramento,Chicken breast frozen,protein,10,packs,2026-02-27,180,2026-08-26,166,82,shortage
Second Harvest of Silicon Valley,San Jose,Butter,dairy,58,packs,2026-03-13,60,2026-05-12,60,26,balanced
Yolo Food Bank,Woodland,Canned peas,canned,374,cans,2026-03-06,730,2028-03-05,723,110,surplus
Feeding San Diego,San Diego,Peanut butter,dry,123,jars,2026-03-12,365,2027-03-12,364,61,balanced
Yolo Food Bank,Woodland,Canned chickpeas,canned,26,cans,2026-03-11,730,2028-03-10,728,70,shortage
Food Bank of Contra Costa and Solano,Concord,Spinach,produce,52,bags,2026-02-22,7,2026-03-01,-12,67,shortage
Sacramento Food Bank & Family Services,Sacramento,Chicken breast frozen,protein,109,packs,2026-03-01,180,2026-08-28,168,35,surplus
Second Harvest of Silicon Valley,San Jose,Canned salmon,canned,74,cans,2026-02-22,730,2028-02-22,711,89,shortage
San Francisco-Marin Food Bank,San Francisco,Peanut butter,dry,386,jars,2026-02-17,365,2027-02-17,341,25,surplus
Food Bank of Contra Costa and Solano,Concord,Canned peas,canned,374,cans,2026-03-09,730,2028-03-08,726,31,surplus
Second Harvest Food Bank of Orange County,Irvine,Broccoli,produce,293,lbs,2026-02-17,7,2026-02-24,-17,109,balanced
Food Bank of Contra Costa and Solano,Concord,Pasta,dry,51,boxes,2026-03-07,730,2028-03-06,724,89,shortage
Second Harvest of Silicon Valley,San Jose,Spinach,produce,245,bags,2026-02-26,7,2026-03-05,-8,29,surplus
Central California Food Bank,Fresno,Canned salmon,canned,316,cans,2026-02-26,730,2028-02-26,715,68,surplus
Central California Food Bank,Fresno,Potatoes,produce,288,lbs,2026-03-06,30,2026-04-05,23,52,surplus
Sacramento Food Bank & Family Services,Sacramento,Canned green beans,canned,10,cans,2026-03-07,730,2028-03-06,724,36,shortage
Los Angeles Regional Food Bank,Los Angeles,Tomatoes,produce,340,lbs,2026-02-22,10,2026-03-04,-9,49,surplus
Second Harvest of Silicon Valley,San Jose,Onions,produce,315,lbs,2026-03-13,30,2026-04-12,30,69,surplus
Yolo Food Bank,Woodland,Peanut butter,dry,315,jars,2026-03-01,365,2027-03-01,353,52,surplus
Second Harvest of Silicon Valley,San Jose,Canned soup,canned,305,cans,2026-02-18,540,2027-08-12,517,100,surplus
San Francisco-Marin Food Bank,San Francisco,Canned tomatoes,canned,325,cans,2026-02-16,730,2028-02-16,705,27,surplus
Second Harvest of Silicon Valley,San Jose,Flour,dry,200,bags,2026-02-22,365,2027-02-22,346,55,surplus
Yolo Food Bank,Woodland,Lettuce,produce,322,heads,2026-02-16,10,2026-02-26,-15,51,surplus
San Francisco-Marin Food Bank,San Francisco,Brown rice,dry,124,bags,2026-03-11,365,2027-03-11,363,38,surplus
Los Angeles Regional Food Bank,Los Angeles,Lentils,dry,266,bags,2026-03-04,730,2028-03-03,721,103,balanced
Sacramento Food Bank & Family Services,Sacramento,Milk gallons,dairy,171,gallons,2026-02-23,10,2026-03-05,-8,90,balanced
Second Harvest Food Bank of Orange County,Irvine,Broccoli,produce,210,lbs,2026-02-22,7,2026-03-01,-12,107,balanced
Central California Food Bank,Fresno,Frozen berries,protein,258,bags,2026-02-16,365,2027-02-16,340,107,balanced
Food Bank of Contra Costa and Solano,Concord,Cheese blocks,dairy,317,blocks,2026-03-01,30,2026-03-31,18,115,balanced
Alameda County Community Food Bank,Oakland,Chicken breast frozen,protein,347,packs,2026-03-06,180,2026-09-02,173,81,surplus
Feeding San Diego,San Diego,Canned carrots,canned,63,cans,2026-02-25,730,2028-02-25,714,35,balanced
Los Angeles Regional Food Bank,Los Angeles,Canned chickpeas,canned,296,cans,2026-03-03,730,2028-03-02,720,80,surplus
Yolo Food Bank,Woodland,Canned peas,canned,398,cans,2026-03-10,730,2028-03-09,727,74,surplus
Second Harvest Food Bank of Orange County,Irvine,Lettuce,produce,54,heads,2026-02-23,10,2026-03-05,-8,42,balanced
Los Angeles Regional Food Bank,Los Angeles,Macaroni,dry,347,boxes,2026-02-23,730,2028-02-23,712,29,surplus
Second Harvest of Silicon Valley,San Jose,Spaghetti,dry,211,boxes,2026-03-07,730,2028-03-06,724,26,surplus
Yolo Food Bank,Woodland,Macaroni,dry,236,boxes,2026-03-05,730,2028-03-04,722,64,surplus
Alameda County Community Food Bank,Oakland,Potatoes,produce,24,lbs,2026-03-13,30,2026-04-12,30,73,shortage
Yolo Food Bank,Woodland,Macaroni,dry,280,boxes,2026-03-04,730,2028-03-03,721,78,surplus
Second Harvest Food Bank of Orange County,Irvine,Cereal,dry,243,boxes,2026-02-24,180,2026-08-23,163,24,surplus
San Francisco-Marin Food Bank,San Francisco,Lentils,dry,222,bags,2026-02-17,730,2028-02-17,706,111,balanced
San Francisco-Marin Food Bank,San Francisco,Almond butter,dry,371,jars,2026-03-11,365,2027-03-11,363,118,surplus
Alameda County Community Food Bank,Oakland,Canned beans,canned,39,cans,2026-02-20,730,2028-02-20,709,26,balanced
Los Angeles Regional Food Bank,Los Angeles,Canned black beans,canned,89,cans,2026-03-02,730,2028-03-01,719,67,balanced
Central California Food Bank,Fresno,Oranges,produce,272,lbs,2026-03-03,14,2026-03-17,4,107,balanced
Second Harvest Food Bank of Orange County,Irvine,Canned tomatoes,canned,356,cans,2026-03-10,730,2028-03-09,727,85,surplus
Yolo Food Bank,Woodland,Canned black beans,canned,396,cans,2026-02-28,730,2028-02-28,717,88,surplus
Central California Food Bank,Fresno,Potatoes,produce,157,lbs,2026-03-06,30,2026-04-05,23,94,balanced
Feeding San Diego,San Diego,Broccoli,produce,373,lbs,2026-03-10,7,2026-03-17,4,26,surplus
San Francisco-Marin Food Bank,San Francisco,Canned beans,canned,235,cans,2026-03-11,730,2028-03-10,728,34,surplus
Yolo Food Bank,Woodland,Milk gallons,dairy,83,gallons,2026-03-08,10,2026-03-18,5,94,shortage
Central California Food Bank,Fresno,Carrots fresh,produce,369,lbs,2026-03-04,21,2026-03-25,12,26,surplus
Central California Food Bank,Fresno,Carrots fresh,produce,389,lbs,2026-02-24,21,2026-03-17,4,82,surplus
Sacramento Food Bank & Family Services,Sacramento,Canned beans,canned,213,cans,2026-02-25,730,2028-02-25,714,29,surplus
Feeding San Diego,San Diego,Canned peas,canned,72,cans,2026-02-19,730,2028-02-19,708,47,balanced
Feeding San Diego,San Diego,Brown rice,dry,174,bags,2026-03-11,365,2027-03-11,363,53,surplus
Sacramento Food Bank & Family Services,Sacramento,Canned beans,canned,175,cans,2026-02-28,730,2028-02-28,717,51,surplus
Yolo Food Bank,Woodland,Canned carrots,canned,294,cans,2026-02-24,730,2028-02-24,713,78,surplus
Second Harvest of Silicon Valley,San Jose,Canned carrots,canned,258,cans,2026-03-02,730,2028-03-01,719,36,surplus
Second Harvest of Silicon Valley,San Jose,Lettuce,produce,226,heads,2026-03-05,10,2026-03-15,2,69,surplus
Second Harvest of Silicon Valley,San Jose,Chicken breast frozen,protein,376,packs,2026-02-18,180,2026-08-17,157,39,surplus
Food Bank of Contra Costa and Solano,Concord,Canned black beans,canned,43,cans,2026-03-02,730,2028-03-01,719,90,shortage
Sacramento Food Bank & Family Services,Sacramento,Sugar,dry,121,bags,2026-02-16,730,2028-02-16,705,31,surplus
Second Harvest Food Bank of Orange County,Irvine,Macaroni,dry,299,boxes,2026-02-18,730,2028-02-18,707,71,surplus
Alameda County Community Food Bank,Oakland,Canned carrots,canned,223,cans,2026-03-09,730,2028-03-08,726,100,balanced
Alameda County Community Food Bank,Oakland,Broccoli,produce,385,lbs,2026-03-01,7,2026-03-08,-5,99,surplus
Sacramento Food Bank & Family Services,Sacramento,Canned tuna,canned,237,cans,2026-02-20,730,2028-02-20,709,72,surplus
Central California Food Bank,Fresno,Canned chickpeas,canned,152,cans,2026-02-20,730,2028-02-20,709,39,surplus
Los Angeles Regional Food Bank,Los Angeles,Canned carrots,canned,155,cans,2026-03-02,730,2028-03-01,719,74,balanced
Food Bank of Contra Costa and Solano,Concord,Frozen berries,protein,95,bags,2026-02-16,365,2027-02-16,340,44,balanced
Food Bank of Contra Costa and Solano,Concord,Apples,produce,151,lbs,2026-02-17,21,2026-03-10,-3,41,surplus
Feeding San Diego,San Diego,Milk gallons,dairy,383,gallons,2026-03-09,10,2026-03-19,6,31,surplus
San Francisco-Marin Food Bank,San Francisco,Canned tomatoes,canned,119,cans,2026-03-07,730,2028-03-06,724,70,balanced
Sacramento Food Bank & Family Services,Sacramento,Canned beans,canned,241,cans,2026-03-05,730,2028-03-04,722,112,balanced
Sacramento Food Bank & Family Services,Sacramento,Frozen vegetables mix,protein,380,bags,2026-03-02,365,2027-03-02,354,68,surplus
Los Angeles Regional Food Bank,Los Angeles,Chicken breast frozen,protein,169,packs,2026-02-28,180,2026-08-27,167,31,surplus
Central California Food Bank,Fresno,Peanut butter,dry,294,jars,2026-02-24,365,2027-02-24,348,86,surplus
Second Harvest of Silicon Valley,San Jose,Frozen berries,protein,379,bags,2026-02-18,365,2027-02-18,342,29,surplus
Second Harvest of Silicon Valley,San Jose,Frozen vegetables mix,protein,383,bags,2026-03-12,365,2027-03-12,364,61,surplus
Alameda County Community Food Bank,Oakland,Spinach,produce,171,bags,2026-03-10,7,2026-03-17,4,29,surplus
San Francisco-Marin Food Bank,San Francisco,Cereal,dry,263,boxes,2026-03-07,180,2026-09-03,174,117,balanced
Feeding San Diego,San Diego,Canned peas,canned,127,cans,2026-03-03,730,2028-03-02,720,69,balanced
Central California Food Bank,Fresno,Spaghetti,dry,258,boxes,2026-02-26,730,2028-02-26,715,52,surplus
Feeding San Diego,San Diego,Canned green beans,canned,350,cans,2026-03-13,730,2028-03-12,730,41,surplus
Central California Food Bank,Fresno,Canned peas,canned,306,cans,2026-02-21,730,2028-02-21,710,101,surplus
Second Harvest Food Bank of Orange County,Irvine,Carrots fresh,produce,100,lbs,2026-02-25,21,2026-03-18,5,81,balanced
Central California Food Bank,Fresno,Canned chickpeas,canned,272,cans,2026-03-04,730,2028-03-03,721,40,surplus
Second Harvest of Silicon Valley,San Jose,Spinach,produce,75,bags,2026-02-27,7,2026-03-06,-7,37,balanced
San Francisco-Marin Food Bank,San Francisco,Chicken breast frozen,protein,293,packs,2026-03-02,180,2026-08-29,169,40,surplus
Yolo Food Bank,Woodland,Canned green beans,canned,208,cans,2026-03-13,730,2028-03-12,730,72,balanced
Food Bank of Contra Costa and Solano,Concord,Brown rice,dry,220,bags,2026-02-18,365,2027-02-18,342,88,balanced
Los Angeles Regional Food Bank,Los Angeles,Canned salmon,canned,68,cans,2026-03-07,730,2028-03-06,724,26,balanced
Feeding San Diego,San Diego,Sugar,dry,35,bags,2026-02-23,730,2028-02-23,712,71,shortage
Sacramento Food Bank & Family Services,Sacramento,Flour,dry,392,bags,2026-02-18,365,2027-02-18,342,56,surplus
Second Harvest of Silicon Valley,San Jose,Lettuce,produce,32,heads,2026-03-03,10,2026-03-13,0,88,shortage
Yolo Food Bank,Woodland,Milk gallons,dairy,213,gallons,2026-02-22,10,2026-03-04,-9,104,balanced
Second Harvest of Silicon Valley,San Jose,Cereal,dry,21,boxes,2026-02-20,180,2026-08-19,159,33,shortage
Feeding San Diego,San Diego,Oranges,produce,35,lbs,2026-02-28,14,2026-03-14,1,41,shortage
Yolo Food Bank,Woodland,Spinach,produce,380,bags,2026-02-27,7,2026-03-06,-7,100,surplus
Sacramento Food Bank & Family Services,Sacramento,Cheese blocks,dairy,61,blocks,2026-03-12,30,2026-04-11,29,46,balanced
San Francisco-Marin Food Bank,San Francisco,Ground turkey frozen,protein,84,packs,2026-02-24,180,2026-08-23,163,55,balanced
Los Angeles Regional Food Bank,Los Angeles,Canned peas,canned,79,cans,2026-02-18,730,2028-02-18,707,36,balanced
Second Harvest of Silicon Valley,San Jose,Canned carrots,canned,72,cans,2026-03-11,730,2028-03-10,728,81,shortage
Feeding San Diego,San Diego,Spaghetti,dry,111,boxes,2026-02-20,730,2028-02-20,709,24,surplus
Los Angeles Regional Food Bank,Los Angeles,Canned tomatoes,canned,101,cans,2026-03-11,730,2028-03-10,728,65,balanced
Yolo Food Bank,Woodland,Potatoes,produce,308,lbs,2026-03-13,30,2026-04-12,30,30,surplus
Yolo Food Bank,Woodland,Lettuce,produce,54,heads,2026-02-24,10,2026-03-06,-7,116,shortage
Yolo Food Bank,Woodland,Oranges,produce,192,lbs,2026-03-03,14,2026-03-17,4,25,surplus
Alameda County Community Food Bank,Oakland,Canned corn,canned,102,cans,2026-02-25,730,2028-02-25,714,114,shortage
Second Harvest of Silicon Valley,San Jose,Sugar,dry,240,bags,2026-02-26,730,2028-02-26,715,110,balanced
Yolo Food Bank,Woodland,Canned green beans,canned,19,cans,2026-03-05,730,2028-03-04,722,78,shortage
Sacramento Food Bank & Family Services,Sacramento,Sugar,dry,36,bags,2026-03-07,730,2028-03-06,724,44,shortage
San Francisco-Marin Food Bank,San Francisco,Canned carrots,canned,268,cans,2026-03-03,730,2028-03-02,720,85,surplus
Alameda County Community Food Bank,Oakland,Lettuce,produce,390,heads,2026-03-11,10,2026-03-21,8,85,surplus
Alameda County Community Food Bank,Oakland,Oranges,produce,32,lbs,2026-02-27,14,2026-03-13,0,78,shortage
Central California Food Bank,Fresno,Peanut butter,dry,110,jars,2026-03-01,365,2027-03-01,353,48,balanced
Sacramento Food Bank & Family Services,Sacramento,Canned black beans,canned,138,cans,2026-02-18,730,2028-02-18,707,67,balanced
Central California Food Bank,Fresno,Avocados,produce,159,units,2026-02-26,7,2026-03-05,-8,53,balanced
Yolo Food Bank,Woodland,Frozen berries,protein,291,bags,2026-03-02,365,2027-03-02,354,51,surplus
Central California Food Bank,Fresno,Potatoes,produce,87,lbs,2026-03-11,30,2026-04-10,28,38,balanced
Los Angeles Regional Food Bank,Los Angeles,Spaghetti,dry,17,boxes,2026-03-03,730,2028-03-02,720,45,shortage
Alameda County Community Food Bank,Oakland,Egg cartons,dairy,56,cartons,2026-03-13,21,2026-04-03,21,59,shortage
Alameda County Community Food Bank,Oakland,Avocados,produce,174,units,2026-03-01,7,2026-03-08,-5,45,surplus
Alameda County Community Food Bank,Oakland,Spinach,produce,111,bags,2026-03-05,7,2026-03-12,-1,34,surplus
Los Angeles Regional Food Bank,Los Angeles,Cheese blocks,dairy,281,blocks,2026-02-18,30,2026-03-20,7,48,surplus
San Francisco-Marin Food Bank,San Francisco,Cheese blocks,dairy,313,blocks,2026-03-01,30,2026-03-31,18,88,surplus
Sacramento Food Bank & Family Services,Sacramento,Rice 5lb bag,dry,40,bags,2026-03-07,730,2028-03-06,724,57,shortage
Food Bank of Contra Costa and Solano,Concord,Avocados,produce,51,units,2026-02-24,7,2026-03-03,-10,109,shortage
Yolo Food Bank,Woodland,Canned carrots,canned,314,cans,2026-03-13,730,2028-03-12,730,43,surplus
Central California Food Bank,Fresno,Oranges,produce,187,lbs,2026-02-26,14,2026-03-12,-1,28,surplus
Alameda County Community Food Bank,Oakland,Peanut butter,dry,258,jars,2026-02-22,365,2027-02-22,346,46,surplus
Sacramento Food Bank & Family Services,Sacramento,Lentils,dry,186,bags,2026-02-21,730,2028-02-21,710,99,balanced
Los Angeles Regional Food Bank,Los Angeles,Frozen vegetables mix,protein,116,bags,2026-02-18,365,2027-02-18,342,37,surplus
Sacramento Food Bank & Family Services,Sacramento,Lettuce,produce,67,heads,2026-02-28,10,2026-03-10,-3,24,balanced
Central California Food Bank,Fresno,Bell peppers,produce,68,lbs,2026-03-12,10,2026-03-22,9,34,balanced
Central California Food Bank,Fresno,Broccoli,produce,305,lbs,2026-03-05,7,2026-03-12,-1,65,surplus
Alameda County Community Food Bank,Oakland,Pasta,dry,60,boxes,2026-03-05,730,2028-03-04,722,84,shortage
Second Harvest Food Bank of Orange County,Irvine,Pasta,dry,39,boxes,2026-02-20,730,2028-02-20,709,107,shortage
Alameda County Community Food Bank,Oakland,Frozen berries,protein,232,bags,2026-02-20,365,2027-02-20,344,94,balanced
Second Harvest of Silicon Valley,San Jose,Bell peppers,produce,26,lbs,2026-03-07,10,2026-03-17,4,83,shortage
Second Harvest of Silicon Valley,San Jose,Sugar,dry,90,bags,2026-02-23,730,2028-02-23,712,103,shortage
Los Angeles Regional Food Bank,Los Angeles,Yogurt cups,dairy,235,cups,2026-02-27,21,2026-03-20,7,96,balanced
Feeding San Diego,San Diego,Spinach,produce,153,bags,2026-02-16,7,2026-02-23,-18,38,surplus
Sacramento Food Bank & Family Services,Sacramento,Onions,produce,331,lbs,2026-02-28,30,2026-03-30,17,36,surplus
Feeding San Diego,San Diego,Egg cartons,dairy,163,cartons,2026-02-22,21,2026-03-15,2,101,balanced
Sacramento Food Bank & Family Services,Sacramento,Canned tomatoes,canned,314,cans,2026-03-08,730,2028-03-07,725,95,surplus
San Francisco-Marin Food Bank,San Francisco,Onions,produce,140,lbs,2026-02-20,30,2026-03-22,9,110,balanced
Second Harvest Food Bank of Orange County,Irvine,Frozen berries,protein,247,bags,2026-03-09,365,2027-03-09,361,108,balanced
Central California Food Bank,Fresno,Sugar,dry,340,bags,2026-02-28,730,2028-02-28,717,30,surplus
Alameda County Community Food Bank,Oakland,Bananas,produce,344,lbs,2026-02-19,7,2026-02-26,-15,63,surplus
Food Bank of Contra Costa and Solano,Concord,Canned chickpeas,canned,55,cans,2026-03-01,730,2028-02-29,718,118,shortage
Second Harvest of Silicon Valley,San Jose,Almond butter,dry,246,jars,2026-02-27,365,2027-02-27,351,120,balanced
Los Angeles Regional Food Bank,Los Angeles,Sugar,dry,81,bags,2026-02-26,730,2028-02-26,715,89,shortage
Food Bank of Contra Costa and Solano,Concord,Canned black beans,canned,293,cans,2026-03-11,730,2028-03-10,728,27,surplus
Alameda County Community Food Bank,Oakland,Frozen vegetables mix,protein,81,bags,2026-03-01,365,2027-03-01,353,109,shortage
Central California Food Bank,Fresno,Brown rice,dry,338,bags,2026-02-25,365,2027-02-25,349,90,surplus
Yolo Food Bank,Woodland,Apples,produce,156,lbs,2026-02-27,21,2026-03-20,7,103,balanced
San Francisco-Marin Food Bank,San Francisco,Potatoes,produce,198,lbs,2026-02-25,30,2026-03-27,14,118,balanced
Sacramento Food Bank & Family Services,Sacramento,Canned salmon,canned,110,cans,2026-02-24,730,2028-02-24,713,81,balanced
Central California Food Bank,Fresno,Frozen berries,protein,39,bags,2026-03-01,365,2027-03-01,353,120,shortage
Food Bank of Contra Costa and Solano,Concord,Canned corn,canned,153,cans,2026-02-20,730,2028-02-20,709,63,balanced
Central California Food Bank,Fresno,Canned peas,canned,327,cans,2026-03-10,730,2028-03-09,727,66,surplus
Alameda County Community Food Bank,Oakland,Chicken breast frozen,protein,322,packs,2026-02-26,180,2026-08-25,165,89,surplus
Los Angeles Regional Food Bank,Los Angeles,Canned soup,canned,159,cans,2026-02-16,540,2027-08-10,515,26,surplus
Los Angeles Regional Food Bank,Los Angeles,Chicken breast frozen,protein,55,packs,2026-02-17,180,2026-08-16,156,20,balanced
Yolo Food Bank,Woodland,Avocados,produce,365,units,2026-02-21,7,2026-02-28,-13,116,surplus
Central California Food Bank,Fresno,Chicken breast frozen,protein,129,packs,2026-02-27,180,2026-08-26,166,39,surplus
Food Bank of Contra Costa and Solano,Concord,Brown rice,dry,196,bags,2026-02-25,365,2027-02-25,349,82,balanced
Yolo Food Bank,Woodland,Peanut butter,dry,286,jars,2026-02-21,365,2027-02-21,345,97,balanced
Los Angeles Regional Food Bank,Los Angeles,Milk gallons,dairy,397,gallons,2026-02-27,10,2026-03-09,-4,87,surplus
Central California Food Bank,Fresno,Canned black beans,canned,341,cans,2026-03-07,730,2028-03-06,724,26,surplus
San Francisco-Marin Food Bank,San Francisco,Avocados,produce,240,units,2026-02-21,7,2026-02-28,-13,114,balanced
Yolo Food Bank,Woodland,Canned salmon,canned,319,cans,2026-02-23,730,2028-02-23,712,98,surplus
Sacramento Food Bank & Family Services,Sacramento,Almond butter,dry,223,jars,2026-02-18,365,2027-02-18,342,104,balanced
Los Angeles Regional Food Bank,Los Angeles,Oatmeal,dry,32,boxes,2026-02-25,365,2027-02-25,349,40,shortage
Second Harvest Food Bank of Orange County,Irvine,Canned peas,canned,324,cans,2026-03-10,730,2028-03-09,727,79,surplus
Sacramento Food Bank & Family Services,Sacramento,Potatoes,produce,208,lbs,2026-03-08,30,2026-04-07,25,109,balanced
Los Angeles Regional Food Bank,Los Angeles,Canned soup,canned,335,cans,2026-03-11,540,2027-09-02,538,93,surplus
Second Harvest Food Bank of Orange County,Irvine,Peanut butter,dry,167,jars,2026-03-11,365,2027-03-11,363,76,balanced
Yolo Food Bank,Woodland,Pasta,dry,234,boxes,2026-03-12,730,2028-03-11,729,37,surplus
Second Harvest of Silicon Valley,San Jose,Tomatoes,produce,143,lbs,2026-03-08,10,2026-03-18,5,75,balanced
Los Angeles Regional Food Bank,Los Angeles,Spaghetti,dry,180,boxes,2026-03-01,730,2028-02-29,718,114,balanced
Second Harvest of Silicon Valley,San Jose,Canned salmon,canned,344,cans,2026-03-04,730,2028-03-03,721,96,surplus
Central California Food Bank,Fresno,Macaroni,dry,307,boxes,2026-03-10,730,2028-03-09,727,84,surplus
Second Harvest of Silicon Valley,San Jose,Cheese blocks,dairy,126,blocks,2026-03-11,30,2026-04-10,28,111,balanced
Yolo Food Bank,Woodland,Oatmeal,dry,378,boxes,2026-03-05,365,2027-03-05,357,47,surplus
Sacramento Food Bank & Family Services,Sacramento,Canned salmon,canned,38,cans,2026-03-10,730,2028-03-09,727,42,shortage
Second Harvest Food Bank of Orange County,Irvine,Oatmeal,dry,39,boxes,2026-03-13,365,2027-03-13,365,31,balanced
Food Bank of Contra Costa and Solano,Concord,Onions,produce,179,lbs,2026-03-04,30,2026-04-03,21,93,balanced
Food Bank of Contra Costa and Solano,Concord,Canned carrots,canned,50,cans,2026-02-20,730,2028-02-20,709,22,balanced
Yolo Food Bank,Woodland,Canned tomatoes,canned,307,cans,2026-02-26,730,2028-02-26,715,77,surplus
Second Harvest of Silicon Valley,San Jose,Brown rice,dry,236,bags,2026-02-16,365,2027-02-16,340,69,surplus
Second Harvest of Silicon Valley,San Jose,Canned peas,canned,219,cans,2026-02-20,730,2028-02-20,709,97,balanced
Central California Food Bank,Fresno,Cheese blocks,dairy,123,blocks,2026-03-03,30,2026-04-02,20,72,balanced
Los Angeles Regional Food Bank,Los Angeles,Sugar,dry,284,bags,2026-03-05,730,2028-03-04,722,46,surplus
San Francisco-Marin Food Bank,San Francisco,Egg cartons,dairy,342,cartons,2026-02-18,21,2026-03-11,-2,104,surplus
Second Harvest Food Bank of Orange County,Irvine,Bell peppers,produce,288,lbs,2026-02-17,10,2026-02-27,-14,98,balanced
Second Harvest of Silicon Valley,San Jose,Yogurt cups,dairy,84,cups,2026-02-25,21,2026-03-18,5,29,balanced
Second Harvest Food Bank of Orange County,Irvine,Canned tomatoes,canned,389,cans,2026-03-05,730,2028-03-04,722,32,surplus
Sacramento Food Bank & Family Services,Sacramento,Oatmeal,dry,356,boxes,2026-03-13,365,2027-03-13,365,118,surplus
Yolo Food Bank,Woodland,Spaghetti,dry,77,boxes,2026-02-19,730,2028-02-19,708,51,balanced
Alameda County Community Food Bank,Oakland,Avocados,produce,180,units,2026-02-27,7,2026-03-06,-7,76,balanced
Second Harvest Food Bank of Orange County,Irvine,Almond butter,dry,104,jars,2026-02-20,365,2027-02-20,344,87,balanced
Sacramento Food Bank & Family Services,Sacramento,Avocados,produce,119,units,2026-02-28,7,2026-03-07,-6,70,balanced
Sacramento Food Bank & Family Services,Sacramento,Peanut butter,dry,222,jars,2026-03-05,365,2027-03-05,357,61,surplus
Second Harvest Food Bank of Orange County,Irvine,Canned soup,canned,362,cans,2026-02-19,540,2027-08-13,518,101,surplus
Food Bank of Contra Costa and Solano,Concord,Bananas,produce,182,lbs,2026-03-07,7,2026-03-14,1,45,surplus
Feeding San Diego,San Diego,Potatoes,produce,166,lbs,2026-02-28,30,2026-03-30,17,105,balanced
Feeding San Diego,San Diego,Almond butter,dry,105,jars,2026-02-16,365,2027-02-16,340,39,balanced
Second Harvest Food Bank of Orange County,Irvine,Oranges,produce,91,lbs,2026-02-19,14,2026-03-05,-8,97,shortage
Yolo Food Bank,Woodland,Carrots fresh,produce,291,lbs,2026-02-18,21,2026-03-11,-2,70,surplus
Sacramento Food Bank & Family Services,Sacramento,Canned black beans,canned,394,cans,2026-03-06,730,2028-03-05,723,56,surplus
Feeding San Diego,San Diego,Sugar,dry,168,bags,2026-03-13,730,2028-03-12,730,86,balanced
Alameda County Community Food Bank,Oakland,Canned peas,canned,245,cans,2026-03-04,730,2028-03-03,721,93,balanced
Yolo Food Bank,Woodland,Oranges,produce,182,lbs,2026-03-09,14,2026-03-23,10,34,surplus
Sacramento Food Bank & Family Services,Sacramento,Pasta,dry,98,boxes,2026-02-16,730,2028-02-16,705,63,balanced
Feeding San Diego,San Diego,Chicken breast frozen,protein,231,packs,2026-03-03,180,2026-08-30,170,103,balanced
Food Bank of Contra Costa and Solano,Concord,Canned corn,canned,173,cans,2026-02-21,730,2028-02-21,710,25,surplus
Second Harvest Food Bank of Orange County,Irvine,Milk gallons,dairy,34,gallons,2026-02-20,10,2026-03-02,-11,88,shortage
Los Angeles Regional Food Bank,Los Angeles,Canned beans,canned,64,cans,2026-02-20,730,2028-02-20,709,116,shortage
Food Bank of Contra Costa and Solano,Concord,Canned peas,canned,74,cans,2026-02-17,730,2028-02-17,706,24,surplus
Second Harvest of Silicon Valley,San Jose,Bell peppers,produce,258,lbs,2026-02-21,10,2026-03-03,-10,59,surplus
Yolo Food Bank,Woodland,Broccoli,produce,226,lbs,2026-02-20,7,2026-02-27,-14,103,balanced
Second Harvest of Silicon Valley,San Jose,Canned beans,canned,29,cans,2026-03-10,730,2028-03-09,727,61,shortage
Alameda County Community Food Bank,Oakland,Canned chickpeas,canned,356,cans,2026-02-28,730,2028-02-28,717,102,surplus
Food Bank of Contra Costa and Solano,Concord,Canned chickpeas,canned,73,cans,2026-02-20,730,2028-02-20,709,118,shortage
Los Angeles Regional Food Bank,Los Angeles,Pasta,dry,358,boxes,2026-02-16,730,2028-02-16,705,90,surplus
Sacramento Food Bank & Family Services,Sacramento,Peanut butter,dry,187,jars,2026-03-02,365,2027-03-02,354,82,balanced
Central California Food Bank,Fresno,Canned peas,canned,137,cans,2026-03-07,730,2028-03-06,724,117,balanced
Food Bank of Contra Costa and Solano,Concord,Flour,dry,105,bags,2026-03-06,365,2027-03-06,358,118,shortage
Feeding San Diego,San Diego,Carrots fresh,produce,364,lbs,2026-02-18,21,2026-03-11,-2,79,surplus
Sacramento Food Bank & Family Services,Sacramento,Lettuce,produce,289,heads,2026-02-24,10,2026-03-06,-7,20,surplus
Food Bank of Contra Costa and Solano,Concord,Spinach,produce,239,bags,2026-02-23,7,2026-03-02,-11,61,surplus
Feeding San Diego,San Diego,Canned green beans,canned,325,cans,2026-02-17,730,2028-02-17,706,64,surplus
Second Harvest Food Bank of Orange County,Irvine,Ground turkey frozen,protein,208,packs,2026-02-20,180,2026-08-19,159,23,surplus
Food Bank of Contra Costa and Solano,Concord,Bell peppers,produce,255,lbs,2026-03-03,10,2026-03-13,0,29,surplus
San Francisco-Marin Food Bank,San Francisco,Cheese blocks,dairy,30,blocks,2026-02-20,30,2026-03-22,9,113,shortage
Second Harvest Food Bank of Orange County,Irvine,Canned peas,canned,280,cans,2026-03-12,730,2028-03-11,729,39,surplus
Feeding San Diego,San Diego,Chicken breast frozen,protein,22,packs,2026-02-28,180,2026-08-27,167,32,shortage
Feeding San Diego,San Diego,Canned black beans,canned,101,cans,2026-03-02,730,2028-03-01,719,89,balanced
Feeding San Diego,San Diego,Milk gallons,dairy,368,gallons,2026-03-05,10,2026-03-15,2,38,surplus
San Francisco-Marin Food Bank,San Francisco,Spinach,produce,85,bags,2026-02-26,7,2026-03-05,-8,41,balanced
Second Harvest Food Bank of Orange County,Irvine,Pasta,dry,106,boxes,2026-02-20,730,2028-02-20,709,102,balanced
Central California Food Bank,Fresno,Cheese blocks,dairy,159,blocks,2026-03-11,30,2026-04-10,28,50,surplus
Los Angeles Regional Food Bank,Los Angeles,Cereal,dry,22,boxes,2026-02-27,180,2026-08-26,166,116,shortage
Central California Food Bank,Fresno,Egg cartons,dairy,371,cartons,2026-03-10,21,2026-03-31,18,69,surplus
San Francisco-Marin Food Bank,San Francisco,Cereal,dry,126,boxes,2026-03-08,180,2026-09-04,175,57,balanced
Central California Food Bank,Fresno,Pasta,dry,61,boxes,2026-03-11,730,2028-03-10,728,96,shortage
Sacramento Food Bank & Family Services,Sacramento,Canned soup,canned,256,cans,2026-03-04,540,2027-08-26,531,91,balanced
Central California Food Bank,Fresno,Yogurt cups,dairy,59,cups,2026-03-06,21,2026-03-27,14,69,shortage
Food Bank of Contra Costa and Solano,Concord,Lettuce,produce,364,heads,2026-02-16,10,2026-02-26,-15,22,surplus
San Francisco-Marin Food Bank,San Francisco,Canned black beans,canned,319,cans,2026-02-23,730,2028-02-23,712,44,surplus
Los Angeles Regional Food Bank,Los Angeles,Frozen vegetables mix,protein,13,bags,2026-02-26,365,2027-02-26,350,83,shortage
Sacramento Food Bank & Family Services,Sacramento,Sugar,dry,193,bags,2026-02-28,730,2028-02-28,717,26,surplus
Feeding San Diego,San Diego,Almond butter,dry,213,jars,2026-03-04,365,2027-03-04,356,118,balanced
Alameda County Community Food Bank,Oakland,Carrots fresh,produce,215,lbs,2026-03-03,21,2026-03-24,11,43,surplus
Alameda County Community Food Bank,Oakland,Frozen vegetables mix,protein,87,bags,2026-02-25,365,2027-02-25,349,106,shortage
Sacramento Food Bank & Family Services,Sacramento,Cheese blocks,dairy,199,blocks,2026-02-20,30,2026-03-22,9,71,balanced
San Francisco-Marin Food Bank,San Francisco,Brown rice,dry,30,bags,2026-03-07,365,2027-03-07,359,81,shortage
Sacramento Food Bank & Family Services,Sacramento,Carrots fresh,produce,20,lbs,2026-03-01,21,2026-03-22,9,48,shortage
San Francisco-Marin Food Bank,San Francisco,Milk gallons,dairy,302,gallons,2026-03-13,10,2026-03-23,10,61,surplus
Central California Food Bank,Fresno,Almond butter,dry,168,jars,2026-02-19,365,2027-02-19,343,47,surplus
Alameda County Community Food Bank,Oakland,Yogurt cups,dairy,65,cups,2026-02-21,21,2026-03-14,1,34,balanced
Second Harvest of Silicon Valley,San Jose,Potatoes,produce,102,lbs,2026-03-10,30,2026-04-09,27,56,balanced
Alameda County Community Food Bank,Oakland,Bananas,produce,96,lbs,2026-03-05,7,2026-03-12,-1,112,shortage
Second Harvest of Silicon Valley,San Jose,Onions,produce,323,lbs,2026-02-20,30,2026-03-22,9,100,surplus
Second Harvest of Silicon Valley,San Jose,Potatoes,produce,106,lbs,2026-03-13,30,2026-04-12,30,52,balanced
Feeding San Diego,San Diego,Pasta,dry,337,boxes,2026-03-08,730,2028-03-07,725,86,surplus
Alameda County Community Food Bank,Oakland,Lentils,dry,63,bags,2026-03-13,730,2028-03-12,730,26,balanced
Yolo Food Bank,Woodland,Butter,dairy,96,packs,2026-02-24,60,2026-04-25,43,53,balanced
Feeding San Diego,San Diego,Canned carrots,canned,139,cans,2026-02-26,730,2028-02-26,715,114,balanced
Food Bank of Contra Costa and Solano,Concord,Canned black beans,canned,52,cans,2026-03-11,730,2028-03-10,728,113,shortage
Food Bank of Contra Costa and Solano,Concord,Chicken breast frozen,protein,347,packs,2026-03-09,180,2026-09-05,176,101,surplus
San Francisco-Marin Food Bank,San Francisco,Cereal,dry,86,boxes,2026-03-02,180,2026-08-29,169,61,balanced
Yolo Food Bank,Woodland,Canned tuna,canned,313,cans,2026-03-13,730,2028-03-12,730,40,surplus
Second Harvest of Silicon Valley,San Jose,Bell peppers,produce,295,lbs,2026-02-19,10,2026-03-01,-12,117,balanced
Feeding San Diego,San Diego,Canned beans,canned,184,cans,2026-03-07,730,2028-03-06,724,91,balanced
Los Angeles Regional Food Bank,Los Angeles,Macaroni,dry,274,boxes,2026-02-27,730,2028-02-27,716,93,balanced
San Francisco-Marin Food Bank,San Francisco,Cheese blocks,dairy,299,blocks,2026-03-01,30,2026-03-31,18,49,surplus
Alameda County Community Food Bank,Oakland,Ground turkey frozen,protein,359,packs,2026-03-07,180,2026-09-03,174,118,surplus
Los Angeles Regional Food Bank,Los Angeles,Cereal,dry,111,boxes,2026-03-10,180,2026-09-06,177,22,surplus
Los Angeles Regional Food Bank,Los Angeles,Bananas,produce,34,lbs,2026-03-10,7,2026-03-17,4,83,shortage
Food Bank of Contra Costa and Solano,Concord,Pasta,dry,69,boxes,2026-02-20,730,2028-02-20,709,59,balanced
San Francisco-Marin Food Bank,San Francisco,Yogurt cups,dairy,160,cups,2026-03-07,21,2026-03-28,15,71,balanced
Sacramento Food Bank & Family Services,Sacramento,Frozen berries,protein,176,bags,2026-03-02,365,2027-03-02,354,105,balanced
Food Bank of Contra Costa and Solano,Concord,Tomatoes,produce,199,lbs,2026-02-24,10,2026-03-06,-7,37,surplus
Yolo Food Bank,Woodland,Frozen berries,protein,275,bags,2026-02-25,365,2027-02-25,349,58,surplus
Yolo Food Bank,Woodland,Canned tuna,canned,64,cans,2026-03-03,730,2028-03-02,720,82,shortage
Sacramento Food Bank & Family Services,Sacramento,Canned beans,canned,372,cans,2026-03-09,730,2028-03-08,726,91,surplus
Feeding San Diego,San Diego,Tomatoes,produce,192,lbs,2026-03-08,10,2026-03-18,5,26,surplus
Yolo Food Bank,Woodland,Oranges,produce,221,lbs,2026-02-17,14,2026-03-03,-10,27,surplus
Central California Food Bank,Fresno,Canned peas,canned,94,cans,2026-02-19,730,2028-02-19,708,50,balanced
Second Harvest of Silicon Valley,San Jose,Cereal,dry,57,boxes,2026-03-09,180,2026-09-05,176,90,shortage
Sacramento Food Bank & Family Services,Sacramento,Cereal,dry,200,boxes,2026-03-13,180,2026-09-09,180,76,balanced
San Francisco-Marin Food Bank,San Francisco,Canned tomatoes,canned,230,cans,2026-03-06,730,2028-03-05,723,100,balanced
Second Harvest of Silicon Valley,San Jose,Egg cartons,dairy,130,cartons,2026-03-07,21,2026-03-28,15,73,balanced
Second Harvest Food Bank of Orange County,Irvine,Canned salmon,canned,363,cans,2026-02-24,730,2028-02-24,713,60,surplus
Feeding San Diego,San Diego,Frozen berries,protein,345,bags,2026-03-04,365,2027-03-04,356,79,surplus
Feeding San Diego,San Diego,Oranges,produce,264,lbs,2026-03-13,14,2026-03-27,14,109,balanced
Feeding San Diego,San Diego,Bananas,produce,213,lbs,2026-03-07,7,2026-03-14,1,39,surplus
Alameda County Community Food Bank,Oakland,Lettuce,produce,244,heads,2026-03-07,10,2026-03-17,4,24,surplus
Central California Food Bank,Fresno,Oranges,produce,258,lbs,2026-02-20,14,2026-03-06,-7,85,surplus
Second Harvest of Silicon Valley,San Jose,Potatoes,produce,248,lbs,2026-02-21,30,2026-03-23,10,33,surplus
Second Harvest of Silicon Valley,San Jose,Canned chickpeas,canned,211,cans,2026-03-01,730,2028-02-29,718,114,balanced
Sacramento Food Bank & Family Services,Sacramento,Canned peas,canned,273,cans,2026-02-24,730,2028-02-24,713,97,balanced
Food Bank of Contra Costa and Solano,Concord,Canned green beans,canned,209,cans,2026-02-23,730,2028-02-23,712,22,surplus
Alameda County Community Food Bank,Oakland,Canned green beans,canned,124,cans,2026-02-17,730,2028-02-17,706,86,balanced
Sacramento Food Bank & Family Services,Sacramento,Spinach,produce,37,bags,2026-02-16,7,2026-02-23,-18,56,shortage
Feeding San Diego,San Diego,Almond butter,dry,390,jars,2026-02-21,365,2027-02-21,345,77,surplus
Los Angeles Regional Food Bank,Los Angeles,Canned peas,canned,160,cans,2026-03-07,730,2028-03-06,724,89,balanced
Alameda County Community Food Bank,Oakland,Pasta,dry,146,boxes,2026-02-21,730,2028-02-21,710,113,balanced
San Francisco-Marin Food Bank,San Francisco,Canned carrots,canned,228,cans,2026-03-11,730,2028-03-10,728,69,surplus
Sacramento Food Bank & Family Services,Sacramento,Potatoes,produce,118,lbs,2026-03-13,30,2026-04-12,30,114,balanced
Los Angeles Regional Food Bank,Los Angeles,Oatmeal,dry,149,boxes,2026-03-05,365,2027-03-05,357,34,surplus
Feeding San Diego,San Diego,Canned peas,canned,218,cans,2026-02-28,730,2028-02-28,717,78,balanced
Feeding San Diego,San Diego,Sugar,dry,310,bags,2026-02-28,730,2028-02-28,717,41,surplus
Food Bank of Contra Costa and Solano,Concord,Avocados,produce,227,units,2026-03-02,7,2026-03-09,-4,82,balanced
Yolo Food Bank,Woodland,Egg cartons,dairy,20,cartons,2026-02-21,21,2026-03-14,1,22,shortage
Yolo Food Bank,Woodland,Avocados,produce,351,units,2026-03-05,7,2026-03-12,-1,38,surplus
San Francisco-Marin Food Bank,San Francisco,Sugar,dry,73,bags,2026-02-27,730,2028-02-27,716,34,balanced
Second Harvest of Silicon Valley,San Jose,Canned beans,canned,314,cans,2026-02-25,730,2028-02-25,714,27,surplus
Second Harvest Food Bank of Orange County,Irvine,Chicken breast frozen,protein,243,packs,2026-03-02,180,2026-08-29,169,112,balanced
Alameda County Community Food Bank,Oakland,Avocados,produce,253,units,2026-03-01,7,2026-03-08,-5,114,balanced
Los Angeles Regional Food Bank,Los Angeles,Frozen vegetables mix,protein,252,bags,2026-02-25,365,2027-02-25,349,107,balanced
Sacramento Food Bank & Family Services,Sacramento,Apples,produce,229,lbs,2026-02-23,21,2026-03-16,3,97,balanced
Yolo Food Bank,Woodland,Milk gallons,dairy,378,gallons,2026-02-18,10,2026-02-28,-13,24,surplus
Second Harvest Food Bank of Orange County,Irvine,Cereal,dry,46,boxes,2026-02-23,180,2026-08-22,162,24,balanced
Los Angeles Regional Food Bank,Los Angeles,Canned black beans,canned,377,cans,2026-03-01,730,2028-02-29,718,120,surplus
Second Harvest Food Bank of Orange County,Irvine,Avocados,produce,82,units,2026-02-28,7,2026-03-07,-6,43,balanced
Second Harvest of Silicon Valley,San Jose,Butter,dairy,139,packs,2026-02-19,60,2026-04-20,38,119,balanced
San Francisco-Marin Food Bank,San Francisco,Canned tuna,canned,91,cans,2026-03-04,730,2028-03-03,721,31,balanced
Alameda County Community Food Bank,Oakland,Lentils,dry,26,bags,2026-02-22,730,2028-02-22,711,101,shortage
Feeding San Diego,San Diego,Macaroni,dry,64,boxes,2026-02-25,730,2028-02-25,714,110,shortage
San Francisco-Marin Food Bank,San Francisco,Canned carrots,canned,71,cans,2026-02-27,730,2028-02-27,716,104,shortage
Los Angeles Regional Food Bank,Los Angeles,Canned corn,canned,126,cans,2026-03-09,730,2028-03-08,726,63,balanced
Second Harvest Food Bank of Orange County,Irvine,Frozen berries,protein,38,bags,2026-03-12,365,2027-03-12,364,64,shortage
Yolo Food Bank,Woodland,Yogurt cups,dairy,18,cups,2026-02-23,21,2026-03-16,3,41,shortage
Central California Food Bank,Fresno,Pasta,dry,183,boxes,2026-03-09,730,2028-03-08,726,114,balanced
Second Harvest Food Bank of Orange County,Irvine,Potatoes,produce,61,lbs,2026-02-25,30,2026-03-27,14,26,balanced
San Francisco-Marin Food Bank,San Francisco,Egg cartons,dairy,81,cartons,2026-02-26,21,2026-03-19,6,64,balanced
Feeding San Diego,San Diego,Frozen berries,protein,182,bags,2026-03-08,365,2027-03-08,360,40,surplus
Alameda County Community Food Bank,Oakland,Spinach,produce,276,bags,2026-03-04,7,2026-03-11,-2,85,surplus
Second Harvest Food Bank of Orange County,Irvine,Bell peppers,produce,366,lbs,2026-03-06,10,2026-03-16,3,84,surplus
San Francisco-Marin Food Bank,San Francisco,Frozen berries,protein,336,bags,2026-03-08,365,2027-03-08,360,62,surplus
Second Harvest Food Bank of Orange County,Irvine,Macaroni,dry,82,boxes,2026-03-13,730,2028-03-12,730,78,balanced
San Francisco-Marin Food Bank,San Francisco,Macaroni,dry,260,boxes,2026-03-01,730,2028-02-29,718,30,surplus
Alameda County Community Food Bank,Oakland,Broccoli,produce,143,lbs,2026-03-09,7,2026-03-16,3,24,surplus
Yolo Food Bank,Woodland,Avocados,produce,244,units,2026-03-03,7,2026-03-10,-3,45,surplus
Central California Food Bank,Fresno,Oranges,produce,283,lbs,2026-03-11,14,2026-03-25,12,70,surplus
Central California Food Bank,Fresno,Oranges,produce,394,lbs,2026-02-16,14,2026-03-02,-11,53,surplus
Second Harvest Food Bank of Orange County,Irvine,Canned tuna,canned,274,cans,2026-03-10,730,2028-03-09,727,107,balanced
Feeding San Diego,San Diego,Peanut butter,dry,171,jars,2026-02-28,365,2027-02-28,352,118,balanced
Sacramento Food Bank & Family Services,Sacramento,Broccoli,produce,335,lbs,2026-03-07,7,2026-03-14,1,111,surplus
Food Bank of Contra Costa and Solano,Concord,Potatoes,produce,32,lbs,2026-03-08,30,2026-04-07,25,58,shortage
Feeding San Diego,San Diego,Canned carrots,canned,350,cans,2026-02-20,730,2028-02-20,709,58,surplus
San Francisco-Marin Food Bank,San Francisco,Spaghetti,dry,220,boxes,2026-02-16,730,2028-02-16,705,97,balanced
Second Harvest Food Bank of Orange County,Irvine,Egg cartons,dairy,203,cartons,2026-02-19,21,2026-03-12,-1,42,surplus
Central California Food Bank,Fresno,Oatmeal,dry,51,boxes,2026-02-22,365,2027-02-22,346,40,balanced
Central California Food Bank,Fresno,Cheese blocks,dairy,249,blocks,2026-03-05,30,2026-04-04,22,81,surplus
Sacramento Food Bank & Family Services,Sacramento,Spaghetti,dry,222,boxes,2026-03-02,730,2028-03-01,719,101,balanced
Central California Food Bank,Fresno,Bell peppers,produce,369,lbs,2026-03-01,10,2026-03-11,-2,53,surplus
Los Angeles Regional Food Bank,Los Angeles,Brown rice,dry,350,bags,2026-02-24,365,2027-02-24,348,46,surplus
Sacramento Food Bank & Family Services,Sacramento,Canned carrots,canned,17,cans,2026-03-13,730,2028-03-12,730,37,shortage
San Francisco-Marin Food Bank,San Francisco,Sugar,dry,80,bags,2026-03-11,730,2028-03-10,728,35,balanced
Second Harvest Food Bank of Orange County,Irvine,Peanut butter,dry,394,jars,2026-03-01,365,2027-03-01,353,83,surplus
Feeding San Diego,San Diego,Egg cartons,dairy,234,cartons,2026-02-18,21,2026-03-11,-2,23,surplus
Sacramento Food Bank & Family Services,Sacramento,Avocados,produce,253,units,2026-02-27,7,2026-03-06,-7,101,balanced
Yolo Food Bank,Woodland,Bell peppers,produce,109,lbs,2026-03-02,10,2026-03-12,-1,80,balanced
Yolo Food Bank,Woodland,Avocados,produce,89,units,2026-03-04,7,2026-03-11,-2,77,balanced
Yolo Food Bank,Woodland,Butter,dairy,259,packs,2026-03-01,60,2026-04-30,48,99,balanced
Yolo Food Bank,Woodland,Yogurt cups,dairy,398,cups,2026-03-01,21,2026-03-22,9,113,surplus
Los Angeles Regional Food Bank,Los Angeles,Macaroni,dry,387,boxes,2026-02-27,730,2028-02-27,716,60,surplus
San Francisco-Marin Food Bank,San Francisco,Canned corn,canned,306,cans,2026-03-08,730,2028-03-07,725,62,surplus
Feeding San Diego,San Diego,Canned peas,canned,343,cans,2026-03-02,730,2028-03-01,719,62,surplus
Second Harvest of Silicon Valley,San Jose,Frozen vegetables mix,protein,359,bags,2026-02-17,365,2027-02-17,341,90,surplus
Second Harvest of Silicon Valley,San Jose,Frozen berries,protein,81,bags,2026-03-12,365,2027-03-12,364,42,balanced
Food Bank of Contra Costa and Solano,Concord,Spinach,produce,192,bags,2026-02-25,7,2026-03-04,-9,20,surplus
Feeding San Diego,San Diego,Broccoli,produce,241,lbs,2026-02-21,7,2026-02-28,-13,70,surplus
Second Harvest Food Bank of Orange County,Irvine,Milk gallons,dairy,150,gallons,2026-03-08,10,2026-03-18,5,22,surplus
Food Bank of Contra Costa and Solano,Concord,Canned tuna,canned,134,cans,2026-02-27,730,2028-02-27,716,49,balanced
Central California Food Bank,Fresno,Bell peppers,produce,13,lbs,2026-02-17,10,2026-02-27,-14,116,shortage
Sacramento Food Bank & Family Services,Sacramento,Yogurt cups,dairy,156,cups,2026-02-19,21,2026-03-12,-1,32,surplus
Second Harvest of Silicon Valley,San Jose,Oatmeal,dry,240,boxes,2026-02-20,365,2027-02-20,344,107,balanced
Second Harvest of Silicon Valley,San Jose,Canned tomatoes,canned,88,cans,2026-03-09,730,2028-03-08,726,68,balanced
Alameda County Community Food Bank,Oakland,Lentils,dry,118,bags,2026-03-12,730,2028-03-11,729,23,surplus
San Francisco-Marin Food Bank,San Francisco,Canned beans,canned,324,cans,2026-02-27,730,2028-02-27,716,84,surplus
Yolo Food Bank,Woodland,Peanut butter,dry,88,jars,2026-03-05,365,2027-03-05,357,26,surplus
Food Bank of Contra Costa and Solano,Concord,Frozen berries,protein,46,bags,2026-03-07,365,2027-03-07,359,75,shortage
Sacramento Food Bank & Family Services,Sacramento,Tomatoes,produce,292,lbs,2026-03-10,10,2026-03-20,7,70,surplus
Yolo Food Bank,Woodland,Frozen berries,protein,284,bags,2026-02-28,365,2027-02-28,352,66,surplus
Food Bank of Contra Costa and Solano,Concord,Flour,dry,313,bags,2026-02-20,365,2027-02-20,344,49,surplus
Food Bank of Contra Costa and Solano,Concord,Pasta,dry,385,boxes,2026-03-08,730,2028-03-07,725,111,surplus
Central California Food Bank,Fresno,Bananas,produce,386,lbs,2026-03-07,7,2026-03-14,1,22,surplus
Feeding San Diego,San Diego,Canned soup,canned,200,cans,2026-02-22,540,2027-08-16,521,81,balanced
Sacramento Food Bank & Family Services,Sacramento,Sugar,dry,253,bags,2026-03-06,730,2028-03-05,723,59,surplus
Food Bank of Contra Costa and Solano,Concord,Canned soup,canned,375,cans,2026-03-10,540,2027-09-01,537,100,surplus
Alameda County Community Food Bank,Oakland,Canned corn,canned,166,cans,2026-02-28,730,2028-02-28,717,80,balanced
Second Harvest Food Bank of Orange County,Irvine,Butter,dairy,250,packs,2026-02-23,60,2026-04-24,42,80,surplus
Central California Food Bank,Fresno,Cheese blocks,dairy,55,blocks,2026-02-21,30,2026-03-23,10,117,shortage
Alameda County Community Food Bank,Oakland,Chicken breast frozen,protein,206,packs,2026-02-21,180,2026-08-20,160,104,balanced
San Francisco-Marin Food Bank,San Francisco,Onions,produce,344,lbs,2026-02-28,30,2026-03-30,17,37,surplus
Second Harvest of Silicon Valley,San Jose,Spinach,produce,332,bags,2026-02-26,7,2026-03-05,-8,57,surplus
San Francisco-Marin Food Bank,San Francisco,Broccoli,produce,24,lbs,2026-03-01,7,2026-03-08,-5,104,shortage
Second Harvest Food Bank of Orange County,Irvine,Broccoli,produce,393,lbs,2026-03-13,7,2026-03-20,7,70,surplus
Alameda County Community Food Bank,Oakland,Oatmeal,dry,266,boxes,2026-02-22,365,2027-02-22,346,28,surplus
San Francisco-Marin Food Bank,San Francisco,Flour,dry,101,bags,2026-02-16,365,2027-02-16,340,71,balanced
San Francisco-Marin Food Bank,San Francisco,Ground turkey frozen,protein,314,packs,2026-02-23,180,2026-08-22,162,47,surplus
Second Harvest of Silicon Valley,San Jose,Canned tomatoes,canned,376,cans,2026-03-09,730,2028-03-08,726,35,surplus
Yolo Food Bank,Woodland,Rice 5lb bag,dry,46,bags,2026-03-11,730,2028-03-10,728,104,shortage
Second Harvest of Silicon Valley,San Jose,Broccoli,produce,399,lbs,2026-03-11,7,2026-03-18,5,98,surplus
Alameda County Community Food Bank,Oakland,Frozen berries,protein,56,bags,2026-02-17,365,2027-02-17,341,50,balanced
Central California Food Bank,Fresno,Onions,produce,314,lbs,2026-03-10,30,2026-04-09,27,68,surplus
Second Harvest of Silicon Valley,San Jose,Canned tomatoes,canned,220,cans,2026-02-23,730,2028-02-23,712,76,balanced
San Francisco-Marin Food Bank,San Francisco,Potatoes,produce,251,lbs,2026-02-17,30,2026-03-19,6,102,balanced
Alameda County Community Food Bank,Oakland,Canned corn,canned,109,cans,2026-02-22,730,2028-02-22,711,60,balanced
Sacramento Food Bank & Family Services,Sacramento,Ground turkey frozen,protein,139,packs,2026-03-05,180,2026-09-01,172,71,balanced
Feeding San Diego,San Diego,Spinach,produce,95,bags,2026-02-17,7,2026-02-24,-17,75,balanced
Second Harvest of Silicon Valley,San Jose,Brown rice,dry,124,bags,2026-03-03,365,2027-03-03,355,46,balanced
Second Harvest of Silicon Valley,San Jose,Onions,produce,94,lbs,2026-02-16,30,2026-03-18,5,86,balanced
Yolo Food Bank,Woodland,Egg cartons,dairy,134,cartons,2026-03-02,21,2026-03-23,10,95,balanced
Sacramento Food Bank & Family Services,Sacramento,Bananas,produce,245,lbs,2026-03-12,7,2026-03-19,6,70,surplus
Yolo Food Bank,Woodland,Oatmeal,dry,261,boxes,2026-02-17,365,2027-02-17,341,116,balanced
Alameda County Community Food Bank,Oakland,Almond butter,dry,287,jars,2026-03-01,365,2027-03-01,353,109,balanced
Second Harvest of Silicon Valley,San Jose,Ground turkey frozen,protein,369,packs,2026-02-24,180,2026-08-23,163,44,surplus
Los Angeles Regional Food Bank,Los Angeles,Egg cartons,dairy,45,cartons,2026-03-07,21,2026-03-28,15,96,shortage
Sacramento Food Bank & Family Services,Sacramento,Rice 5lb bag,dry,142,bags,2026-03-01,730,2028-02-29,718,24,surplus
Second Harvest Food Bank of Orange County,Irvine,Spaghetti,dry,49,boxes,2026-02-28,730,2028-02-28,717,71,shortage
Second Harvest of Silicon Valley,San Jose,Canned salmon,canned,289,cans,2026-02-20,730,2028-02-20,709,41,surplus
Central California Food Bank,Fresno,Avocados,produce,309,units,2026-03-09,7,2026-03-16,3,47,surplus
Yolo Food Bank,Woodland,Canned carrots,canned,388,cans,2026-03-02,730,2028-03-01,719,85,surplus
Alameda County Community Food Bank,Oakland,Oatmeal,dry,74,boxes,2026-03-12,365,2027-03-12,364,73,balanced
Alameda County Community Food Bank,Oakland,Chicken breast frozen,protein,46,packs,2026-02-27,180,2026-08-26,166,46,balanced
Central California Food Bank,Fresno,Canned carrots,canned,399,cans,2026-02-25,730,2028-02-25,714,119,surplus
Second Harvest Food Bank of Orange County,Irvine,Canned tomatoes,canned,171,cans,2026-02-16,730,2028-02-16,705,117,balanced
San Francisco-Marin Food Bank,San Francisco,Egg cartons,dairy,11,cartons,2026-02-17,21,2026-03-10,-3,89,shortage
San Francisco-Marin Food Bank,San Francisco,Tomatoes,produce,238,lbs,2026-03-04,10,2026-03-14,1,54,surplus
Second Harvest of Silicon Valley,San Jose,Chicken breast frozen,protein,147,packs,2026-02-24,180,2026-08-23,163,79,balanced
Feeding San Diego,San Diego,Rice 5lb bag,dry,388,bags,2026-02-24,730,2028-02-24,713,46,surplus
Second Harvest of Silicon Valley,San Jose,Canned tomatoes,canned,144,cans,2026-03-10,730,2028-03-09,727,79,balanced
Yolo Food Bank,Woodland,Lentils,dry,243,bags,2026-03-10,730,2028-03-09,727,59,surplus
Food Bank of Contra Costa and Solano,Concord,Oranges,produce,21,lbs,2026-03-10,14,2026-03-24,11,76,shortage
Second Harvest Food Bank of Orange County,Irvine,Sugar,dry,235,bags,2026-02-19,730,2028-02-19,708,111,balanced
Los Angeles Regional Food Bank,Los Angeles,Bell peppers,produce,392,lbs,2026-03-10,10,2026-03-20,7,68,surplus
Second Harvest of Silicon Valley,San Jose,Canned soup,canned,292,cans,2026-03-09,540,2027-08-31,536,103,balanced
Food Bank of Contra Costa and Solano,Concord,Spinach,produce,157,bags,2026-02-24,7,2026-03-03,-10,26,surplus
Central California Food Bank,Fresno,Frozen berries,protein,33,bags,2026-02-22,365,2027-02-22,346,24,balanced
Los Angeles Regional Food Bank,Los Angeles,Broccoli,produce,231,lbs,2026-02-18,7,2026-02-25,-16,20,surplus
Second Harvest Food Bank of Orange County,Irvine,Canned chickpeas,canned,239,cans,2026-02-24,730,2028-02-24,713,52,surplus
Feeding San Diego,San Diego,Canned corn,canned,279,cans,2026-02-23,730,2028-02-23,712,89,surplus
San Francisco-Marin Food Bank,San Francisco,Pasta,dry,15,boxes,2026-02-22,730,2028-02-22,711,56,shortage
Second Harvest Food Bank of Orange County,Irvine,Canned tomatoes,canned,230,cans,2026-03-11,730,2028-03-10,728,34,surplus
Feeding San Diego,San Diego,Canned corn,canned,349,cans,2026-03-07,730,2028-03-06,724,115,surplus
Alameda County Community Food Bank,Oakland,Chicken breast frozen,protein,328,packs,2026-03-10,180,2026-09-06,177,77,surplus
Feeding San Diego,San Diego,Almond butter,dry,285,jars,2026-02-20,365,2027-02-20,344,97,balanced
Central California Food Bank,Fresno,Potatoes,produce,295,lbs,2026-03-05,30,2026-04-04,22,87,surplus
Los Angeles Regional Food Bank,Los Angeles,Pasta,dry,107,boxes,2026-03-01,730,2028-02-29,718,28,surplus
Yolo Food Bank,Woodland,Spinach,produce,235,bags,2026-02-18,7,2026-02-25,-16,45,surplus
Central California Food Bank,Fresno,Canned tuna,canned,400,cans,2026-02-20,730,2028-02-20,709,41,surplus
Yolo Food Bank,Woodland,Canned peas,canned,206,cans,2026-02-25,730,2028-02-25,714,56,surplus
San Francisco-Marin Food Bank,San Francisco,Yogurt cups,dairy,239,cups,2026-02-17,21,2026-03-10,-3,40,surplus
Alameda County Community Food Bank,Oakland,Canned carrots,canned,76,cans,2026-02-26,730,2028-02-26,715,70,balanced
Central California Food Bank,Fresno,Canned soup,canned,269,cans,2026-02-26,540,2027-08-20,525,40,surplus
Central California Food Bank,Fresno,Canned beans,canned,14,cans,2026-03-08,730,2028-03-07,725,39,shortage
Feeding San Diego,San Diego,Peanut butter,dry,359,jars,2026-02-24,365,2027-02-24,348,92,surplus
Alameda County Community Food Bank,Oakland,Canned peas,canned,292,cans,2026-03-02,730,2028-03-01,719,27,surplus
Feeding San Diego,San Diego,Lettuce,produce,239,heads,2026-02-18,10,2026-02-28,-13,75,surplus
Sacramento Food Bank & Family Services,Sacramento,Carrots fresh,produce,138,lbs,2026-02-22,21,2026-03-15,2,93,balanced
San Francisco-Marin Food Bank,San Francisco,Flour,dry,92,bags,2026-02-26,365,2027-02-26,350,87,balanced
Los Angeles Regional Food Bank,Los Angeles,Canned peas,canned,347,cans,2026-03-12,730,2028-03-11,729,46,surplus
Second Harvest Food Bank of Orange County,Irvine,Rice 5lb bag,dry,109,bags,2026-03-07,730,2028-03-06,724,57,balanced
Feeding San Diego,San Diego,Lentils,dry,198,bags,2026-02-20,730,2028-02-20,709,21,surplus
Second Harvest of Silicon Valley,San Jose,Canned tuna,canned,162,cans,2026-02-25,730,2028-02-25,714,42,surplus
Second Harvest of Silicon Valley,San Jose,Bananas,produce,123,lbs,2026-02-21,7,2026-02-28,-13,84,balanced
Los Angeles Regional Food Bank,Los Angeles,Canned black beans,canned,255,cans,2026-02-24,730,2028-02-24,713,118,balanced
Second Harvest Food Bank of Orange County,Irvine,Ground turkey frozen,protein,122,packs,2026-02-24,180,2026-08-23,163,106,balanced
Second Harvest Food Bank of Orange County,Irvine,Oranges,produce,26,lbs,2026-02-24,14,2026-03-10,-3,75,shortage
Alameda County Community Food Bank,Oakland,Onions,produce,13,lbs,2026-03-11,30,2026-04-10,28,120,shortage
Sacramento Food Bank & Family Services,Sacramento,Lentils,dry,69,bags,2026-03-01,730,2028-02-29,718,115,shortage
Second Harvest Food Bank of Orange County,Irvine,Broccoli,produce,352,lbs,2026-03-02,7,2026-03-09,-4,96,surplus
Central California Food Bank,Fresno,Spinach,produce,303,bags,2026-03-06,7,2026-03-13,0,87,surplus
Second Harvest of Silicon Valley,San Jose,Oatmeal,dry,108,boxes,2026-03-11,365,2027-03-11,363,45,balanced
Second Harvest of Silicon Valley,San Jose,Pasta,dry,59,boxes,2026-03-06,730,2028-03-05,723,117,shortage
Second Harvest of Silicon Valley,San Jose,Ground turkey frozen,protein,57,packs,2026-02-25,180,2026-08-24,164,102,shortage
San Francisco-Marin Food Bank,San Francisco,Canned salmon,canned,383,cans,2026-03-11,730,2028-03-10,728,72,surplus
Second Harvest of Silicon Valley,San Jose,Pasta,dry,214,boxes,2026-02-24,730,2028-02-24,713,37,surplus
Central California Food Bank,Fresno,Macaroni,dry,118,boxes,2026-03-06,730,2028-03-05,723,116,balanced
Second Harvest Food Bank of Orange County,Irvine,Canned carrots,canned,54,cans,2026-02-27,730,2028-02-27,716,44,balanced
Los Angeles Regional Food Bank,Los Angeles,Canned chickpeas,canned,379,cans,2026-03-09,730,2028-03-08,726,66,surplus
Sacramento Food Bank & Family Services,Sacramento,Onions,produce,386,lbs,2026-03-11,30,2026-04-10,28,37,surplus
Feeding San Diego,San Diego,Canned salmon,canned,376,cans,2026-03-03,730,2028-03-02,720,93,surplus
Central California Food Bank,Fresno,Milk gallons,dairy,167,gallons,2026-03-07,10,2026-03-17,4,60,balanced
Los Angeles Regional Food Bank,Los Angeles,Canned beans,canned,147,cans,2026-03-10,730,2028-03-09,727,87,balanced
Feeding San Diego,San Diego,Cereal,dry,40,boxes,2026-02-27,180,2026-08-26,166,76,shortage
Los Angeles Regional Food Bank,Los Angeles,Canned peas,canned,113,cans,2026-02-22,730,2028-02-22,711,96,balanced
Second Harvest of Silicon Valley,San Jose,Ground turkey frozen,protein,104,packs,2026-03-02,180,2026-08-29,169,113,shortage
Second Harvest Food Bank of Orange County,Irvine,Canned black beans,canned,60,cans,2026-03-01,730,2028-02-29,718,22,balanced
Second Harvest of Silicon Valley,San Jose,Oranges,produce,394,lbs,2026-03-03,14,2026-03-17,4,89,surplus
Food Bank of Contra Costa and Solano,Concord,Brown rice,dry,215,bags,2026-02-23,365,2027-02-23,347,70,surplus
Second Harvest of Silicon Valley,San Jose,Almond butter,dry,102,jars,2026-02-26,365,2027-02-26,350,23,surplus
Food Bank of Contra Costa and Solano,Concord,Spaghetti,dry,138,boxes,2026-03-12,730,2028-03-11,729,37,surplus
Sacramento Food Bank & Family Services,Sacramento,Lettuce,produce,200,heads,2026-02-27,10,2026-03-09,-4,83,balanced
Alameda County Community Food Bank,Oakland,Pasta,dry,35,boxes,2026-03-13,730,2028-03-12,730,50,shortage
Second Harvest of Silicon Valley,San Jose,Egg cartons,dairy,71,cartons,2026-02-28,21,2026-03-21,8,60,balanced
Feeding San Diego,San Diego,Flour,dry,348,bags,2026-02-27,365,2027-02-27,351,29,surplus
Alameda County Community Food Bank,Oakland,Yogurt cups,dairy,292,cups,2026-02-18,21,2026-03-11,-2,102,balanced
Los Angeles Regional Food Bank,Los Angeles,Canned peas,canned,161,cans,2026-02-23,730,2028-02-23,712,72,balanced
Sacramento Food Bank & Family Services,Sacramento,Canned green beans,canned,254,cans,2026-03-07,730,2028-03-06,724,60,surplus
San Francisco-Marin Food Bank,San Francisco,Tomatoes,produce,252,lbs,2026-03-08,10,2026-03-18,5,54,surplus
Second Harvest Food Bank of Orange County,Irvine,Onions,produce,261,lbs,2026-02-17,30,2026-03-19,6,59,surplus
Los Angeles Regional Food Bank,Los Angeles,Frozen vegetables mix,protein,394,bags,2026-02-23,365,2027-02-23,347,68,surplus
Feeding San Diego,San Diego,Rice 5lb bag,dry,38,bags,2026-03-07,730,2028-03-06,724,102,shortage
Feeding San Diego,San Diego,Avocados,produce,112,units,2026-03-06,7,2026-03-13,0,50,balanced
Second Harvest of Silicon Valley,San Jose,Canned salmon,canned,31,cans,2026-02-27,730,2028-02-27,716,107,shortage
Feeding San Diego,San Diego,Lentils,dry,134,bags,2026-02-24,730,2028-02-24,713,106,balanced
Alameda County Community Food Bank,Oakland,Flour,dry,376,bags,2026-02-24,365,2027-02-24,348,34,surplus
Alameda County Community Food Bank,Oakland,Potatoes,produce,45,lbs,2026-02-27,30,2026-03-29,16,44,balanced
Feeding San Diego,San Diego,Egg cartons,dairy,299,cartons,2026-02-16,21,2026-03-09,-4,58,surplus
Yolo Food Bank,Woodland,Tomatoes,produce,286,lbs,2026-03-13,10,2026-03-23,10,37,surplus
Food Bank of Contra Costa and Solano,Concord,Canned beans,canned,214,cans,2026-02-20,730,2028-02-20,709,46,surplus
Yolo Food Bank,Woodland,Yogurt cups,dairy,188,cups,2026-03-13,21,2026-04-03,21,57,surplus
Los Angeles Regional Food Bank,Los Angeles,Canned peas,canned,301,cans,2026-02-28,730,2028-02-28,717,106,balanced
Central California Food Bank,Fresno,Canned green beans,canned,360,cans,2026-03-05,730,2028-03-04,722,39,surplus
Second Harvest of Silicon Valley,San Jose,Broccoli,produce,390,lbs,2026-02-18,7,2026-02-25,-16,32,surplus
San Francisco-Marin Food Bank,San Francisco,Spinach,produce,147,bags,2026-03-04,7,2026-03-11,-2,101,balanced
Food Bank of Contra Costa and Solano,Concord,Pasta,dry,376,boxes,2026-02-18,730,2028-02-18,707,104,surplus
Second Harvest Food Bank of Orange County,Irvine,Cereal,dry,184,boxes,2026-03-02,180,2026-08-29,169,96,balanced
Los Angeles Regional Food Bank,Los Angeles,Bell peppers,produce,313,lbs,2026-02-16,10,2026-02-26,-15,23,surplus
Sacramento Food Bank & Family Services,Sacramento,Rice 5lb bag,dry,133,bags,2026-03-10,730,2028-03-09,727,41,surplus
Alameda County Community Food Bank,Oakland,Canned tuna,canned,343,cans,2026-02-22,730,2028-02-22,711,85,surplus
Yolo Food Bank,Woodland,Flour,dry,326,bags,2026-02-18,365,2027-02-18,342,41,surplus
Los Angeles Regional Food Bank,Los Angeles,Bell peppers,produce,174,lbs,2026-02-17,10,2026-02-27,-14,105,balanced
Los Angeles Regional Food Bank,Los Angeles,Sugar,dry,185,bags,2026-02-20,730,2028-02-20,709,45,surplus
Food Bank of Contra Costa and Solano,Concord,Tomatoes,produce,26,lbs,2026-03-08,10,2026-03-18,5,97,shortage
Central California Food Bank,Fresno,Lentils,dry,11,bags,2026-03-07,730,2028-03-06,724,54,shortage
Alameda County Community Food Bank,Oakland,Lentils,dry,183,bags,2026-03-11,730,2028-03-10,728,39,surplus
Second Harvest Food Bank of Orange County,Irvine,Apples,produce,70,lbs,2026-03-08,21,2026-03-29,16,34,balanced
Alameda County Community Food Bank,Oakland,Chicken breast frozen,protein,317,packs,2026-02-27,180,2026-08-26,166,117,balanced
Second Harvest of Silicon Valley,San Jose,Ground turkey frozen,protein,108,packs,2026-03-04,180,2026-08-31,171,85,balanced
Second Harvest Food Bank of Orange County,Irvine,Milk gallons,dairy,104,gallons,2026-02-18,10,2026-02-28,-13,108,shortage
Central California Food Bank,Fresno,Cheese blocks,dairy,258,blocks,2026-03-04,30,2026-04-03,21,47,surplus
San Francisco-Marin Food Bank,San Francisco,Sugar,dry,357,bags,2026-03-02,730,2028-03-01,719,37,surplus
Second Harvest Food Bank of Orange County,Irvine,Almond butter,dry,291,jars,2026-03-04,365,2027-03-04,356,76,surplus
Feeding San Diego,San Diego,Canned beans,canned,156,cans,2026-03-12,730,2028-03-11,729,86,balanced
San Francisco-Marin Food Bank,San Francisco,Carrots fresh,produce,239,lbs,2026-03-05,21,2026-03-26,13,106,balanced
Food Bank of Contra Costa and Solano,Concord,Oranges,produce,397,lbs,2026-03-10,14,2026-03-24,11,119,surplus
Central California Food Bank,Fresno,Frozen berries,protein,21,bags,2026-02-28,365,2027-02-28,352,40,shortage
San Francisco-Marin Food Bank,San Francisco,Potatoes,produce,198,lbs,2026-03-05,30,2026-04-04,22,88,balanced
Second Harvest of Silicon Valley,San Jose,Canned beans,canned,239,cans,2026-02-20,730,2028-02-20,709,35,surplus
Second Harvest of Silicon Valley,San Jose,Canned peas,canned,294,cans,2026-02-23,730,2028-02-23,712,51,surplus
Yolo Food Bank,Woodland,Broccoli,produce,93,lbs,2026-03-07,7,2026-03-14,1,77,balanced
Food Bank of Contra Costa and Solano,Concord,Canned carrots,canned,205,cans,2026-02-18,730,2028-02-18,707,27,surplus
Second Harvest of Silicon Valley,San Jose,Canned tuna,canned,164,cans,2026-03-08,730,2028-03-07,725,21,surplus
Yolo Food Bank,Woodland,Pasta,dry,318,boxes,2026-02-19,730,2028-02-19,708,55,surplus
Los Angeles Regional Food Bank,Los Angeles,Cereal,dry,132,boxes,2026-02-17,180,2026-08-16,156,112,balanced
Alameda County Community Food Bank,Oakland,Onions,produce,141,lbs,2026-03-09,30,2026-04-08,26,102,balanced
San Francisco-Marin Food Bank,San Francisco,Tomatoes,produce,38,lbs,2026-02-25,10,2026-03-07,-6,40,shortage
Second Harvest of Silicon Valley,San Jose,Butter,dairy,221,packs,2026-03-10,60,2026-05-09,57,49,surplus
Second Harvest of Silicon Valley,San Jose,Lentils,dry,242,bags,2026-03-12,730,2028-03-11,729,27,surplus
Yolo Food Bank,Woodland,Flour,dry,177,bags,2026-02-26,365,2027-02-26,350,115,balanced
Yolo Food Bank,Woodland,Bell peppers,produce,183,lbs,2026-03-06,10,2026-03-16,3,120,balanced
Sacramento Food Bank & Family Services,Sacramento,Milk gallons,dairy,290,gallons,2026-03-09,10,2026-03-19,6,41,surplus
Second Harvest Food Bank of Orange County,Irvine,Lentils,dry,289,bags,2026-03-05,730,2028-03-04,722,51,surplus
San Francisco-Marin Food Bank,San Francisco,Spinach,produce,134,bags,2026-02-16,7,2026-02-23,-18,117,balanced
Los Angeles Regional Food Bank,Los Angeles,Spinach,produce,213,bags,2026-03-11,7,2026-03-18,5,120,balanced
Sacramento Food Bank & Family Services,Sacramento,Potatoes,produce,202,lbs,2026-02-19,30,2026-03-21,8,119,balanced
Food Bank of Contra Costa and Solano,Concord,Broccoli,produce,192,lbs,2026-03-04,7,2026-03-11,-2,64,balanced
Second Harvest Food Bank of Orange County,Irvine,Yogurt cups,dairy,197,cups,2026-02-27,21,2026-03-20,7,103,balanced
Food Bank of Contra Costa and Solano,Concord,Spinach,produce,24,bags,2026-02-19,7,2026-02-26,-15,84,shortage
Second Harvest Food Bank of Orange County,Irvine,Tomatoes,produce,319,lbs,2026-02-26,10,2026-03-08,-5,40,surplus
Alameda County Community Food Bank,Oakland,Bananas,produce,306,lbs,2026-03-13,7,2026-03-20,7,29,surplus
Sacramento Food Bank & Family Services,Sacramento,Peanut butter,dry,140,jars,2026-03-07,365,2027-03-07,359,55,balanced
Sacramento Food Bank & Family Services,Sacramento,Potatoes,produce,203,lbs,2026-02-21,30,2026-03-23,10,77,balanced
Food Bank of Contra Costa and Solano,Concord,Rice 5lb bag,dry,90,bags,2026-03-11,730,2028-03-10,728,118,shortage
San Francisco-Marin Food Bank,San Francisco,Canned chickpeas,canned,168,cans,2026-02-23,730,2028-02-23,712,27,surplus
Feeding San Diego,San Diego,Frozen vegetables mix,protein,224,bags,2026-02-26,365,2027-02-26,350,29,surplus
Sacramento Food Bank & Family Services,Sacramento,Canned green beans,canned,378,cans,2026-02-23,730,2028-02-23,712,87,surplus
Second Harvest Food Bank of Orange County,Irvine,Butter,dairy,204,packs,2026-03-06,60,2026-05-05,53,45,surplus
Yolo Food Bank,Woodland,Ground turkey frozen,protein,291,packs,2026-03-09,180,2026-09-05,176,90,surplus
Feeding San Diego,San Diego,Canned peas,canned,363,cans,2026-02-20,730,2028-02-20,709,81,surplus
Feeding San Diego,San Diego,Apples,produce,21,lbs,2026-02-19,21,2026-03-12,-1,66,shortage
Second Harvest Food Bank of Orange County,Irvine,Almond butter,dry,364,jars,2026-03-11,365,2027-03-11,363,69,surplus
Second Harvest Food Bank of Orange County,Irvine,Carrots fresh,produce,207,lbs,2026-02-24,21,2026-03-17,4,63,surplus
Alameda County Community Food Bank,Oakland,Canned chickpeas,canned,123,cans,2026-03-08,730,2028-03-07,725,32,surplus
Alameda County Community Food Bank,Oakland,Rice 5lb bag,dry,182,bags,2026-02-18,730,2028-02-18,707,62,balanced
Yolo Food Bank,Woodland,Peanut butter,dry,94,jars,2026-02-21,365,2027-02-21,345,107,shortage
San Francisco-Marin Food Bank,San Francisco,Tomatoes,produce,297,lbs,2026-02-26,10,2026-03-08,-5,102,balanced
Food Bank of Contra Costa and Solano,Concord,Broccoli,produce,97,lbs,2026-02-20,7,2026-02-27,-14,29,surplus
Food Bank of Contra Costa and Solano,Concord,Canned tomatoes,canned,271,cans,2026-02-18,730,2028-02-18,707,86,surplus
Central California Food Bank,Fresno,Carrots fresh,produce,323,lbs,2026-03-07,21,2026-03-28,15,66,surplus
Los Angeles Regional Food Bank,Los Angeles,Almond butter,dry,126,jars,2026-02-16,365,2027-02-16,340,20,surplus
San Francisco-Marin Food Bank,San Francisco,Avocados,produce,313,units,2026-02-23,7,2026-03-02,-11,54,surplus
San Francisco-Marin Food Bank,San Francisco,Macaroni,dry,332,boxes,2026-02-27,730,2028-02-27,716,32,surplus
Food Bank of Contra Costa and Solano,Concord,Broccoli,produce,103,lbs,2026-03-13,7,2026-03-20,7,72,balanced
Alameda County Community Food Bank,Oakland,Chicken breast frozen,protein,140,packs,2026-02-20,180,2026-08-19,159,58,balanced
Alameda County Community Food Bank,Oakland,Butter,dairy,234,packs,2026-03-12,60,2026-05-11,59,37,surplus
Sacramento Food Bank & Family Services,Sacramento,Canned black beans,canned,374,cans,2026-02-28,730,2028-02-28,717,96,surplus
Los Angeles Regional Food Bank,Los Angeles,Canned salmon,canned,348,cans,2026-03-04,730,2028-03-03,721,108,surplus
San Francisco-Marin Food Bank,San Francisco,Frozen vegetables mix,protein,33,bags,2026-02-17,365,2027-02-17,341,25,balanced
Food Bank of Contra Costa and Solano,Concord,Egg cartons,dairy,326,cartons,2026-03-04,21,2026-03-25,12,89,surplus
Second Harvest Food Bank of Orange County,Irvine,Canned peas,canned,53,cans,2026-03-13,730,2028-03-12,730,105,shortage
Yolo Food Bank,Woodland,Broccoli,produce,307,lbs,2026-03-11,7,2026-03-18,5,99,surplus
Second Harvest of Silicon Valley,San Jose,Canned peas,canned,346,cans,2026-02-20,730,2028-02-20,709,20,surplus
Alameda County Community Food Bank,Oakland,Yogurt cups,dairy,24,cups,2026-03-10,21,2026-03-31,18,36,shortage
Second Harvest Food Bank of Orange County,Irvine,Frozen vegetables mix,protein,262,bags,2026-02-21,365,2027-02-21,345,83,surplus
San Francisco-Marin Food Bank,San Francisco,Pasta,dry,277,boxes,2026-03-01,730,2028-02-29,718,57,surplus
San Francisco-Marin Food Bank,San Francisco,Canned tuna,canned,259,cans,2026-03-06,730,2028-03-05,723,62,surplus
Alameda County Community Food Bank,Oakland,Almond butter,dry,118,jars,2026-03-02,365,2027-03-02,354,88,balanced
Yolo Food Bank,Woodland,Canned soup,canned,53,cans,2026-03-12,540,2027-09-03,539,93,shortage
Alameda County Community Food Bank,Oakland,Potatoes,produce,117,lbs,2026-03-02,30,2026-04-01,19,54,balanced
Food Bank of Contra Costa and Solano,Concord,Apples,produce,147,lbs,2026-03-06,21,2026-03-27,14,34,surplus
Feeding San Diego,San Diego,Flour,dry,107,bags,2026-02-20,365,2027-02-20,344,27,surplus
Yolo Food Bank,Woodland,Canned green beans,canned,87,cans,2026-02-23,730,2028-02-23,712,22,surplus
Food Bank of Contra Costa and Solano,Concord,Pasta,dry,253,boxes,2026-03-12,730,2028-03-11,729,116,balanced
Second Harvest of Silicon Valley,San Jose,Canned tuna,canned,355,cans,2026-03-02,730,2028-03-01,719,115,surplus
Los Angeles Regional Food Bank,Los Angeles,Oranges,produce,118,lbs,2026-02-19,14,2026-03-05,-8,79,balanced
Second Harvest Food Bank of Orange County,Irvine,Oranges,produce,56,lbs,2026-02-21,14,2026-03-07,-6,56,balanced
Alameda County Community Food Bank,Oakland,Avocados,produce,266,units,2026-02-26,7,2026-03-05,-8,107,balanced
Los Angeles Regional Food Bank,Los Angeles,Canned carrots,canned,244,cans,2026-02-16,730,2028-02-16,705,103,balanced
Second Harvest of Silicon Valley,San Jose,Frozen vegetables mix,protein,374,bags,2026-02-26,365,2027-02-26,350,115,surplus
Yolo Food Bank,Woodland,Cereal,dry,271,boxes,2026-03-01,180,2026-08-28,168,119,balanced
Central California Food Bank,Fresno,Broccoli,produce,357,lbs,2026-02-22,7,2026-03-01,-12,103,surplus
Second Harvest Food Bank of Orange County,Irvine,Oatmeal,dry,123,boxes,2026-02-19,365,2027-02-19,343,84,balanced
Feeding San Diego,San Diego,Macaroni,dry,258,boxes,2026-02-20,730,2028-02-20,709,23,surplus
Los Angeles Regional Food Bank,Los Angeles,Canned peas,canned,199,cans,2026-03-09,730,2028-03-08,726,25,surplus
Central California Food Bank,Fresno,Spaghetti,dry,338,boxes,2026-02-25,730,2028-02-25,714,57,surplus
Second Harvest Food Bank of Orange County,Irvine,Brown rice,dry,189,bags,2026-02-21,365,2027-02-21,345,40,surplus
Central California Food Bank,Fresno,Oranges,produce,300,lbs,2026-03-08,14,2026-03-22,9,89,surplus
San Francisco-Marin Food Bank,San Francisco,Canned tuna,canned,151,cans,2026-02-17,730,2028-02-17,706,74,balanced
Second Harvest Food Bank of Orange County,Irvine,Canned beans,canned,189,cans,2026-03-09,730,2028-03-08,726,75,balanced
Central California Food Bank,Fresno,Bell peppers,produce,269,lbs,2026-03-08,10,2026-03-18,5,80,surplus
Yolo Food Bank,Woodland,Spinach,produce,392,bags,2026-03-07,7,2026-03-14,1,62,surplus
Feeding San Diego,San Diego,Canned tuna,canned,214,cans,2026-02-26,730,2028-02-26,715,40,surplus
Alameda County Community Food Bank,Oakland,Canned black beans,canned,261,cans,2026-02-17,730,2028-02-17,706,41,surplus
Yolo Food Bank,Woodland,Carrots fresh,produce,214,lbs,2026-02-23,21,2026-03-16,3,81,balanced
Second Harvest of Silicon Valley,San Jose,Tomatoes,produce,121,lbs,2026-03-13,10,2026-03-23,10,85,balanced
Sacramento Food Bank & Family Services,Sacramento,Brown rice,dry,134,bags,2026-03-01,365,2027-03-01,353,118,balanced
Second Harvest of Silicon Valley,San Jose,Brown rice,dry,148,bags,2026-02-23,365,2027-02-23,347,23,surplus
Central California Food Bank,Fresno,Potatoes,produce,165,lbs,2026-02-28,30,2026-03-30,17,110,balanced
Second Harvest of Silicon Valley,San Jose,Canned beans,canned,90,cans,2026-03-11,730,2028-03-10,728,73,balanced
Yolo Food Bank,Woodland,Onions,produce,325,lbs,2026-02-16,30,2026-03-18,5,68,surplus
Second Harvest of Silicon Valley,San Jose,Peanut butter,dry,174,jars,2026-02-16,365,2027-02-16,340,88,balanced
Los Angeles Regional Food Bank,Los Angeles,Sugar,dry,214,bags,2026-03-11,730,2028-03-10,728,91,balanced
Los Angeles Regional Food Bank,Los Angeles,Canned corn,canned,126,cans,2026-02-25,730,2028-02-25,714,82,balanced
Los Angeles Regional Food Bank,Los Angeles,Canned beans,canned,19,cans,2026-02-24,730,2028-02-24,713,107,shortage
Los Angeles Regional Food Bank,Los Angeles,Frozen berries,protein,244,bags,2026-03-10,365,2027-03-10,362,79,surplus
Food Bank of Contra Costa and Solano,Concord,Canned salmon,canned,227,cans,2026-02-20,730,2028-02-20,709,46,surplus
Feeding San Diego,San Diego,Canned chickpeas,canned,217,cans,2026-03-07,730,2028-03-06,724,23,surplus
Alameda County Community Food Bank,Oakland,Tomatoes,produce,278,lbs,2026-02-22,10,2026-03-04,-9,66,surplus
Yolo Food Bank,Woodland,Carrots fresh,produce,93,lbs,2026-02-25,21,2026-03-18,5,110,shortage
San Francisco-Marin Food Bank,San Francisco,Egg cartons,dairy,95,cartons,2026-03-01,21,2026-03-22,9,30,surplus
San Francisco-Marin Food Bank,San Francisco,Tomatoes,produce,303,lbs,2026-02-17,10,2026-02-27,-14,66,surplus
Second Harvest Food Bank of Orange County,Irvine,Peanut butter,dry,156,jars,2026-02-21,365,2027-02-21,345,41,surplus
Food Bank of Contra Costa and Solano,Concord,Bell peppers,produce,250,lbs,2026-02-27,10,2026-03-09,-4,53,surplus
Feeding San Diego,San Diego,Canned corn,canned,81,cans,2026-03-10,730,2028-03-09,727,73,balanced
Second Harvest Food Bank of Orange County,Irvine,Canned black beans,canned,312,cans,2026-02-20,730,2028-02-20,709,32,surplus
Food Bank of Contra Costa and Solano,Concord,Yogurt cups,dairy,349,cups,2026-03-09,21,2026-03-30,17,65,surplus
Central California Food Bank,Fresno,Bell peppers,produce,283,lbs,2026-03-02,10,2026-03-12,-1,52,surplus
Sacramento Food Bank & Family Services,Sacramento,Flour,dry,190,bags,2026-03-12,365,2027-03-12,364,88,balanced
San Francisco-Marin Food Bank,San Francisco,Onions,produce,147,lbs,2026-02-19,30,2026-03-21,8,26,surplus
San Francisco-Marin Food Bank,San Francisco,Cheese blocks,dairy,284,blocks,2026-03-12,30,2026-04-11,29,68,surplus
Yolo Food Bank,Woodland,Bell peppers,produce,256,lbs,2026-03-05,10,2026-03-15,2,31,surplus
Second Harvest of Silicon Valley,San Jose,Tomatoes,produce,89,lbs,2026-03-04,10,2026-03-14,1,81,balanced
Yolo Food Bank,Woodland,Canned corn,canned,265,cans,2026-02-20,730,2028-02-20,709,82,surplus
San Francisco-Marin Food Bank,San Francisco,Bell peppers,produce,122,lbs,2026-02-19,10,2026-03-01,-12,36,surplus
Los Angeles Regional Food Bank,Los Angeles,Yogurt cups,dairy,109,cups,2026-03-12,21,2026-04-02,20,112,shortage
Sacramento Food Bank & Family Services,Sacramento,Macaroni,dry,283,boxes,2026-03-10,730,2028-03-09,727,95,balanced
San Francisco-Marin Food Bank,San Francisco,Cereal,dry,191,boxes,2026-03-13,180,2026-09-09,180,35,surplus
Second Harvest Food Bank of Orange County,Irvine,Lentils,dry,209,bags,2026-03-06,730,2028-03-05,723,37,surplus
Yolo Food Bank,Woodland,Frozen berries,protein,225,bags,2026-03-06,365,2027-03-06,358,50,surplus
Second Harvest of Silicon Valley,San Jose,Canned black beans,canned,155,cans,2026-03-02,730,2028-03-01,719,71,balanced
Los Angeles Regional Food Bank,Los Angeles,Canned soup,canned,183,cans,2026-02-22,540,2027-08-16,521,25,surplus
Central California Food Bank,Fresno,Canned peas,canned,286,cans,2026-03-11,730,2028-03-10,728,50,surplus
Feeding San Diego,San Diego,Peanut butter,dry,115,jars,2026-02-23,365,2027-02-23,347,46,balanced
Food Bank of Contra Costa and Solano,Concord,Spaghetti,dry,233,boxes,2026-02-23,730,2028-02-23,712,72,surplus
Los Angeles Regional Food Bank,Los Angeles,Potatoes,produce,258,lbs,2026-02-20,30,2026-03-22,9,48,surplus
Yolo Food Bank,Woodland,Spaghetti,dry,122,boxes,2026-03-13,730,2028-03-12,730,32,surplus
Sacramento Food Bank & Family Services,Sacramento,Apples,produce,334,lbs,2026-02-27,21,2026-03-20,7,97,surplus
Alameda County Community Food Bank,Oakland,Apples,produce,313,lbs,2026-03-03,21,2026-03-24,11,58,surplus
Central California Food Bank,Fresno,Lentils,dry,364,bags,2026-02-26,730,2028-02-26,715,116,surplus
Sacramento Food Bank & Family Services,Sacramento,Cheese blocks,dairy,91,blocks,2026-03-10,30,2026-04-09,27,110,shortage
Second Harvest of Silicon Valley,San Jose,Peanut butter,dry,335,jars,2026-03-05,365,2027-03-05,357,41,surplus
Sacramento Food Bank & Family Services,Sacramento,Canned tomatoes,canned,367,cans,2026-02-24,730,2028-02-24,713,103,surplus
Yolo Food Bank,Woodland,Bananas,produce,14,lbs,2026-03-12,7,2026-03-19,6,94,shortage
San Francisco-Marin Food Bank,San Francisco,Yogurt cups,dairy,292,cups,2026-02-24,21,2026-03-17,4,37,surplus
Second Harvest Food Bank of Orange County,Irvine,Frozen vegetables mix,protein,345,bags,2026-03-09,365,2027-03-09,361,31,surplus
Sacramento Food Bank & Family Services,Sacramento,Onions,produce,285,lbs,2026-03-13,30,2026-04-12,30,74,surplus
Sacramento Food Bank & Family Services,Sacramento,Canned beans,canned,151,cans,2026-02-20,730,2028-02-20,709,81,balanced
Sacramento Food Bank & Family Services,Sacramento,Ground turkey frozen,protein,125,packs,2026-03-06,180,2026-09-02,173,45,balanced
Food Bank of Contra Costa and Solano,Concord,Milk gallons,dairy,60,gallons,2026-02-26,10,2026-03-08,-5,71,shortage
Los Angeles Regional Food Bank,Los Angeles,Lettuce,produce,231,heads,2026-03-06,10,2026-03-16,3,110,balanced
Food Bank of Contra Costa and Solano,Concord,Bananas,produce,290,lbs,2026-03-07,7,2026-03-14,1,26,surplus
Los Angeles Regional Food Bank,Los Angeles,Bananas,produce,80,lbs,2026-03-09,7,2026-03-16,3,55,balanced
Central California Food Bank,Fresno,Brown rice,dry,272,bags,2026-03-07,365,2027-03-07,359,63,surplus
Second Harvest of Silicon Valley,San Jose,Broccoli,produce,387,lbs,2026-03-11,7,2026-03-18,5,45,surplus
Alameda County Community Food Bank,Oakland,Peanut butter,dry,135,jars,2026-03-10,365,2027-03-10,362,113,balanced
Alameda County Community Food Bank,Oakland,Spinach,produce,161,bags,2026-03-02,7,2026-03-09,-4,66,balanced
Los Angeles Regional Food Bank,Los Angeles,Brown rice,dry,187,bags,2026-03-13,365,2027-03-13,365,72,balanced
Yolo Food Bank,Woodland,Canned black beans,canned,325,cans,2026-03-04,730,2028-03-03,721,50,surplus
Feeding San Diego,San Diego,Chicken breast frozen,protein,266,packs,2026-02-22,180,2026-08-21,161,110,balanced
Central California Food Bank,Fresno,Pasta,dry,192,boxes,2026-03-07,730,2028-03-06,724,25,surplus
Second Harvest of Silicon Valley,San Jose,Lentils,dry,291,bags,2026-02-21,730,2028-02-21,710,106,balanced
San Francisco-Marin Food Bank,San Francisco,Onions,produce,115,lbs,2026-03-05,30,2026-04-04,22,32,surplus
Second Harvest Food Bank of Orange County,Irvine,Canned black beans,canned,133,cans,2026-03-13,730,2028-03-12,730,92,balanced
Feeding San Diego,San Diego,Peanut butter,dry,275,jars,2026-02-26,365,2027-02-26,350,53,surplus
Feeding San Diego,San Diego,Sugar,dry,268,bags,2026-03-01,730,2028-02-29,718,85,surplus
Food Bank of Contra Costa and Solano,Concord,Bell peppers,produce,398,lbs,2026-02-20,10,2026-03-02,-11,43,surplus
Alameda County Community Food Bank,Oakland,Oatmeal,dry,225,boxes,2026-03-01,365,2027-03-01,353,79,balanced
Sacramento Food Bank & Family Services,Sacramento,Flour,dry,299,bags,2026-02-23,365,2027-02-23,347,25,surplus
Alameda County Community Food Bank,Oakland,Egg cartons,dairy,16,cartons,2026-03-08,21,2026-03-29,16,50,shortage
Yolo Food Bank,Woodland,Canned black beans,canned,173,cans,2026-02-28,730,2028-02-28,717,38,surplus
Second Harvest of Silicon Valley,San Jose,Peanut butter,dry,45,jars,2026-02-18,365,2027-02-18,342,107,shortage
Second Harvest of Silicon Valley,San Jose,Canned corn,canned,232,cans,2026-03-06,730,2028-03-05,723,86,balanced
Yolo Food Bank,Woodland,Lentils,dry,116,bags,2026-03-05,730,2028-03-04,722,22,surplus
San Francisco-Marin Food Bank,San Francisco,Canned beans,canned,14,cans,2026-02-20,730,2028-02-20,709,82,shortage
Los Angeles Regional Food Bank,Los Angeles,Peanut butter,dry,192,jars,2026-02-21,365,2027-02-21,345,102,balanced
Los Angeles Regional Food Bank,Los Angeles,Yogurt cups,dairy,332,cups,2026-02-27,21,2026-03-20,7,55,surplus
San Francisco-Marin Food Bank,San Francisco,Canned salmon,canned,313,cans,2026-02-19,730,2028-02-19,708,55,surplus
Central California Food Bank,Fresno,Canned salmon,canned,270,cans,2026-03-12,730,2028-03-11,729,74,surplus
Second Harvest of Silicon Valley,San Jose,Oranges,produce,353,lbs,2026-02-21,14,2026-03-07,-6,80,surplus
San Francisco-Marin Food Bank,San Francisco,Carrots fresh,produce,233,lbs,2026-02-26,21,2026-03-19,6,80,balanced
Second Harvest of Silicon Valley,San Jose,Egg cartons,dairy,288,cartons,2026-02-17,21,2026-03-10,-3,84,surplus
Central California Food Bank,Fresno,Canned tuna,canned,175,cans,2026-02-22,730,2028-02-22,711,99,balanced
Feeding San Diego,San Diego,Frozen vegetables mix,protein,208,bags,2026-02-20,365,2027-02-20,344,80,balanced
Central California Food Bank,Fresno,Frozen vegetables mix,protein,129,bags,2026-02-27,365,2027-02-27,351,41,surplus
Los Angeles Regional Food Bank,Los Angeles,Canned green beans,canned,82,cans,2026-03-05,730,2028-03-04,722,69,balanced
Los Angeles Regional Food Bank,Los Angeles,Bananas,produce,365,lbs,2026-02-25,7,2026-03-04,-9,92,surplus
Sacramento Food Bank & Family Services,Sacramento,Canned carrots,canned,350,cans,2026-02-27,730,2028-02-27,716,59,surplus
Alameda County Community Food Bank,Oakland,Carrots fresh,produce,139,lbs,2026-03-08,21,2026-03-29,16,20,surplus
Central California Food Bank,Fresno,Cheese blocks,dairy,196,blocks,2026-03-03,30,2026-04-02,20,80,balanced
Second Harvest of Silicon Valley,San Jose,Oatmeal,dry,163,boxes,2026-02-27,365,2027-02-27,351,46,surplus
Second Harvest of Silicon Valley,San Jose,Cheese blocks,dairy,227,blocks,2026-03-03,30,2026-04-02,20,74,surplus
Second Harvest of Silicon Valley,San Jose,Sugar,dry,169,bags,2026-03-06,730,2028-03-05,723,83,balanced
Second Harvest of Silicon Valley,San Jose,Oatmeal,dry,82,boxes,2026-03-04,365,2027-03-04,356,116,shortage
Yolo Food Bank,Woodland,Brown rice,dry,329,bags,2026-03-04,365,2027-03-04,356,114,balanced
Central California Food Bank,Fresno,Tomatoes,produce,300,lbs,2026-03-07,10,2026-03-17,4,48,surplus
Sacramento Food Bank & Family Services,Sacramento,Lentils,dry,60,bags,2026-02-18,730,2028-02-18,707,82,shortage
Central California Food Bank,Fresno,Canned tomatoes,canned,48,cans,2026-02-16,730,2028-02-16,705,51,shortage
Yolo Food Bank,Woodland,Potatoes,produce,289,lbs,2026-02-19,30,2026-03-21,8,112,balanced
Food Bank of Contra Costa and Solano,Concord,Avocados,produce,62,units,2026-03-08,7,2026-03-15,2,85,shortage
Yolo Food Bank,Woodland,Frozen berries,protein,336,bags,2026-02-21,365,2027-02-21,345,96,surplus
Yolo Food Bank,Woodland,Carrots fresh,produce,261,lbs,2026-03-05,21,2026-03-26,13,111,balanced
Sacramento Food Bank & Family Services,Sacramento,Egg cartons,dairy,371,cartons,2026-02-16,21,2026-03-09,-4,75,surplus
Feeding San Diego,San Diego,Canned salmon,canned,178,cans,2026-02-20,730,2028-02-20,709,43,surplus
Food Bank of Contra Costa and Solano,Concord,Butter,dairy,357,packs,2026-03-06,60,2026-05-05,53,27,surplus
Second Harvest of Silicon Valley,San Jose,Canned salmon,canned,359,cans,2026-03-02,730,2028-03-01,719,54,surplus
San Francisco-Marin Food Bank,San Francisco,Lentils,dry,64,bags,2026-02-25,730,2028-02-25,714,52,balanced
Alameda County Community Food Bank,Oakland,Canned beans,canned,385,cans,2026-03-07,730,2028-03-06,724,32,surplus
Central California Food Bank,Fresno,Carrots fresh,produce,33,lbs,2026-02-19,21,2026-03-12,-1,66,shortage
Alameda County Community Food Bank,Oakland,Macaroni,dry,367,boxes,2026-03-12,730,2028-03-11,729,79,surplus
Feeding San Diego,San Diego,Canned tuna,canned,217,cans,2026-03-02,730,2028-03-01,719,75,balanced
Second Harvest of Silicon Valley,San Jose,Canned soup,canned,395,cans,2026-03-04,540,2027-08-26,531,20,surplus
Central California Food Bank,Fresno,Ground turkey frozen,protein,12,packs,2026-03-06,180,2026-09-02,173,75,shortage
Feeding San Diego,San Diego,Canned peas,canned,165,cans,2026-02-23,730,2028-02-23,712,76,balanced
Second Harvest Food Bank of Orange County,Irvine,Oatmeal,dry,53,boxes,2026-03-13,365,2027-03-13,365,49,balanced
Second Harvest Food Bank of Orange County,Irvine,Ground turkey frozen,protein,381,packs,2026-02-17,180,2026-08-16,156,64,surplus
San Francisco-Marin Food Bank,San Francisco,Carrots fresh,produce,44,lbs,2026-03-06,21,2026-03-27,14,74,shortage
Feeding San Diego,San Diego,Macaroni,dry,98,boxes,2026-02-27,730,2028-02-27,716,80,balanced
Sacramento Food Bank & Family Services,Sacramento,Egg cartons,dairy,172,cartons,2026-03-13,21,2026-04-03,21,48,surplus
Sacramento Food Bank & Family Services,Sacramento,Broccoli,produce,166,lbs,2026-03-11,7,2026-03-18,5,105,balanced
Sacramento Food Bank & Family Services,Sacramento,Onions,produce,331,lbs,2026-02-17,30,2026-03-19,6,85,surplus
San Francisco-Marin Food Bank,San Francisco,Potatoes,produce,265,lbs,2026-03-03,30,2026-04-02,20,35,surplus
Alameda County Community Food Bank,Oakland,Sugar,dry,105,bags,2026-02-16,730,2028-02-16,705,99,balanced
Second Harvest of Silicon Valley,San Jose,Cheese blocks,dairy,198,blocks,2026-03-06,30,2026-04-05,23,31,surplus
Feeding San Diego,San Diego,Onions,produce,166,lbs,2026-02-23,30,2026-03-25,12,28,surplus
Los Angeles Regional Food Bank,Los Angeles,Flour,dry,127,bags,2026-03-07,365,2027-03-07,359,93,balanced
San Francisco-Marin Food Bank,San Francisco,Chicken breast frozen,protein,164,packs,2026-03-05,180,2026-09-01,172,68,balanced
Yolo Food Bank,Woodland,Bananas,produce,272,lbs,2026-02-19,7,2026-02-26,-15,88,surplus
Second Harvest Food Bank of Orange County,Irvine,Ground turkey frozen,protein,71,packs,2026-02-26,180,2026-08-25,165,119,shortage
Los Angeles Regional Food Bank,Los Angeles,Canned tomatoes,canned,352,cans,2026-02-20,730,2028-02-20,709,116,surplus
San Francisco-Marin Food Bank,San Francisco,Oranges,produce,341,lbs,2026-02-28,14,2026-03-14,1,100,surplus
Alameda County Community Food Bank,Oakland,Onions,produce,317,lbs,2026-02-19,30,2026-03-21,8,57,surplus
Sacramento Food Bank & Family Services,Sacramento,Canned green beans,canned,64,cans,2026-03-05,730,2028-03-04,722,28,balanced
Los Angeles Regional Food Bank,Los Angeles,Bananas,produce,354,lbs,2026-02-18,7,2026-02-25,-16,97,surplus
San Francisco-Marin Food Bank,San Francisco,Carrots fresh,produce,326,lbs,2026-03-12,21,2026-04-02,20,62,surplus
Central California Food Bank,Fresno,Peanut butter,dry,258,jars,2026-03-02,365,2027-03-02,354,110,balanced
Sacramento Food Bank & Family Services,Sacramento,Canned corn,canned,261,cans,2026-03-07,730,2028-03-06,724,119,balanced
Sacramento Food Bank & Family Services,Sacramento,Frozen vegetables mix,protein,373,bags,2026-03-05,365,2027-03-05,357,117,surplus
Los Angeles Regional Food Bank,Los Angeles,Bananas,produce,41,lbs,2026-03-05,7,2026-03-12,-1,34,balanced
Yolo Food Bank,Woodland,Spaghetti,dry,207,boxes,2026-03-04,730,2028-03-03,721,29,surplus
Sacramento Food Bank & Family Services,Sacramento,Milk gallons,dairy,269,gallons,2026-02-25,10,2026-03-07,-6,110,balanced
Central California Food Bank,Fresno,Canned chickpeas,canned,52,cans,2026-02-23,730,2028-02-23,712,78,shortage
Los Angeles Regional Food Bank,Los Angeles,Canned tomatoes,canned,236,cans,2026-02-22,730,2028-02-22,711,44,surplus
Los Angeles Regional Food Bank,Los Angeles,Yogurt cups,dairy,93,cups,2026-02-26,21,2026-03-19,6,30,surplus
Sacramento Food Bank & Family Services,Sacramento,Onions,produce,193,lbs,2026-02-24,30,2026-03-26,13,94,balanced
Food Bank of Contra Costa and Solano,Concord,Macaroni,dry,83,boxes,2026-03-03,730,2028-03-02,720,99,shortage
Los Angeles Regional Food Bank,Los Angeles,Yogurt cups,dairy,316,cups,2026-03-08,21,2026-03-29,16,31,surplus
Yolo Food Bank,Woodland,Oatmeal,dry,37,boxes,2026-03-04,365,2027-03-04,356,73,shortage
Food Bank of Contra Costa and Solano,Concord,Tomatoes,produce,326,lbs,2026-02-23,10,2026-03-05,-8,20,surplus
Alameda County Community Food Bank,Oakland,Avocados,produce,25,units,2026-02-21,7,2026-02-28,-13,108,shortage
San Francisco-Marin Food Bank,San Francisco,Canned beans,canned,211,cans,2026-03-03,730,2028-03-02,720,59,surplus
Feeding San Diego,San Diego,Cereal,dry,308,boxes,2026-03-02,180,2026-08-29,169,48,surplus
Yolo Food Bank,Woodland,Canned beans,canned,107,cans,2026-03-04,730,2028-03-03,721,53,balanced
Second Harvest of Silicon Valley,San Jose,Spinach,produce,176,bags,2026-02-22,7,2026-03-01,-12,25,surplus
Central California Food Bank,Fresno,Tomatoes,produce,324,lbs,2026-03-05,10,2026-03-15,2,108,balanced
Los Angeles Regional Food Bank,Los Angeles,Canned peas,canned,160,cans,2026-03-12,730,2028-03-11,729,109,balanced
Sacramento Food Bank & Family Services,Sacramento,Canned tomatoes,canned,163,cans,2026-03-08,730,2028-03-07,725,49,surplus
Sacramento Food Bank & Family Services,Sacramento,Canned chickpeas,canned,364,cans,2026-02-27,730,2028-02-27,716,116,surplus
Central California Food Bank,Fresno,Ground turkey frozen,protein,23,packs,2026-02-27,180,2026-08-26,166,59,shortage
Central California Food Bank,Fresno,Canned green beans,canned,308,cans,2026-03-11,730,2028-03-10,728,34,surplus
Food Bank of Contra Costa and Solano,Concord,Canned corn,canned,393,cans,2026-02-21,730,2028-02-21,710,56,surplus
Central California Food Bank,Fresno,Apples,produce,303,lbs,2026-02-21,21,2026-03-14,1,50,surplus
Feeding San Diego,San Diego,Brown rice,dry,242,bags,2026-02-19,365,2027-02-19,343,28,surplus
Yolo Food Bank,Woodland,Chicken breast frozen,protein,126,packs,2026-02-26,180,2026-08-25,165,104,balanced
Alameda County Community Food Bank,Oakland,Lentils,dry,196,bags,2026-02-23,730,2028-02-23,712,97,balanced
Food Bank of Contra Costa and Solano,Concord,Frozen berries,protein,103,bags,2026-03-12,365,2027-03-12,364,103,balanced
Second Harvest of Silicon Valley,San Jose,Cheese blocks,dairy,319,blocks,2026-02-28,30,2026-03-30,17,62,surplus
San Francisco-Marin Food Bank,San Francisco,Canned tomatoes,canned,312,cans,2026-02-24,730,2028-02-24,713,92,surplus
Feeding San Diego,San Diego,Bell peppers,produce,120,lbs,2026-03-07,10,2026-03-17,4,85,balanced
Feeding San Diego,San Diego,Flour,dry,131,bags,2026-02-24,365,2027-02-24,348,91,balanced
Sacramento Food Bank & Family Services,Sacramento,Cheese blocks,dairy,62,blocks,2026-02-21,30,2026-03-23,10,113,shortage
Central California Food Bank,Fresno,Cheese blocks,dairy,34,blocks,2026-03-06,30,2026-04-05,23,44,shortage
Yolo Food Bank,Woodland,Pasta,dry,271,boxes,2026-03-01,730,2028-02-29,718,59,surplus
Food Bank of Contra Costa and Solano,Concord,Avocados,produce,215,units,2026-03-05,7,2026-03-12,-1,74,balanced
Central California Food Bank,Fresno,Butter,dairy,65,packs,2026-03-04,60,2026-05-03,51,79,shortage
Feeding San Diego,San Diego,Cheese blocks,dairy,106,blocks,2026-03-13,30,2026-04-12,30,29,surplus
Alameda County Community Food Bank,Oakland,Butter,dairy,396,packs,2026-02-25,60,2026-04-26,44,21,surplus
San Francisco-Marin Food Bank,San Francisco,Yogurt cups,dairy,171,cups,2026-03-04,21,2026-03-25,12,75,balanced
Sacramento Food Bank & Family Services,Sacramento,Canned black beans,canned,326,cans,2026-02-21,730,2028-02-21,710,46,surplus
Second Harvest Food Bank of Orange County,Irvine,Canned green beans,canned,384,cans,2026-02-23,730,2028-02-23,712,104,surplus
Los Angeles Regional Food Bank,Los Angeles,Flour,dry,27,bags,2026-03-01,365,2027-03-01,353,58,shortage
Second Harvest Food Bank of Orange County,Irvine,Lettuce,produce,231,heads,2026-02-22,10,2026-03-04,-9,102,balanced
Second Harvest of Silicon Valley,San Jose,Frozen vegetables mix,protein,178,bags,2026-03-01,365,2027-03-01,353,22,surplus
Alameda County Community Food Bank,Oakland,Egg cartons,dairy,217,cartons,2026-02-18,21,2026-03-11,-2,36,surplus
Sacramento Food Bank & Family Services,Sacramento,Canned black beans,canned,115,cans,2026-03-10,730,2028-03-09,727,93,balanced
Alameda County Community Food Bank,Oakland,Canned corn,canned,200,cans,2026-02-28,730,2028-02-28,717,84,balanced
Yolo Food Bank,Woodland,Avocados,produce,295,units,2026-02-27,7,2026-03-06,-7,115,balanced
Yolo Food Bank,Woodland,Canned carrots,canned,396,cans,2026-03-02,730,2028-03-01,719,110,surplus
Feeding San Diego,San Diego,Bananas,produce,81,lbs,2026-02-27,7,2026-03-06,-7,77,balanced
Second Harvest Food Bank of Orange County,Irvine,Egg cartons,dairy,204,cartons,2026-03-07,21,2026-03-28,15,45,surplus
Second Harvest of Silicon Valley,San Jose,Peanut butter,dry,27,jars,2026-03-10,365,2027-03-10,362,38,shortage
Sacramento Food Bank & Family Services,Sacramento,Macaroni,dry,202,boxes,2026-02-16,730,2028-02-16,705,118,balanced
Second Harvest of Silicon Valley,San Jose,Bell peppers,produce,318,lbs,2026-02-23,10,2026-03-05,-8,66,surplus
Second Harvest of Silicon Valley,San Jose,Frozen berries,protein,136,bags,2026-03-11,365,2027-03-11,363,116,balanced
Alameda County Community Food Bank,Oakland,Spaghetti,dry,226,boxes,2026-03-13,730,2028-03-12,730,115,balanced
Yolo Food Bank,Woodland,Brown rice,dry,223,bags,2026-02-18,365,2027-02-18,342,36,surplus
Los Angeles Regional Food Bank,Los Angeles,Broccoli,produce,387,lbs,2026-02-16,7,2026-02-23,-18,65,surplus
Sacramento Food Bank & Family Services,Sacramento,Frozen vegetables mix,protein,128,bags,2026-03-13,365,2027-03-13,365,77,balanced
Food Bank of Contra Costa and Solano,Concord,Canned black beans,canned,288,cans,2026-02-17,730,2028-02-17,706,91,surplus
Yolo Food Bank,Woodland,Milk gallons,dairy,104,gallons,2026-03-08,10,2026-03-18,5,75,balanced
Central California Food Bank,Fresno,Canned carrots,canned,114,cans,2026-03-08,730,2028-03-07,725,99,balanced
Second Harvest of Silicon Valley,San Jose,Peanut butter,dry,384,jars,2026-02-27,365,2027-02-27,351,57,surplus
Alameda County Community Food Bank,Oakland,Pasta,dry,376,boxes,2026-02-22,730,2028-02-22,711,110,surplus
Yolo Food Bank,Woodland,Tomatoes,produce,72,lbs,2026-02-19,10,2026-03-01,-12,66,balanced
Yolo Food Bank,Woodland,Canned soup,canned,189,cans,2026-02-27,540,2027-08-21,526,112,balanced
Food Bank of Contra Costa and Solano,Concord,Canned soup,canned,59,cans,2026-03-08,540,2027-08-30,535,90,shortage
Los Angeles Regional Food Bank,Los Angeles,Potatoes,produce,125,lbs,2026-03-09,30,2026-04-08,26,96,balanced
Alameda County Community Food Bank,Oakland,Lentils,dry,64,bags,2026-03-11,730,2028-03-10,728,86,shortage
Los Angeles Regional Food Bank,Los Angeles,Canned chickpeas,canned,268,cans,2026-03-06,730,2028-03-05,723,45,surplus
Yolo Food Bank,Woodland,Cereal,dry,374,boxes,2026-03-03,180,2026-08-30,170,87,surplus
Sacramento Food Bank & Family Services,Sacramento,Brown rice,dry,42,bags,2026-02-24,365,2027-02-24,348,102,shortage
Second Harvest Food Bank of Orange County,Irvine,Pasta,dry,325,boxes,2026-03-02,730,2028-03-01,719,56,surplus
Food Bank of Contra Costa and Solano,Concord,Butter,dairy,36,packs,2026-03-05,60,2026-05-04,52,85,shortage
Sacramento Food Bank & Family Services,Sacramento,Canned soup,canned,94,cans,2026-03-02,540,2027-08-24,529,86,balanced
Second Harvest Food Bank of Orange County,Irvine,Chicken breast frozen,protein,193,packs,2026-03-13,180,2026-09-09,180,21,surplus
Food Bank of Contra Costa and Solano,Concord,Potatoes,produce,315,lbs,2026-02-19,30,2026-03-21,8,94,surplus
Food Bank of Contra Costa and Solano,Concord,Egg cartons,dairy,240,cartons,2026-02-26,21,2026-03-19,6,104,balanced
Alameda County Community Food Bank,Oakland,Canned black beans,canned,330,cans,2026-02-23,730,2028-02-23,712,72,surplus
Food Bank of Contra Costa and Solano,Concord,Broccoli,produce,348,lbs,2026-02-24,7,2026-03-03,-10,89,surplus
Food Bank of Contra Costa and Solano,Concord,Brown rice,dry,373,bags,2026-02-25,365,2027-02-25,349,34,surplus
Alameda County Community Food Bank,Oakland,Potatoes,produce,394,lbs,2026-03-08,30,2026-04-07,25,60,surplus
Los Angeles Regional Food Bank,Los Angeles,Frozen berries,protein,227,bags,2026-03-12,365,2027-03-12,364,108,balanced
Second Harvest of Silicon Valley,San Jose,Canned black beans,canned,115,cans,2026-02-24,730,2028-02-24,713,50,balanced
Feeding San Diego,San Diego,Avocados,produce,36,units,2026-03-06,7,2026-03-13,0,59,shortage
Central California Food Bank,Fresno,Bananas,produce,217,lbs,2026-02-20,7,2026-02-27,-14,39,surplus
Central California Food Bank,Fresno,Canned soup,canned,221,cans,2026-03-07,540,2027-08-29,534,28,surplus
Yolo Food Bank,Woodland,Tomatoes,produce,49,lbs,2026-02-23,10,2026-03-05,-8,58,shortage
Feeding San Diego,San Diego,Onions,produce,12,lbs,2026-02-24,30,2026-03-26,13,47,shortage
Los Angeles Regional Food Bank,Los Angeles,Apples,produce,111,lbs,2026-03-11,21,2026-04-01,19,80,balanced
Feeding San Diego,San Diego,Flour,dry,336,bags,2026-03-09,365,2027-03-09,361,83,surplus
Second Harvest Food Bank of Orange County,Irvine,Avocados,produce,286,units,2026-03-13,7,2026-03-20,7,78,surplus
Central California Food Bank,Fresno,Brown rice,dry,217,bags,2026-03-13,365,2027-03-13,365,21,surplus
Second Harvest of Silicon Valley,San Jose,Ground turkey frozen,protein,357,packs,2026-03-12,180,2026-09-08,179,52,surplus
Los Angeles Regional Food Bank,Los Angeles,Cheese blocks,dairy,393,blocks,2026-03-01,30,2026-03-31,18,118,surplus
Central California Food Bank,Fresno,Oatmeal,dry,205,boxes,2026-03-04,365,2027-03-04,356,69,balanced
Feeding San Diego,San Diego,Lentils,dry,97,bags,2026-02-17,730,2028-02-17,706,116,shortage
Sacramento Food Bank & Family Services,Sacramento,Yogurt cups,dairy,244,cups,2026-02-21,21,2026-03-14,1,88,balanced
Second Harvest of Silicon Valley,San Jose,Cereal,dry,344,boxes,2026-03-12,180,2026-09-08,179,41,surplus
Alameda County Community Food Bank,Oakland,Frozen vegetables mix,protein,109,bags,2026-03-01,365,2027-03-01,353,96,balanced
Yolo Food Bank,Woodland,Canned tuna,canned,318,cans,2026-03-02,730,2028-03-01,719,49,surplus
Second Harvest of Silicon Valley,San Jose,Canned black beans,canned,239,cans,2026-03-01,730,2028-02-29,718,51,surplus
Second Harvest Food Bank of Orange County,Irvine,Carrots fresh,produce,334,lbs,2026-03-01,21,2026-03-22,9,21,surplus
Los Angeles Regional Food Bank,Los Angeles,Macaroni,dry,74,boxes,2026-02-22,730,2028-02-22,711,80,shortage
Feeding San Diego,San Diego,Ground turkey frozen,protein,183,packs,2026-02-28,180,2026-08-27,167,58,surplus
Feeding San Diego,San Diego,Milk gallons,dairy,354,gallons,2026-03-02,10,2026-03-12,-1,118,balanced
Alameda County Community Food Bank,Oakland,Carrots fresh,produce,275,lbs,2026-03-03,21,2026-03-24,11,103,balanced
Yolo Food Bank,Woodland,Frozen berries,protein,87,bags,2026-02-28,365,2027-02-28,352,111,shortage
Sacramento Food Bank & Family Services,Sacramento,Frozen berries,protein,159,bags,2026-02-18,365,2027-02-18,342,117,balanced
Central California Food Bank,Fresno,Cheese blocks,dairy,107,blocks,2026-02-18,30,2026-03-20,7,25,surplus
Alameda County Community Food Bank,Oakland,Spinach,produce,80,bags,2026-03-12,7,2026-03-19,6,94,shortage
Yolo Food Bank,Woodland,Onions,produce,375,lbs,2026-03-03,30,2026-04-02,20,60,surplus
Yolo Food Bank,Woodland,Tomatoes,produce,364,lbs,2026-03-05,10,2026-03-15,2,21,surplus
Second Harvest Food Bank of Orange County,Irvine,Brown rice,dry,248,bags,2026-03-12,365,2027-03-12,364,110,balanced
Second Harvest of Silicon Valley,San Jose,Canned tomatoes,canned,26,cans,2026-02-24,730,2028-02-24,713,84,shortage
Feeding San Diego,San Diego,Avocados,produce,198,units,2026-03-11,7,2026-03-18,5,88,balanced
Second Harvest of Silicon Valley,San Jose,Lentils,dry,285,bags,2026-03-05,730,2028-03-04,722,60,surplus
Alameda County Community Food Bank,Oakland,Pasta,dry,205,boxes,2026-02-20,730,2028-02-20,709,32,surplus
Feeding San Diego,San Diego,Lentils,dry,388,bags,2026-03-05,730,2028-03-04,722,26,surplus
Central California Food Bank,Fresno,Frozen berries,protein,30,bags,2026-03-01,365,2027-03-01,353,75,shortage
Central California Food Bank,Fresno,Flour,dry,179,bags,2026-03-01,365,2027-03-01,353,73,balanced
Second Harvest of Silicon Valley,San Jose,Oranges,produce,272,lbs,2026-03-12,14,2026-03-26,13,43,surplus
Yolo Food Bank,Woodland,Canned salmon,canned,236,cans,2026-03-02,730,2028-03-01,719,74,surplus
Feeding San Diego,San Diego,Canned salmon,canned,326,cans,2026-02-19,730,2028-02-19,708,88,surplus
Central California Food Bank,Fresno,Pasta,dry,285,boxes,2026-03-01,730,2028-02-29,718,43,surplus
Sacramento Food Bank & Family Services,Sacramento,Macaroni,dry,222,boxes,2026-03-02,730,2028-03-01,719,89,balanced
Second Harvest Food Bank of Orange County,Irvine,Peanut butter,dry,381,jars,2026-03-07,365,2027-03-07,359,105,surplus
Second Harvest of Silicon Valley,San Jose,Almond butter,dry,279,jars,2026-02-27,365,2027-02-27,351,95,balanced
Yolo Food Bank,Woodland,Tomatoes,produce,355,lbs,2026-03-04,10,2026-03-14,1,70,surplus
San Francisco-Marin Food Bank,San Francisco,Canned tuna,canned,72,cans,2026-03-10,730,2028-03-09,727,119,shortage
Second Harvest of Silicon Valley,San Jose,Canned carrots,canned,71,cans,2026-02-27,730,2028-02-27,716,105,shortage
Yolo Food Bank,Woodland,Lentils,dry,159,bags,2026-03-02,730,2028-03-01,719,59,balanced
Second Harvest of Silicon Valley,San Jose,Frozen vegetables mix,protein,114,bags,2026-02-17,365,2027-02-17,341,74,balanced
Central California Food Bank,Fresno,Canned chickpeas,canned,292,cans,2026-02-23,730,2028-02-23,712,20,surplus
Yolo Food Bank,Woodland,Canned beans,canned,242,cans,2026-03-03,730,2028-03-02,720,79,surplus
Second Harvest of Silicon Valley,San Jose,Almond butter,dry,160,jars,2026-02-27,365,2027-02-27,351,43,surplus
Second Harvest Food Bank of Orange County,Irvine,Pasta,dry,84,boxes,2026-02-20,730,2028-02-20,709,117,shortage
Second Harvest of Silicon Valley,San Jose,Canned green beans,canned,43,cans,2026-02-19,730,2028-02-19,708,100,shortage
San Francisco-Marin Food Bank,San Francisco,Flour,dry,365,bags,2026-03-05,365,2027-03-05,357,45,surplus
Feeding San Diego,San Diego,Spinach,produce,174,bags,2026-02-16,7,2026-02-23,-18,109,balanced
Los Angeles Regional Food Bank,Los Angeles,Tomatoes,produce,358,lbs,2026-02-16,10,2026-02-26,-15,87,surplus
Second Harvest Food Bank of Orange County,Irvine,Spaghetti,dry,142,boxes,2026-02-23,730,2028-02-23,712,95,balanced
Central California Food Bank,Fresno,Macaroni,dry,51,boxes,2026-03-05,730,2028-03-04,722,107,shortage
Sacramento Food Bank & Family Services,Sacramento,Cheese blocks,dairy,259,blocks,2026-02-21,30,2026-03-23,10,58,surplus
Food Bank of Contra Costa and Solano,Concord,Egg cartons,dairy,305,cartons,2026-03-13,21,2026-04-03,21,93,surplus
Sacramento Food Bank & Family Services,Sacramento,Rice 5lb bag,dry,60,bags,2026-03-09,730,2028-03-08,726,67,shortage
Central California Food Bank,Fresno,Peanut butter,dry,53,jars,2026-03-12,365,2027-03-12,364,86,shortage
San Francisco-Marin Food Bank,San Francisco,Cereal,dry,126,boxes,2026-02-28,180,2026-08-27,167,42,balanced
Feeding San Diego,San Diego,Avocados,produce,210,units,2026-03-06,7,2026-03-13,0,24,surplus
Second Harvest of Silicon Valley,San Jose,Macaroni,dry,45,boxes,2026-02-18,730,2028-02-18,707,77,shortage
Feeding San Diego,San Diego,Egg cartons,dairy,218,cartons,2026-02-23,21,2026-03-16,3,114,balanced
San Francisco-Marin Food Bank,San Francisco,Butter,dairy,48,packs,2026-03-11,60,2026-05-10,58,84,shortage
Sacramento Food Bank & Family Services,Sacramento,Butter,dairy,170,packs,2026-02-20,60,2026-04-21,39,39,surplus
Feeding San Diego,San Diego,Onions,produce,48,lbs,2026-03-07,30,2026-04-06,24,108,shortage
Alameda County Community Food Bank,Oakland,Lettuce,produce,241,heads,2026-02-25,10,2026-03-07,-6,75,surplus
Los Angeles Regional Food Bank,Los Angeles,Canned soup,canned,13,cans,2026-03-11,540,2027-09-02,538,73,shortage
Second Harvest Food Bank of Orange County,Irvine,Canned beans,canned,326,cans,2026-03-03,730,2028-03-02,720,58,surplus
Yolo Food Bank,Woodland,Canned black beans,canned,196,cans,2026-02-23,730,2028-02-23,712,82,balanced
Los Angeles Regional Food Bank,Los Angeles,Flour,dry,92,bags,2026-03-03,365,2027-03-03,355,100,shortage
Central California Food Bank,Fresno,Canned black beans,canned,342,cans,2026-03-13,730,2028-03-12,730,39,surplus
Food Bank of Contra Costa and Solano,Concord,Chicken breast frozen,protein,276,packs,2026-02-22,180,2026-08-21,161,44,surplus
Feeding San Diego,San Diego,Chicken breast frozen,protein,209,packs,2026-03-13,180,2026-09-09,180,115,balanced
Alameda County Community Food Bank,Oakland,Chicken breast frozen,protein,15,packs,2026-02-24,180,2026-08-23,163,73,shortage
Feeding San Diego,San Diego,Lettuce,produce,40,heads,2026-03-01,10,2026-03-11,-2,106,shortage
Sacramento Food Bank & Family Services,Sacramento,Canned green beans,canned,383,cans,2026-03-07,730,2028-03-06,724,93,surplus
Second Harvest Food Bank of Orange County,Irvine,Canned salmon,canned,22,cans,2026-02-19,730,2028-02-19,708,92,shortage
Second Harvest Food Bank of Orange County,Irvine,Egg cartons,dairy,276,cartons,2026-02-23,21,2026-03-16,3,117,balanced
Los Angeles Regional Food Bank,Los Angeles,Almond butter,dry,111,jars,2026-03-01,365,2027-03-01,353,100,balanced
San Francisco-Marin Food Bank,San Francisco,Peanut butter,dry,102,jars,2026-03-04,365,2027-03-04,356,78,balanced
Second Harvest Food Bank of Orange County,Irvine,Lettuce,produce,354,heads,2026-02-26,10,2026-03-08,-5,42,surplus
Alameda County Community Food Bank,Oakland,Canned peas,canned,399,cans,2026-03-04,730,2028-03-03,721,40,surplus
Second Harvest of Silicon Valley,San Jose,Canned green beans,canned,142,cans,2026-02-24,730,2028-02-24,713,95,balanced
Second Harvest Food Bank of Orange County,Irvine,Tomatoes,produce,21,lbs,2026-03-05,10,2026-03-15,2,101,shortage
Food Bank of Contra Costa and Solano,Concord,Frozen vegetables mix,protein,99,bags,2026-03-08,365,2027-03-08,360,80,balanced
Food Bank of Contra Costa and Solano,Concord,Frozen vegetables mix,protein,196,bags,2026-03-12,365,2027-03-12,364,90,balanced
Feeding San Diego,San Diego,Tomatoes,produce,230,lbs,2026-03-13,10,2026-03-23,10,46,surplus
Second Harvest of Silicon Valley,San Jose,Peanut butter,dry,222,jars,2026-02-27,365,2027-02-27,351,111,balanced
Second Harvest Food Bank of Orange County,Irvine,Oatmeal,dry,152,boxes,2026-03-07,365,2027-03-07,359,99,balanced
Yolo Food Bank,Woodland,Macaroni,dry,152,boxes,2026-02-24,730,2028-02-24,713,90,balanced
Sacramento Food Bank & Family Services,Sacramento,Canned tuna,canned,213,cans,2026-03-13,730,2028-03-12,730,30,surplus
Second Harvest Food Bank of Orange County,Irvine,Carrots fresh,produce,387,lbs,2026-02-17,21,2026-03-10,-3,77,surplus
Food Bank of Contra Costa and Solano,Concord,Canned salmon,canned,182,cans,2026-03-13,730,2028-03-12,730,84,balanced
Los Angeles Regional Food Bank,Los Angeles,Canned chickpeas,canned,137,cans,2026-02-16,730,2028-02-16,705,43,surplus
Second Harvest of Silicon Valley,San Jose,Onions,produce,142,lbs,2026-03-02,30,2026-04-01,19,78,balanced
Second Harvest Food Bank of Orange County,Irvine,Ground turkey frozen,protein,232,packs,2026-03-12,180,2026-09-08,179,81,balanced
San Francisco-Marin Food Bank,San Francisco,Frozen vegetables mix,protein,223,bags,2026-02-25,365,2027-02-25,349,100,balanced
Feeding San Diego,San Diego,Spinach,produce,103,bags,2026-03-04,7,2026-03-11,-2,76,balanced
San Francisco-Marin Food Bank,San Francisco,Butter,dairy,157,packs,2026-02-26,60,2026-04-27,45,116,balanced
Yolo Food Bank,Woodland,Canned soup,canned,177,cans,2026-02-17,540,2027-08-11,516,55,surplus
Feeding San Diego,San Diego,Carrots fresh,produce,218,lbs,2026-03-13,21,2026-04-03,21,50,surplus
Yolo Food Bank,Woodland,Canned soup,canned,238,cans,2026-03-01,540,2027-08-23,528,42,surplus
Food Bank of Contra Costa and Solano,Concord,Chicken breast frozen,protein,384,packs,2026-03-12,180,2026-09-08,179,64,surplus
Sacramento Food Bank & Family Services,Sacramento,Canned chickpeas,canned,285,cans,2026-03-12,730,2028-03-11,729,117,balanced
Los Angeles Regional Food Bank,Los Angeles,Frozen vegetables mix,protein,395,bags,2026-02-19,365,2027-02-19,343,35,surplus
Yolo Food Bank,Woodland,Tomatoes,produce,100,lbs,2026-03-03,10,2026-03-13,0,93,balanced
San Francisco-Marin Food Bank,San Francisco,Canned green beans,canned,305,cans,2026-02-27,730,2028-02-27,716,92,surplus
Feeding San Diego,San Diego,Chicken breast frozen,protein,14,packs,2026-02-28,180,2026-08-27,167,51,shortage
Food Bank of Contra Costa and Solano,Concord,Milk gallons,dairy,36,gallons,2026-03-09,10,2026-03-19,6,26,balanced
San Francisco-Marin Food Bank,San Francisco,Broccoli,produce,316,lbs,2026-02-28,7,2026-03-07,-6,22,surplus
Sacramento Food Bank & Family Services,Sacramento,Almond butter,dry,355,jars,2026-03-04,365,2027-03-04,356,85,surplus
Sacramento Food Bank & Family Services,Sacramento,Lettuce,produce,235,heads,2026-02-28,10,2026-03-10,-3,36,surplus
Los Angeles Regional Food Bank,Los Angeles,Frozen vegetables mix,protein,319,bags,2026-03-02,365,2027-03-02,354,105,surplus
Yolo Food Bank,Woodland,Canned corn,canned,306,cans,2026-03-02,730,2028-03-01,719,53,surplus
Alameda County Community Food Bank,Oakland,Oatmeal,dry,149,boxes,2026-03-12,365,2027-03-12,364,20,surplus
Food Bank of Contra Costa and Solano,Concord,Spinach,produce,59,bags,2026-03-05,7,2026-03-12,-1,64,shortage
San Francisco-Marin Food Bank,San Francisco,Oranges,produce,30,lbs,2026-02-21,14,2026-03-07,-6,114,shortage
Second Harvest Food Bank of Orange County,Irvine,Macaroni,dry,214,boxes,2026-03-07,730,2028-03-06,724,68,surplus
San Francisco-Marin Food Bank,San Francisco,Bell peppers,produce,320,lbs,2026-02-26,10,2026-03-08,-5,74,surplus
Feeding San Diego,San Diego,Canned beans,canned,245,cans,2026-03-07,730,2028-03-06,724,36,surplus
Sacramento Food Bank & Family Services,Sacramento,Almond butter,dry,362,jars,2026-03-05,365,2027-03-05,357,88,surplus
Second Harvest of Silicon Valley,San Jose,Frozen berries,protein,173,bags,2026-03-04,365,2027-03-04,356,81,balanced
Food Bank of Contra Costa and Solano,Concord,Canned beans,canned,236,cans,2026-02-17,730,2028-02-17,706,59,surplus
Alameda County Community Food Bank,Oakland,Butter,dairy,274,packs,2026-02-28,60,2026-04-29,47,77,surplus
Feeding San Diego,San Diego,Onions,produce,83,lbs,2026-02-22,30,2026-03-24,11,26,surplus
San Francisco-Marin Food Bank,San Francisco,Cheese blocks,dairy,234,blocks,2026-03-13,30,2026-04-12,30,62,surplus
Central California Food Bank,Fresno,Canned salmon,canned,59,cans,2026-03-01,730,2028-02-29,718,69,shortage
Second Harvest of Silicon Valley,San Jose,Egg cartons,dairy,58,cartons,2026-02-22,21,2026-03-15,2,114,shortage
Los Angeles Regional Food Bank,Los Angeles,Canned green beans,canned,207,cans,2026-02-24,730,2028-02-24,713,107,balanced
Sacramento Food Bank & Family Services,Sacramento,Spaghetti,dry,87,boxes,2026-02-17,730,2028-02-17,706,79,balanced
Yolo Food Bank,Woodland,Frozen berries,protein,235,bags,2026-03-02,365,2027-03-02,354,46,surplus
Sacramento Food Bank & Family Services,Sacramento,Canned beans,canned,83,cans,2026-02-18,730,2028-02-18,707,106,shortage
Sacramento Food Bank & Family Services,Sacramento,Apples,produce,131,lbs,2026-03-13,21,2026-04-03,21,104,balanced
San Francisco-Marin Food Bank,San Francisco,Onions,produce,77,lbs,2026-03-09,30,2026-04-08,26,79,shortage
Sacramento Food Bank & Family Services,Sacramento,Almond butter,dry,330,jars,2026-03-03,365,2027-03-03,355,50,surplus
Sacramento Food Bank & Family Services,Sacramento,Pasta,dry,290,boxes,2026-03-07,730,2028-03-06,724,61,surplus
Los Angeles Regional Food Bank,Los Angeles,Canned salmon,canned,50,cans,2026-02-17,730,2028-02-17,706,67,shortage
Feeding San Diego,San Diego,Frozen berries,protein,111,bags,2026-02-23,365,2027-02-23,347,35,surplus
Food Bank of Contra Costa and Solano,Concord,Canned black beans,canned,357,cans,2026-03-05,730,2028-03-04,722,30,surplus
Second Harvest of Silicon Valley,San Jose,Canned tuna,canned,272,cans,2026-03-08,730,2028-03-07,725,45,surplus
Second Harvest of Silicon Valley,San Jose,Butter,dairy,271,packs,2026-03-11,60,2026-05-10,58,67,surplus
Second Harvest Food Bank of Orange County,Irvine,Rice 5lb bag,dry,366,bags,2026-02-20,730,2028-02-20,709,21,surplus
Yolo Food Bank,Woodland,Spaghetti,dry,59,boxes,2026-02-19,730,2028-02-19,708,114,shortage
Food Bank of Contra Costa and Solano,Concord,Canned soup,canned,152,cans,2026-03-11,540,2027-09-02,538,62,balanced
Second Harvest Food Bank of Orange County,Irvine,Cheese blocks,dairy,249,blocks,2026-02-16,30,2026-03-18,5,28,surplus
Alameda County Community Food Bank,Oakland,Butter,dairy,286,packs,2026-03-01,60,2026-04-30,48,119,balanced
Sacramento Food Bank & Family Services,Sacramento,Sugar,dry,99,bags,2026-02-24,730,2028-02-24,713,110,shortage
Second Harvest Food Bank of Orange County,Irvine,Canned soup,canned,74,cans,2026-03-10,540,2027-09-01,537,89,shortage
Second Harvest Food Bank of Orange County,Irvine,Frozen berries,protein,143,bags,2026-02-27,365,2027-02-27,351,49,balanced
Feeding San Diego,San Diego,Potatoes,produce,357,lbs,2026-03-12,30,2026-04-11,29,116,surplus
Second Harvest of Silicon Valley,San Jose,Peanut butter,dry,346,jars,2026-03-10,365,2027-03-10,362,36,surplus
Los Angeles Regional Food Bank,Los Angeles,Canned black beans,canned,394,cans,2026-03-08,730,2028-03-07,725,88,surplus
Food Bank of Contra Costa and Solano,Concord,Oranges,produce,264,lbs,2026-03-09,14,2026-03-23,10,30,surplus
Second Harvest of Silicon Valley,San Jose,Canned tuna,canned,21,cans,2026-02-17,730,2028-02-17,706,114,shortage
Alameda County Community Food Bank,Oakland,Frozen berries,protein,258,bags,2026-03-13,365,2027-03-13,365,38,surplus
Food Bank of Contra Costa and Solano,Concord,Macaroni,dry,95,boxes,2026-03-09,730,2028-03-08,726,118,shortage
Second Harvest of Silicon Valley,San Jose,Canned black beans,canned,225,cans,2026-03-03,730,2028-03-02,720,28,surplus
Second Harvest of Silicon Valley,San Jose,Canned peas,canned,21,cans,2026-02-25,730,2028-02-25,714,20,balanced
Feeding San Diego,San Diego,Canned green beans,canned,292,cans,2026-02-20,730,2028-02-20,709,108,balanced
Alameda County Community Food Bank,Oakland,Canned beans,canned,380,cans,2026-03-11,730,2028-03-10,728,98,surplus
Second Harvest of Silicon Valley,San Jose,Yogurt cups,dairy,245,cups,2026-02-25,21,2026-03-18,5,92,balanced
San Francisco-Marin Food Bank,San Francisco,Bell peppers,produce,57,lbs,2026-02-26,10,2026-03-08,-5,53,balanced
Food Bank of Contra Costa and Solano,Concord,Tomatoes,produce,103,lbs,2026-03-03,10,2026-03-13,0,26,surplus
Alameda County Community Food Bank,Oakland,Canned beans,canned,345,cans,2026-02-23,730,2028-02-23,712,113,surplus
Second Harvest Food Bank of Orange County,Irvine,Yogurt cups,dairy,254,cups,2026-03-05,21,2026-03-26,13,76,surplus
Feeding San Diego,San Diego,Lettuce,produce,107,heads,2026-02-23,10,2026-03-05,-8,32,surplus
Sacramento Food Bank & Family Services,Sacramento,Canned tomatoes,canned,117,cans,2026-02-24,730,2028-02-24,713,47,balanced
Los Angeles Regional Food Bank,Los Angeles,Spaghetti,dry,192,boxes,2026-03-02,730,2028-03-01,719,76,balanced
Sacramento Food Bank & Family Services,Sacramento,Canned black beans,canned,286,cans,2026-02-19,730,2028-02-19,708,36,surplus
Sacramento Food Bank & Family Services,Sacramento,Spaghetti,dry,347,boxes,2026-03-03,730,2028-03-02,720,101,surplus
Sacramento Food Bank & Family Services,Sacramento,Peanut butter,dry,81,jars,2026-02-25,365,2027-02-25,349,27,balanced
Second Harvest Food Bank of Orange County,Irvine,Oatmeal,dry,320,boxes,2026-03-09,365,2027-03-09,361,91,surplus
Alameda County Community Food Bank,Oakland,Canned peas,canned,313,cans,2026-03-08,730,2028-03-07,725,102,surplus
San Francisco-Marin Food Bank,San Francisco,Cereal,dry,86,boxes,2026-03-12,180,2026-09-08,179,82,balanced
Sacramento Food Bank & Family Services,Sacramento,Ground turkey frozen,protein,201,packs,2026-02-17,180,2026-08-16,156,22,surplus
Second Harvest of Silicon Valley,San Jose,Canned corn,canned,344,cans,2026-03-02,730,2028-03-01,719,65,surplus
Central California Food Bank,Fresno,Rice 5lb bag,dry,343,bags,2026-02-16,730,2028-02-16,705,89,surplus
Feeding San Diego,San Diego,Carrots fresh,produce,16,lbs,2026-02-21,21,2026-03-14,1,37,shortage
Yolo Food Bank,Woodland,Canned salmon,canned,260,cans,2026-02-19,730,2028-02-19,708,119,balanced
Yolo Food Bank,Woodland,Oatmeal,dry,374,boxes,2026-02-27,365,2027-02-27,351,31,surplus
Food Bank of Contra Costa and Solano,Concord,Tomatoes,produce,199,lbs,2026-03-04,10,2026-03-14,1,88,balanced
Second Harvest Food Bank of Orange County,Irvine,Cheese blocks,dairy,248,blocks,2026-03-10,30,2026-04-09,27,22,surplus
Central California Food Bank,Fresno,Frozen berries,protein,291,bags,2026-03-02,365,2027-03-02,354,100,balanced
Second Harvest Food Bank of Orange County,Irvine,Canned green beans,canned,112,cans,2026-02-24,730,2028-02-24,713,44,balanced
San Francisco-Marin Food Bank,San Francisco,Spinach,produce,346,bags,2026-03-05,7,2026-03-12,-1,44,surplus
Yolo Food Bank,Woodland,Cheese blocks,dairy,394,blocks,2026-03-06,30,2026-04-05,23,27,surplus
Second Harvest Food Bank of Orange County,Irvine,Canned soup,canned,382,cans,2026-03-09,540,2027-08-31,536,111,surplus
Yolo Food Bank,Woodland,Canned salmon,canned,14,cans,2026-03-10,730,2028-03-09,727,21,shortage
Yolo Food Bank,Woodland,Spinach,produce,55,bags,2026-03-05,7,2026-03-12,-1,66,shortage
Second Harvest Food Bank of Orange County,Irvine,Cheese blocks,dairy,17,blocks,2026-03-08,30,2026-04-07,25,97,shortage
Central California Food Bank,Fresno,Frozen vegetables mix,protein,131,bags,2026-03-08,365,2027-03-08,360,33,surplus
Sacramento Food Bank & Family Services,Sacramento,Peanut butter,dry,336,jars,2026-02-28,365,2027-02-28,352,52,surplus
Feeding San Diego,San Diego,Cheese blocks,dairy,256,blocks,2026-03-03,30,2026-04-02,20,68,surplus
San Francisco-Marin Food Bank,San Francisco,Canned soup,canned,37,cans,2026-03-09,540,2027-08-31,536,40,shortage
Sacramento Food Bank & Family Services,Sacramento,Canned chickpeas,canned,378,cans,2026-03-01,730,2028-02-29,718,28,surplus
Yolo Food Bank,Woodland,Yogurt cups,dairy,214,cups,2026-03-08,21,2026-03-29,16,62,surplus
Second Harvest Food Bank of Orange County,Irvine,Broccoli,produce,79,lbs,2026-02-23,7,2026-03-02,-11,73,balanced
Second Harvest Food Bank of Orange County,Irvine,Egg cartons,dairy,170,cartons,2026-02-16,21,2026-03-09,-4,107,balanced
Central California Food Bank,Fresno,Avocados,produce,19,units,2026-02-28,7,2026-03-07,-6,109,shortage
San Francisco-Marin Food Bank,San Francisco,Chicken breast frozen,protein,362,packs,2026-02-27,180,2026-08-26,166,60,surplus
Alameda County Community Food Bank,Oakland,Lettuce,produce,96,heads,2026-03-03,10,2026-03-13,0,37,balanced
Feeding San Diego,San Diego,Peanut butter,dry,390,jars,2026-02-20,365,2027-02-20,344,94,surplus
Yolo Food Bank,Woodland,Canned chickpeas,canned,384,cans,2026-03-12,730,2028-03-11,729,39,surplus
Central California Food Bank,Fresno,Canned carrots,canned,109,cans,2026-03-12,730,2028-03-11,729,32,surplus
Los Angeles Regional Food Bank,Los Angeles,Canned chickpeas,canned,256,cans,2026-02-23,730,2028-02-23,712,117,balanced
Sacramento Food Bank & Family Services,Sacramento,Lentils,dry,301,bags,2026-02-25,730,2028-02-25,714,51,surplus
Feeding San Diego,San Diego,Frozen vegetables mix,protein,127,bags,2026-02-25,365,2027-02-25,349,108,balanced
Food Bank of Contra Costa and Solano,Concord,Oatmeal,dry,202,boxes,2026-02-21,365,2027-02-21,345,107,balanced
Central California Food Bank,Fresno,Broccoli,produce,176,lbs,2026-02-18,7,2026-02-25,-16,69,balanced
Feeding San Diego,San Diego,Broccoli,produce,293,lbs,2026-03-09,7,2026-03-16,3,73,surplus
Second Harvest Food Bank of Orange County,Irvine,Canned beans,canned,144,cans,2026-02-23,730,2028-02-23,712,77,balanced
Second Harvest Food Bank of Orange County,Irvine,Brown rice,dry,45,bags,2026-02-17,365,2027-02-17,341,54,shortage
Sacramento Food Bank & Family Services,Sacramento,Canned salmon,canned,31,cans,2026-03-05,730,2028-03-04,722,68,shortage
Sacramento Food Bank & Family Services,Sacramento,Canned carrots,canned,283,cans,2026-02-25,730,2028-02-25,714,22,surplus
Food Bank of Contra Costa and Solano,Concord,Lettuce,produce,92,heads,2026-03-12,10,2026-03-22,9,78,balanced
Second Harvest of Silicon Valley,San Jose,Canned tuna,canned,231,cans,2026-03-12,730,2028-03-11,729,85,balanced
Yolo Food Bank,Woodland,Canned corn,canned,337,cans,2026-03-08,730,2028-03-07,725,29,surplus
Sacramento Food Bank & Family Services,Sacramento,Canned soup,canned,281,cans,2026-03-06,540,2027-08-28,533,114,balanced
San Francisco-Marin Food Bank,San Francisco,Canned beans,canned,372,cans,2026-02-27,730,2028-02-27,716,111,surplus
Central California Food Bank,Fresno,Canned carrots,canned,235,cans,2026-03-02,730,2028-03-01,719,109,balanced
Feeding San Diego,San Diego,Canned green beans,canned,224,cans,2026-02-28,730,2028-02-28,717,62,surplus
San Francisco-Marin Food Bank,San Francisco,Apples,produce,151,lbs,2026-03-08,21,2026-03-29,16,45,surplus
Feeding San Diego,San Diego,Pasta,dry,313,boxes,2026-03-06,730,2028-03-05,723,95,surplus
Los Angeles Regional Food Bank,Los Angeles,Sugar,dry,310,bags,2026-02-22,730,2028-02-22,711,25,surplus
Second Harvest Food Bank of Orange County,Irvine,Rice 5lb bag,dry,41,bags,2026-03-02,730,2028-03-01,719,58,shortage
Feeding San Diego,San Diego,Potatoes,produce,97,lbs,2026-03-04,30,2026-04-03,21,50,balanced
Yolo Food Bank,Woodland,Spaghetti,dry,306,boxes,2026-02-16,730,2028-02-16,705,38,surplus
Yolo Food Bank,Woodland,Ground turkey frozen,protein,361,packs,2026-03-05,180,2026-09-01,172,96,surplus
Second Harvest of Silicon Valley,San Jose,Tomatoes,produce,127,lbs,2026-02-22,10,2026-03-04,-9,84,balanced
Feeding San Diego,San Diego,Avocados,produce,149,units,2026-02-26,7,2026-03-05,-8,109,balanced
Second Harvest of Silicon Valley,San Jose,Broccoli,produce,103,lbs,2026-03-04,7,2026-03-11,-2,63,balanced
Los Angeles Regional Food Bank,Los Angeles,Canned salmon,canned,365,cans,2026-02-16,730,2028-02-16,705,32,surplus
Food Bank of Contra Costa and Solano,Concord,Canned chickpeas,canned,103,cans,2026-02-19,730,2028-02-19,708,23,surplus
Feeding San Diego,San Diego,Milk gallons,dairy,100,gallons,2026-03-11,10,2026-03-21,8,37,balanced
Yolo Food Bank,Woodland,Oranges,produce,145,lbs,2026-03-13,14,2026-03-27,14,22,surplus
Yolo Food Bank,Woodland,Brown rice,dry,187,bags,2026-02-18,365,2027-02-18,342,91,balanced
Second Harvest of Silicon Valley,San Jose,Tomatoes,produce,83,lbs,2026-02-16,10,2026-02-26,-15,53,balanced
Yolo Food Bank,Woodland,Carrots fresh,produce,205,lbs,2026-02-19,21,2026-03-12,-1,66,surplus
San Francisco-Marin Food Bank,San Francisco,Tomatoes,produce,351,lbs,2026-03-09,10,2026-03-19,6,109,surplus
Alameda County Community Food Bank,Oakland,Canned chickpeas,canned,19,cans,2026-02-16,730,2028-02-16,705,103,shortage
Los Angeles Regional Food Bank,Los Angeles,Almond butter,dry,45,jars,2026-02-26,365,2027-02-26,350,91,shortage
Food Bank of Contra Costa and Solano,Concord,Yogurt cups,dairy,186,cups,2026-02-23,21,2026-03-16,3,41,surplus
Feeding San Diego,San Diego,Tomatoes,produce,337,lbs,2026-03-01,10,2026-03-11,-2,61,surplus
Alameda County Community Food Bank,Oakland,Potatoes,produce,97,lbs,2026-02-28,30,2026-03-30,17,38,balanced
Central California Food Bank,Fresno,Canned soup,canned,64,cans,2026-02-24,540,2027-08-18,523,42,balanced
Yolo Food Bank,Woodland,Pasta,dry,82,boxes,2026-03-05,730,2028-03-04,722,35,balanced
Yolo Food Bank,Woodland,Cheese blocks,dairy,11,blocks,2026-03-13,30,2026-04-12,30,93,shortage
Central California Food Bank,Fresno,Cheese blocks,dairy,374,blocks,2026-02-16,30,2026-03-18,5,81,surplus
Alameda County Community Food Bank,Oakland,Brown rice,dry,246,bags,2026-03-03,365,2027-03-03,355,54,surplus
Sacramento Food Bank & Family Services,Sacramento,Broccoli,produce,206,lbs,2026-02-19,7,2026-02-26,-15,105,balanced
Central California Food Bank,Fresno,Spinach,produce,169,bags,2026-02-22,7,2026-03-01,-12,73,balanced
Second Harvest Food Bank of Orange County,Irvine,Lettuce,produce,238,heads,2026-03-02,10,2026-03-12,-1,85,balanced
Alameda County Community Food Bank,Oakland,Bell peppers,produce,159,lbs,2026-02-26,10,2026-03-08,-5,28,surplus
Sacramento Food Bank & Family Services,Sacramento,Egg cartons,dairy,129,cartons,2026-02-19,21,2026-03-12,-1,103,balanced
Central California Food Bank,Fresno,Lentils,dry,55,bags,2026-03-13,730,2028-03-12,730,20,balanced
Los Angeles Regional Food Bank,Los Angeles,Frozen berries,protein,186,bags,2026-02-16,365,2027-02-16,340,42,surplus
Sacramento Food Bank & Family Services,Sacramento,Canned beans,canned,144,cans,2026-02-22,730,2028-02-22,711,110,balanced
Second Harvest of Silicon Valley,San Jose,Onions,produce,100,lbs,2026-02-28,30,2026-03-30,17,88,balanced
Sacramento Food Bank & Family Services,Sacramento,Egg cartons,dairy,30,cartons,2026-02-23,21,2026-03-16,3,66,shortage
Alameda County Community Food Bank,Oakland,Canned chickpeas,canned,29,cans,2026-02-16,730,2028-02-16,705,95,shortage
Central California Food Bank,Fresno,Pasta,dry,196,boxes,2026-02-16,730,2028-02-16,705,96,balanced
Central California Food Bank,Fresno,Yogurt cups,dairy,317,cups,2026-02-27,21,2026-03-20,7,113,balanced
Food Bank of Contra Costa and Solano,Concord,Sugar,dry,202,bags,2026-03-13,730,2028-03-12,730,21,surplus
Alameda County Community Food Bank,Oakland,Canned green beans,canned,273,cans,2026-03-09,730,2028-03-08,726,64,surplus
Second Harvest Food Bank of Orange County,Irvine,Pasta,dry,367,boxes,2026-03-13,730,2028-03-12,730,78,surplus
Yolo Food Bank,Woodland,Avocados,produce,26,units,2026-02-17,7,2026-02-24,-17,102,shortage
Yolo Food Bank,Woodland,Canned green beans,canned,391,cans,2026-03-05,730,2028-03-04,722,96,surplus
Second Harvest Food Bank of Orange County,Irvine,Canned chickpeas,canned,252,cans,2026-03-07,730,2028-03-06,724,62,surplus
San Francisco-Marin Food Bank,San Francisco,Ground turkey frozen,protein,163,packs,2026-02-22,180,2026-08-21,161,80,balanced
Los Angeles Regional Food Bank,Los Angeles,Milk gallons,dairy,124,gallons,2026-03-08,10,2026-03-18,5,61,balanced
Los Angeles Regional Food Bank,Los Angeles,Avocados,produce,156,units,2026-03-08,7,2026-03-15,2,20,surplus
Los Angeles Regional Food Bank,Los Angeles,Bell peppers,produce,317,lbs,2026-02-23,10,2026-03-05,-8,27,surplus
Sacramento Food Bank & Family Services,Sacramento,Bananas,produce,102,lbs,2026-02-25,7,2026-03-04,-9,85,balanced
San Francisco-Marin Food Bank,San Francisco,Yogurt cups,dairy,202,cups,2026-03-02,21,2026-03-23,10,54,surplus
Sacramento Food Bank & Family Services,Sacramento,Avocados,produce,270,units,2026-03-10,7,2026-03-17,4,117,balanced
Second Harvest Food Bank of Orange County,Irvine,Potatoes,produce,164,lbs,2026-02-21,30,2026-03-23,10,104,balanced
Sacramento Food Bank & Family Services,Sacramento,Pasta,dry,191,boxes,2026-02-16,730,2028-02-16,705,92,balanced
Sacramento Food Bank & Family Services,Sacramento,Yogurt cups,dairy,171,cups,2026-02-16,21,2026-03-09,-4,100,balanced
Second Harvest Food Bank of Orange County,Irvine,Chicken breast frozen,protein,277,packs,2026-03-04,180,2026-08-31,171,80,surplus
Sacramento Food Bank & Family Services,Sacramento,Spinach,produce,259,bags,2026-02-28,7,2026-03-07,-6,48,surplus
Sacramento Food Bank & Family Services,Sacramento,Frozen vegetables mix,protein,366,bags,2026-02-26,365,2027-02-26,350,63,surplus
Alameda County Community Food Bank,Oakland,Canned black beans,canned,126,cans,2026-03-13,730,2028-03-12,730,77,balanced
Alameda County Community Food Bank,Oakland,Egg cartons,dairy,90,cartons,2026-03-03,21,2026-03-24,11,83,balanced
Yolo Food Bank,Woodland,Frozen vegetables mix,protein,386,bags,2026-02-25,365,2027-02-25,349,60,surplus
Food Bank of Contra Costa and Solano,Concord,Canned tuna,canned,97,cans,2026-02-17,730,2028-02-17,706,43,balanced
Alameda County Community Food Bank,Oakland,Apples,produce,63,lbs,2026-03-04,21,2026-03-25,12,36,balanced
Food Bank of Contra Costa and Solano,Concord,Brown rice,dry,128,bags,2026-02-27,365,2027-02-27,351,59,balanced
San Francisco-Marin Food Bank,San Francisco,Broccoli,produce,129,lbs,2026-03-05,7,2026-03-12,-1,64,balanced
Second Harvest Food Bank of Orange County,Irvine,Pasta,dry,282,boxes,2026-02-26,730,2028-02-26,715,45,surplus
Feeding San Diego,San Diego,Spaghetti,dry,344,boxes,2026-03-09,730,2028-03-08,726,69,surplus
Central California Food Bank,Fresno,Lettuce,produce,83,heads,2026-03-04,10,2026-03-14,1,88,shortage
Los Angeles Regional Food Bank,Los Angeles,Bananas,produce,63,lbs,2026-03-04,7,2026-03-11,-2,56,balanced
Los Angeles Regional Food Bank,Los Angeles,Apples,produce,395,lbs,2026-03-02,21,2026-03-23,10,57,surplus
Central California Food Bank,Fresno,Canned chickpeas,canned,248,cans,2026-03-03,730,2028-03-02,720,56,surplus
Second Harvest of Silicon Valley,San Jose,Tomatoes,produce,275,lbs,2026-03-01,10,2026-03-11,-2,20,surplus
Feeding San Diego,San Diego,Yogurt cups,dairy,204,cups,2026-03-04,21,2026-03-25,12,58,surplus
Central California Food Bank,Fresno,Sugar,dry,55,bags,2026-03-09,730,2028-03-08,726,108,shortage
Food Bank of Contra Costa and Solano,Concord,Almond butter,dry,289,jars,2026-03-04,365,2027-03-04,356,80,surplus
Yolo Food Bank,Woodland,Canned peas,canned,389,cans,2026-02-23,730,2028-02-23,712,78,surplus
Second Harvest of Silicon Valley,San Jose,Onions,produce,300,lbs,2026-02-23,30,2026-03-25,12,27,surplus
Food Bank of Contra Costa and Solano,Concord,Carrots fresh,produce,237,lbs,2026-03-08,21,2026-03-29,16,101,balanced
Alameda County Community Food Bank,Oakland,Lentils,dry,278,bags,2026-02-16,730,2028-02-16,705,34,surplus
Alameda County Community Food Bank,Oakland,Cheese blocks,dairy,365,blocks,2026-03-04,30,2026-04-03,21,109,surplus
Second Harvest of Silicon Valley,San Jose,Cereal,dry,221,boxes,2026-03-12,180,2026-09-08,179,84,balanced
Second Harvest of Silicon Valley,San Jose,Canned tuna,canned,83,cans,2026-03-02,730,2028-03-01,719,65,balanced
Second Harvest of Silicon Valley,San Jose,Milk gallons,dairy,94,gallons,2026-03-05,10,2026-03-15,2,85,balanced
Alameda County Community Food Bank,Oakland,Canned chickpeas,canned,203,cans,2026-03-13,730,2028-03-12,730,118,balanced
Alameda County Community Food Bank,Oakland,Milk gallons,dairy,345,gallons,2026-02-25,10,2026-03-07,-6,86,surplus
Sacramento Food Bank & Family Services,Sacramento,Bananas,produce,157,lbs,2026-03-04,7,2026-03-11,-2,104,balanced
Second Harvest of Silicon Valley,San Jose,Canned corn,canned,306,cans,2026-02-28,730,2028-02-28,717,73,surplus
Central California Food Bank,Fresno,Apples,produce,74,lbs,2026-02-25,21,2026-03-18,5,66,balanced
Second Harvest Food Bank of Orange County,Irvine,Carrots fresh,produce,313,lbs,2026-03-09,21,2026-03-30,17,30,surplus
Yolo Food Bank,Woodland,Pasta,dry,257,boxes,2026-02-19,730,2028-02-19,708,58,surplus
Second Harvest Food Bank of Orange County,Irvine,Frozen vegetables mix,protein,330,bags,2026-02-18,365,2027-02-18,342,50,surplus
Yolo Food Bank,Woodland,Brown rice,dry,76,bags,2026-03-03,365,2027-03-03,355,86,shortage
Los Angeles Regional Food Bank,Los Angeles,Sugar,dry,120,bags,2026-02-25,730,2028-02-25,714,38,surplus
San Francisco-Marin Food Bank,San Francisco,Lentils,dry,297,bags,2026-03-11,730,2028-03-10,728,58,surplus
Feeding San Diego,San Diego,Canned tomatoes,canned,340,cans,2026-03-10,730,2028-03-09,727,49,surplus
San Francisco-Marin Food Bank,San Francisco,Canned tuna,canned,211,cans,2026-03-09,730,2028-03-08,726,109,balanced
Second Harvest of Silicon Valley,San Jose,Cereal,dry,230,boxes,2026-02-23,180,2026-08-22,162,101,balanced
Food Bank of Contra Costa and Solano,Concord,Brown rice,dry,260,bags,2026-02-23,365,2027-02-23,347,115,balanced
Sacramento Food Bank & Family Services,Sacramento,Canned salmon,canned,191,cans,2026-02-16,730,2028-02-16,705,77,balanced
Food Bank of Contra Costa and Solano,Concord,Canned carrots,canned,354,cans,2026-03-11,730,2028-03-10,728,64,surplus
San Francisco-Marin Food Bank,San Francisco,Brown rice,dry,185,bags,2026-03-02,365,2027-03-02,354,82,balanced
Sacramento Food Bank & Family Services,Sacramento,Canned tuna,canned,270,cans,2026-03-01,730,2028-02-29,718,59,surplus
Central California Food Bank,Fresno,Tomatoes,produce,281,lbs,2026-02-20,10,2026-03-02,-11,68,surplus
Yolo Food Bank,Woodland,Egg cartons,dairy,36,cartons,2026-03-01,21,2026-03-22,9,92,shortage
San Francisco-Marin Food Bank,San Francisco,Canned beans,canned,31,cans,2026-02-22,730,2028-02-22,711,98,shortage
Feeding San Diego,San Diego,Canned carrots,canned,246,cans,2026-02-24,730,2028-02-24,713,111,balanced
Sacramento Food Bank & Family Services,Sacramento,Oranges,produce,133,lbs,2026-03-07,14,2026-03-21,8,112,balanced
Yolo Food Bank,Woodland,Potatoes,produce,139,lbs,2026-02-24,30,2026-03-26,13,42,surplus
Second Harvest of Silicon Valley,San Jose,Canned soup,canned,336,cans,2026-03-12,540,2027-09-03,539,49,surplus
Sacramento Food Bank & Family Services,Sacramento,Cheese blocks,dairy,267,blocks,2026-02-28,30,2026-03-30,17,107,balanced
Yolo Food Bank,Woodland,Brown rice,dry,388,bags,2026-02-26,365,2027-02-26,350,41,surplus
San Francisco-Marin Food Bank,San Francisco,Onions,produce,191,lbs,2026-03-07,30,2026-04-06,24,104,balanced
San Francisco-Marin Food Bank,San Francisco,Canned soup,canned,240,cans,2026-02-21,540,2027-08-15,520,40,surplus
Food Bank of Contra Costa and Solano,Concord,Canned peas,canned,208,cans,2026-02-25,730,2028-02-25,714,110,balanced
Feeding San Diego,San Diego,Canned chickpeas,canned,124,cans,2026-03-02,730,2028-03-01,719,91,balanced
San Francisco-Marin Food Bank,San Francisco,Potatoes,produce,185,lbs,2026-02-27,30,2026-03-29,16,32,surplus
Food Bank of Contra Costa and Solano,Concord,Egg cartons,dairy,176,cartons,2026-02-22,21,2026-03-15,2,115,balanced
Los Angeles Regional Food Bank,Los Angeles,Canned salmon,canned,170,cans,2026-03-08,730,2028-03-07,725,62,balanced
Alameda County Community Food Bank,Oakland,Lentils,dry,373,bags,2026-02-25,730,2028-02-25,714,64,surplus
Yolo Food Bank,Woodland,Oranges,produce,247,lbs,2026-03-13,14,2026-03-27,14,68,surplus
Central California Food Bank,Fresno,Lettuce,produce,381,heads,2026-03-10,10,2026-03-20,7,69,surplus
Food Bank of Contra Costa and Solano,Concord,Macaroni,dry,234,boxes,2026-02-19,730,2028-02-19,708,54,surplus
Feeding San Diego,San Diego,Rice 5lb bag,dry,166,bags,2026-02-18,730,2028-02-18,707,101,balanced
San Francisco-Marin Food Bank,San Francisco,Yogurt cups,dairy,159,cups,2026-03-03,21,2026-03-24,11,27,surplus
Food Bank of Contra Costa and Solano,Concord,Bananas,produce,172,lbs,2026-02-27,7,2026-03-06,-7,48,surplus
Feeding San Diego,San Diego,Cheese blocks,dairy,249,blocks,2026-02-19,30,2026-03-21,8,23,surplus
Feeding San Diego,San Diego,Milk gallons,dairy,286,gallons,2026-03-06,10,2026-03-16,3,60,surplus
Los Angeles Regional Food Bank,Los Angeles,Canned green beans,canned,378,cans,2026-03-05,730,2028-03-04,722,80,surplus
Sacramento Food Bank & Family Services,Sacramento,Bananas,produce,359,lbs,2026-02-18,7,2026-02-25,-16,27,surplus
Yolo Food Bank,Woodland,Rice 5lb bag,dry,237,bags,2026-02-24,730,2028-02-24,713,120,balanced
Los Angeles Regional Food Bank,Los Angeles,Oranges,produce,67,lbs,2026-02-27,14,2026-03-13,0,25,balanced
Second Harvest Food Bank of Orange County,Irvine,Canned peas,canned,300,cans,2026-03-12,730,2028-03-11,729,84,surplus
Sacramento Food Bank & Family Services,Sacramento,Bell peppers,produce,38,lbs,2026-02-23,10,2026-03-05,-8,78,shortage
Second Harvest Food Bank of Orange County,Irvine,Canned soup,canned,336,cans,2026-02-27,540,2027-08-21,526,103,surplus
Sacramento Food Bank & Family Services,Sacramento,Yogurt cups,dairy,111,cups,2026-03-02,21,2026-03-23,10,60,balanced
Second Harvest of Silicon Valley,San Jose,Egg cartons,dairy,71,cartons,2026-03-07,21,2026-03-28,15,39,balanced
Sacramento Food Bank & Family Services,Sacramento,Broccoli,produce,251,lbs,2026-03-10,7,2026-03-17,4,117,balanced
Central California Food Bank,Fresno,Canned salmon,canned,346,cans,2026-03-03,730,2028-03-02,720,54,surplus
Food Bank of Contra Costa and Solano,Concord,Canned chickpeas,canned,199,cans,2026-02-22,730,2028-02-22,711,40,surplus
San Francisco-Marin Food Bank,San Francisco,Canned green beans,canned,138,cans,2026-03-08,730,2028-03-07,725,42,surplus
Second Harvest of Silicon Valley,San Jose,Bell peppers,produce,118,lbs,2026-03-10,10,2026-03-20,7,25,surplus
Central California Food Bank,Fresno,Lentils,dry,175,bags,2026-02-17,730,2028-02-17,706,72,balanced
Second Harvest Food Bank of Orange County,Irvine,Canned tomatoes,canned,187,cans,2026-03-01,730,2028-02-29,718,54,surplus
Sacramento Food Bank & Family Services,Sacramento,Carrots fresh,produce,398,lbs,2026-03-11,21,2026-04-01,19,64,surplus
Central California Food Bank,Fresno,Bananas,produce,286,lbs,2026-02-22,7,2026-03-01,-12,113,balanced
Yolo Food Bank,Woodland,Spaghetti,dry,314,boxes,2026-03-09,730,2028-03-08,726,40,surplus
Alameda County Community Food Bank,Oakland,Broccoli,produce,58,lbs,2026-02-21,7,2026-02-28,-13,64,shortage
Food Bank of Contra Costa and Solano,Concord,Canned carrots,canned,205,cans,2026-02-27,730,2028-02-27,716,69,balanced
Yolo Food Bank,Woodland,Macaroni,dry,46,boxes,2026-02-20,730,2028-02-20,709,39,balanced
Los Angeles Regional Food Bank,Los Angeles,Tomatoes,produce,191,lbs,2026-02-26,10,2026-03-08,-5,85,balanced
Feeding San Diego,San Diego,Spaghetti,dry,289,boxes,2026-03-13,730,2028-03-12,730,84,surplus
Second Harvest of Silicon Valley,San Jose,Oatmeal,dry,254,boxes,2026-03-12,365,2027-03-12,364,36,surplus
Yolo Food Bank,Woodland,Onions,produce,343,lbs,2026-02-24,30,2026-03-26,13,115,balanced
Food Bank of Contra Costa and Solano,Concord,Apples,produce,367,lbs,2026-02-20,21,2026-03-13,0,86,surplus
Los Angeles Regional Food Bank,Los Angeles,Brown rice,dry,329,bags,2026-03-10,365,2027-03-10,362,88,surplus
Central California Food Bank,Fresno,Canned salmon,canned,158,cans,2026-02-25,730,2028-02-25,714,41,surplus
Sacramento Food Bank & Family Services,Sacramento,Canned carrots,canned,264,cans,2026-02-25,730,2028-02-25,714,53,surplus
Yolo Food Bank,Woodland,Milk gallons,dairy,386,gallons,2026-03-12,10,2026-03-22,9,116,surplus
Food Bank of Contra Costa and Solano,Concord,Macaroni,dry,276,boxes,2026-03-02,730,2028-03-01,719,89,surplus
Yolo Food Bank,Woodland,Spaghetti,dry,83,boxes,2026-02-28,730,2028-02-28,717,83,balanced
Sacramento Food Bank & Family Services,Sacramento,Yogurt cups,dairy,372,cups,2026-02-18,21,2026-03-11,-2,34,surplus
Sacramento Food Bank & Family Services,Sacramento,Cheese blocks,dairy,159,blocks,2026-02-24,30,2026-03-26,13,78,balanced
Second Harvest Food Bank of Orange County,Irvine,Spinach,produce,188,bags,2026-03-05,7,2026-03-12,-1,73,balanced
San Francisco-Marin Food Bank,San Francisco,Canned carrots,canned,70,cans,2026-02-20,730,2028-02-20,709,97,shortage
Feeding San Diego,San Diego,Yogurt cups,dairy,97,cups,2026-03-03,21,2026-03-24,11,64,balanced
Alameda County Community Food Bank,Oakland,Canned black beans,canned,302,cans,2026-02-24,730,2028-02-24,713,53,surplus
Food Bank of Contra Costa and Solano,Concord,Flour,dry,390,bags,2026-02-27,365,2027-02-27,351,37,surplus
Central California Food Bank,Fresno,Canned green beans,canned,189,cans,2026-03-11,730,2028-03-10,728,89,balanced
Yolo Food Bank,Woodland,Canned tomatoes,canned,306,cans,2026-02-23,730,2028-02-23,712,78,surplus
Second Harvest Food Bank of Orange County,Irvine,Spinach,produce,386,bags,2026-03-03,7,2026-03-10,-3,44,surplus
Food Bank of Contra Costa and Solano,Concord,Yogurt cups,dairy,282,cups,2026-03-13,21,2026-04-03,21,73,surplus
Food Bank of Contra Costa and Solano,Concord,Yogurt cups,dairy,125,cups,2026-03-03,21,2026-03-24,11,99,balanced
Los Angeles Regional Food Bank,Los Angeles,Almond butter,dry,206,jars,2026-02-16,365,2027-02-16,340,60,surplus
Second Harvest Food Bank of Orange County,Irvine,Canned chickpeas,canned,39,cans,2026-03-06,730,2028-03-05,723,115,shortage
San Francisco-Marin Food Bank,San Francisco,Canned tomatoes,canned,192,cans,2026-03-06,730,2028-03-05,723,85,balanced
San Francisco-Marin Food Bank,San Francisco,Frozen vegetables mix,protein,60,bags,2026-03-04,365,2027-03-04,356,68,shortage
Feeding San Diego,San Diego,Flour,dry,337,bags,2026-02-18,365,2027-02-18,342,46,surplus
Second Harvest of Silicon Valley,San Jose,Canned green beans,canned,41,cans,2026-02-23,730,2028-02-23,712,88,shortage
Second Harvest Food Bank of Orange County,Irvine,Tomatoes,produce,203,lbs,2026-03-02,10,2026-03-12,-1,53,surplus
Food Bank of Contra Costa and Solano,Concord,Canned black beans,canned,62,cans,2026-02-17,730,2028-02-17,706,75,shortage
Los Angeles Regional Food Bank,Los Angeles,Ground turkey frozen,protein,278,packs,2026-02-16,180,2026-08-15,155,101,balanced
Central California Food Bank,Fresno,Apples,produce,76,lbs,2026-03-07,21,2026-03-28,15,113,shortage
Central California Food Bank,Fresno,Avocados,produce,55,units,2026-02-18,7,2026-02-25,-16,64,shortage
Central California Food Bank,Fresno,Broccoli,produce,218,lbs,2026-03-13,7,2026-03-20,7,43,surplus
Yolo Food Bank,Woodland,Onions,produce,49,lbs,2026-02-17,30,2026-03-19,6,23,balanced
Alameda County Community Food Bank,Oakland,Canned soup,canned,295,cans,2026-02-19,540,2027-08-13,518,120,balanced
Feeding San Diego,San Diego,Cereal,dry,113,boxes,2026-03-10,180,2026-09-06,177,37,surplus
Sacramento Food Bank & Family Services,Sacramento,Lentils,dry,176,bags,2026-03-11,730,2028-03-10,728,47,surplus
Alameda County Community Food Bank,Oakland,Bananas,produce,49,lbs,2026-02-19,7,2026-02-26,-15,112,shortage
Feeding San Diego,San Diego,Butter,dairy,317,packs,2026-02-28,60,2026-04-29,47,21,surplus
Alameda County Community Food Bank,Oakland,Brown rice,dry,302,bags,2026-02-23,365,2027-02-23,347,72,surplus
Sacramento Food Bank & Family Services,Sacramento,Pasta,dry,190,boxes,2026-02-17,730,2028-02-17,706,85,balanced
Central California Food Bank,Fresno,Canned peas,canned,388,cans,2026-02-18,730,2028-02-18,707,81,surplus
Food Bank of Contra Costa and Solano,Concord,Canned salmon,canned,49,cans,2026-02-28,730,2028-02-28,717,116,shortage
San Francisco-Marin Food Bank,San Francisco,Oatmeal,dry,147,boxes,2026-03-12,365,2027-03-12,364,75,balanced
Second Harvest Food Bank of Orange County,Irvine,Oranges,produce,175,lbs,2026-02-21,14,2026-03-07,-6,73,balanced
Central California Food Bank,Fresno,Tomatoes,produce,230,lbs,2026-02-23,10,2026-03-05,-8,66,surplus
Feeding San Diego,San Diego,Canned carrots,canned,358,cans,2026-03-13,730,2028-03-12,730,26,surplus
Second Harvest of Silicon Valley,San Jose,Canned tomatoes,canned,366,cans,2026-02-16,730,2028-02-16,705,108,surplus
San Francisco-Marin Food Bank,San Francisco,Peanut butter,dry,23,jars,2026-02-16,365,2027-02-16,340,54,shortage
Sacramento Food Bank & Family Services,Sacramento,Frozen vegetables mix,protein,22,bags,2026-02-18,365,2027-02-18,342,61,shortage
Feeding San Diego,San Diego,Onions,produce,337,lbs,2026-02-25,30,2026-03-27,14,48,surplus
Alameda County Community Food Bank,Oakland,Canned black beans,canned,132,cans,2026-03-09,730,2028-03-08,726,66,balanced
Second Harvest Food Bank of Orange County,Irvine,Canned corn,canned,124,cans,2026-03-02,730,2028-03-01,719,56,balanced
Los Angeles Regional Food Bank,Los Angeles,Avocados,produce,257,units,2026-02-24,7,2026-03-03,-10,20,surplus
San Francisco-Marin Food Bank,San Francisco,Rice 5lb bag,dry,93,bags,2026-03-05,730,2028-03-04,722,54,balanced
Feeding San Diego,San Diego,Canned peas,canned,319,cans,2026-02-18,730,2028-02-18,707,116,balanced
San Francisco-Marin Food Bank,San Francisco,Canned green beans,canned,132,cans,2026-03-04,730,2028-03-03,721,38,surplus
Sacramento Food Bank & Family Services,Sacramento,Canned soup,canned,170,cans,2026-02-27,540,2027-08-21,526,46,surplus
Food Bank of Contra Costa and Solano,Concord,Cheese blocks,dairy,70,blocks,2026-03-07,30,2026-04-06,24,50,balanced
Second Harvest Food Bank of Orange County,Irvine,Canned tomatoes,canned,370,cans,2026-02-23,730,2028-02-23,712,90,surplus
Food Bank of Contra Costa and Solano,Concord,Canned carrots,canned,303,cans,2026-02-17,730,2028-02-17,706,98,surplus
San Francisco-Marin Food Bank,San Francisco,Ground turkey frozen,protein,178,packs,2026-03-02,180,2026-08-29,169,82,balanced
Yolo Food Bank,Woodland,Chicken breast frozen,protein,188,packs,2026-03-06,180,2026-09-02,173,20,surplus
Sacramento Food Bank & Family Services,Sacramento,Potatoes,produce,389,lbs,2026-03-06,30,2026-04-05,23,45,surplus
Food Bank of Contra Costa and Solano,Concord,Almond butter,dry,12,jars,2026-02-18,365,2027-02-18,342,79,shortage
Alameda County Community Food Bank,Oakland,Canned soup,canned,246,cans,2026-02-23,540,2027-08-17,522,100,balanced
Second Harvest of Silicon Valley,San Jose,Rice 5lb bag,dry,281,bags,2026-03-03,730,2028-03-02,720,87,surplus
Central California Food Bank,Fresno,Canned tuna,canned,173,cans,2026-03-06,730,2028-03-05,723,76,balanced
Central California Food Bank,Fresno,Frozen vegetables mix,protein,224,bags,2026-03-10,365,2027-03-10,362,29,surplus
Feeding San Diego,San Diego,Lettuce,produce,269,heads,2026-03-13,10,2026-03-23,10,71,surplus
Second Harvest Food Bank of Orange County,Irvine,Canned chickpeas,canned,139,cans,2026-02-27,730,2028-02-27,716,91,balanced
Yolo Food Bank,Woodland,Yogurt cups,dairy,205,cups,2026-02-24,21,2026-03-17,4,116,balanced
Food Bank of Contra Costa and Solano,Concord,Canned salmon,canned,366,cans,2026-03-10,730,2028-03-09,727,38,surplus
Central California Food Bank,Fresno,Almond butter,dry,69,jars,2026-02-18,365,2027-02-18,342,69,balanced
Alameda County Community Food Bank,Oakland,Oatmeal,dry,157,boxes,2026-02-16,365,2027-02-16,340,97,balanced
Los Angeles Regional Food Bank,Los Angeles,Canned green beans,canned,229,cans,2026-02-26,730,2028-02-26,715,26,surplus
Alameda County Community Food Bank,Oakland,Frozen berries,protein,277,bags,2026-02-16,365,2027-02-16,340,62,surplus
Feeding San Diego,San Diego,Butter,dairy,167,packs,2026-02-24,60,2026-04-25,43,22,surplus
Yolo Food Bank,Woodland,Almond butter,dry,17,jars,2026-02-25,365,2027-02-25,349,50,shortage
Los Angeles Regional Food Bank,Los Angeles,Canned carrots,canned,150,cans,2026-03-04,730,2028-03-03,721,87,balanced
San Francisco-Marin Food Bank,San Francisco,Sugar,dry,76,bags,2026-02-19,730,2028-02-19,708,51,balanced
Feeding San Diego,San Diego,Frozen vegetables mix,protein,204,bags,2026-02-24,365,2027-02-24,348,85,balanced
Sacramento Food Bank & Family Services,Sacramento,Canned peas,canned,60,cans,2026-03-11,730,2028-03-10,728,88,shortage
San Francisco-Marin Food Bank,San Francisco,Egg cartons,dairy,311,cartons,2026-03-13,21,2026-04-03,21,82,surplus
Second Harvest of Silicon Valley,San Jose,Almond butter,dry,236,jars,2026-02-21,365,2027-02-21,345,68,surplus
Yolo Food Bank,Woodland,Butter,dairy,183,packs,2026-03-08,60,2026-05-07,55,105,balanced
Central California Food Bank,Fresno,Cheese blocks,dairy,64,blocks,2026-03-01,30,2026-03-31,18,67,shortage
Second Harvest Food Bank of Orange County,Irvine,Canned beans,canned,111,cans,2026-03-03,730,2028-03-02,720,90,balanced
Los Angeles Regional Food Bank,Los Angeles,Bell peppers,produce,188,lbs,2026-03-12,10,2026-03-22,9,45,surplus
Alameda County Community Food Bank,Oakland,Butter,dairy,63,packs,2026-03-04,60,2026-05-03,51,82,shortage
Second Harvest of Silicon Valley,San Jose,Onions,produce,348,lbs,2026-03-05,30,2026-04-04,22,103,surplus
Alameda County Community Food Bank,Oakland,Canned peas,canned,238,cans,2026-03-06,730,2028-03-05,723,51,surplus
Sacramento Food Bank & Family Services,Sacramento,Canned black beans,canned,381,cans,2026-03-08,730,2028-03-07,725,33,surplus
Feeding San Diego,San Diego,Yogurt cups,dairy,392,cups,2026-03-10,21,2026-03-31,18,29,surplus
Feeding San Diego,San Diego,Frozen berries,protein,65,bags,2026-02-20,365,2027-02-20,344,98,shortage
Second Harvest Food Bank of Orange County,Irvine,Cheese blocks,dairy,261,blocks,2026-03-02,30,2026-04-01,19,94,balanced
Feeding San Diego,San Diego,Flour,dry,352,bags,2026-02-24,365,2027-02-24,348,44,surplus
Yolo Food Bank,Woodland,Canned black beans,canned,215,cans,2026-02-23,730,2028-02-23,712,119,balanced
Second Harvest of Silicon Valley,San Jose,Ground turkey frozen,protein,202,packs,2026-03-13,180,2026-09-09,180,79,balanced
San Francisco-Marin Food Bank,San Francisco,Canned soup,canned,141,cans,2026-02-20,540,2027-08-14,519,93,balanced
Central California Food Bank,Fresno,Broccoli,produce,133,lbs,2026-02-22,7,2026-03-01,-12,104,balanced
Food Bank of Contra Costa and Solano,Concord,Carrots fresh,produce,173,lbs,2026-03-05,21,2026-03-26,13,101,balanced
Sacramento Food Bank & Family Services,Sacramento,Canned tuna,canned,258,cans,2026-02-17,730,2028-02-17,706,112,balanced
Yolo Food Bank,Woodland,Canned beans,canned,174,cans,2026-02-16,730,2028-02-16,705,101,balanced
Food Bank of Contra Costa and Solano,Concord,Spinach,produce,11,bags,2026-02-26,7,2026-03-05,-8,89,shortage
Feeding San Diego,San Diego,Spinach,produce,120,bags,2026-02-23,7,2026-03-02,-11,36,surplus
Sacramento Food Bank & Family Services,Sacramento,Canned carrots,canned,35,cans,2026-02-28,730,2028-02-28,717,56,shortage
Sacramento Food Bank & Family Services,Sacramento,Oranges,produce,222,lbs,2026-03-02,14,2026-03-16,3,118,balanced
Alameda County Community Food Bank,Oakland,Chicken breast frozen,protein,288,packs,2026-02-23,180,2026-08-22,162,25,surplus
Alameda County Community Food Bank,Oakland,Oranges,produce,345,lbs,2026-03-06,14,2026-03-20,7,69,surplus
Second Harvest Food Bank of Orange County,Irvine,Spinach,produce,258,bags,2026-02-18,7,2026-02-25,-16,24,surplus
Alameda County Community Food Bank,Oakland,Oatmeal,dry,49,boxes,2026-02-28,365,2027-02-28,352,63,shortage
Feeding San Diego,San Diego,Canned green beans,canned,116,cans,2026-02-22,730,2028-02-22,711,107,balanced
San Francisco-Marin Food Bank,San Francisco,Almond butter,dry,368,jars,2026-02-28,365,2027-02-28,352,83,surplus
Sacramento Food Bank & Family Services,Sacramento,Apples,produce,307,lbs,2026-02-26,21,2026-03-19,6,33,surplus
Los Angeles Regional Food Bank,Los Angeles,Flour,dry,67,bags,2026-02-27,365,2027-02-27,351,47,balanced
San Francisco-Marin Food Bank,San Francisco,Bell peppers,produce,260,lbs,2026-03-08,10,2026-03-18,5,116,balanced
Sacramento Food Bank & Family Services,Sacramento,Canned black beans,canned,179,cans,2026-03-05,730,2028-03-04,722,105,balanced
Food Bank of Contra Costa and Solano,Concord,Onions,produce,141,lbs,2026-02-25,30,2026-03-27,14,90,balanced
Alameda County Community Food Bank,Oakland,Carrots fresh,produce,76,lbs,2026-03-07,21,2026-03-28,15,94,shortage
Second Harvest Food Bank of Orange County,Irvine,Bell peppers,produce,274,lbs,2026-02-27,10,2026-03-09,-4,92,balanced
Yolo Food Bank,Woodland,Bananas,produce,185,lbs,2026-02-16,7,2026-02-23,-18,63,balanced
Los Angeles Regional Food Bank,Los Angeles,Apples,produce,101,lbs,2026-03-11,21,2026-04-01,19,31,surplus
Second Harvest of Silicon Valley,San Jose,Spinach,produce,311,bags,2026-02-18,7,2026-02-25,-16,22,surplus
Sacramento Food Bank & Family Services,Sacramento,Carrots fresh,produce,198,lbs,2026-03-01,21,2026-03-22,9,41,surplus
Feeding San Diego,San Diego,Canned black beans,canned,174,cans,2026-03-12,730,2028-03-11,729,67,balanced
Los Angeles Regional Food Bank,Los Angeles,Lentils,dry,278,bags,2026-02-24,730,2028-02-24,713,59,surplus
Feeding San Diego,San Diego,Spinach,produce,398,bags,2026-02-16,7,2026-02-23,-18,111,surplus
Yolo Food Bank,Woodland,Canned peas,canned,202,cans,2026-03-10,730,2028-03-09,727,108,balanced
Alameda County Community Food Bank,Oakland,Bell peppers,produce,30,lbs,2026-02-16,10,2026-02-26,-15,93,shortage
Los Angeles Regional Food Bank,Los Angeles,Canned beans,canned,201,cans,2026-03-13,730,2028-03-12,730,112,balanced
Yolo Food Bank,Woodland,Oatmeal,dry,216,boxes,2026-03-06,365,2027-03-06,358,94,balanced
Feeding San Diego,San Diego,Bell peppers,produce,175,lbs,2026-03-12,10,2026-03-22,9,48,surplus
Second Harvest of Silicon Valley,San Jose,Flour,dry,336,bags,2026-03-05,365,2027-03-05,357,23,surplus
Los Angeles Regional Food Bank,Los Angeles,Canned tuna,canned,249,cans,2026-03-09,730,2028-03-08,726,76,surplus
San Francisco-Marin Food Bank,San Francisco,Ground turkey frozen,protein,354,packs,2026-03-01,180,2026-08-28,168,109,surplus
San Francisco-Marin Food Bank,San Francisco,Frozen berries,protein,251,bags,2026-03-02,365,2027-03-02,354,27,surplus
Sacramento Food Bank & Family Services,Sacramento,Rice 5lb bag,dry,105,bags,2026-02-21,730,2028-02-21,710,28,surplus
Second Harvest of Silicon Valley,San Jose,Almond butter,dry,126,jars,2026-03-06,365,2027-03-06,358,57,balanced
Feeding San Diego,San Diego,Frozen berries,protein,394,bags,2026-02-21,365,2027-02-21,345,57,surplus
Sacramento Food Bank & Family Services,Sacramento,Bananas,produce,25,lbs,2026-02-25,7,2026-03-04,-9,119,shortage
Food Bank of Contra Costa and Solano,Concord,Canned beans,canned,275,cans,2026-03-09,730,2028-03-08,726,103,balanced
Second Harvest Food Bank of Orange County,Irvine,Canned tomatoes,canned,340,cans,2026-02-25,730,2028-02-25,714,68,surplus
Los Angeles Regional Food Bank,Los Angeles,Canned beans,canned,103,cans,2026-02-22,730,2028-02-22,711,27,surplus
Central California Food Bank,Fresno,Chicken breast frozen,protein,362,packs,2026-02-24,180,2026-08-23,163,96,surplus
Alameda County Community Food Bank,Oakland,Carrots fresh,produce,396,lbs,2026-03-09,21,2026-03-30,17,81,surplus
San Francisco-Marin Food Bank,San Francisco,Oatmeal,dry,186,boxes,2026-02-23,365,2027-02-23,347,97,balanced
Second Harvest of Silicon Valley,San Jose,Peanut butter,dry,11,jars,2026-02-16,365,2027-02-16,340,117,shortage
Second Harvest of Silicon Valley,San Jose,Canned tuna,canned,158,cans,2026-02-21,730,2028-02-21,710,64,balanced
Sacramento Food Bank & Family Services,Sacramento,Butter,dairy,296,packs,2026-03-07,60,2026-05-06,54,91,surplus
Sacramento Food Bank & Family Services,Sacramento,Cheese blocks,dairy,272,blocks,2026-02-21,30,2026-03-23,10,62,surplus
Sacramento Food Bank & Family Services,Sacramento,Macaroni,dry,215,boxes,2026-03-01,730,2028-02-29,718,80,balanced
Food Bank of Contra Costa and Solano,Concord,Lettuce,produce,104,heads,2026-02-20,10,2026-03-02,-11,79,balanced
Second Harvest of Silicon Valley,San Jose,Flour,dry,218,bags,2026-03-02,365,2027-03-02,354,44,surplus
Los Angeles Regional Food Bank,Los Angeles,Frozen vegetables mix,protein,252,bags,2026-02-21,365,2027-02-21,345,32,surplus
Food Bank of Contra Costa and Solano,Concord,Lentils,dry,312,bags,2026-02-26,730,2028-02-26,715,30,surplus
Central California Food Bank,Fresno,Lettuce,produce,354,heads,2026-03-02,10,2026-03-12,-1,27,surplus
Second Harvest of Silicon Valley,San Jose,Canned tuna,canned,238,cans,2026-03-11,730,2028-03-10,728,73,surplus
Los Angeles Regional Food Bank,Los Angeles,Canned soup,canned,31,cans,2026-03-01,540,2027-08-23,528,62,shortage
Central California Food Bank,Fresno,Macaroni,dry,111,boxes,2026-02-25,730,2028-02-25,714,92,balanced
Los Angeles Regional Food Bank,Los Angeles,Canned corn,canned,217,cans,2026-03-04,730,2028-03-03,721,51,surplus
San Francisco-Marin Food Bank,San Francisco,Spaghetti,dry,173,boxes,2026-02-27,730,2028-02-27,716,117,balanced
Feeding San Diego,San Diego,Apples,produce,95,lbs,2026-03-03,21,2026-03-24,11,36,balanced
Food Bank of Contra Costa and Solano,Concord,Cereal,dry,371,boxes,2026-03-12,180,2026-09-08,179,41,surplus
Food Bank of Contra Costa and Solano,Concord,Canned corn,canned,328,cans,2026-02-19,730,2028-02-19,708,75,surplus
Sacramento Food Bank & Family Services,Sacramento,Canned chickpeas,canned,374,cans,2026-03-12,730,2028-03-11,729,46,surplus
Central California Food Bank,Fresno,Canned corn,canned,193,cans,2026-02-24,730,2028-02-24,713,64,surplus
Yolo Food Bank,Woodland,Canned carrots,canned,396,cans,2026-02-24,730,2028-02-24,713,85,surplus
Yolo Food Bank,Woodland,Almond butter,dry,380,jars,2026-02-24,365,2027-02-24,348,42,surplus
Yolo Food Bank,Woodland,Bananas,produce,281,lbs,2026-02-27,7,2026-03-06,-7,110,balanced
Sacramento Food Bank & Family Services,Sacramento,Almond butter,dry,95,jars,2026-03-08,365,2027-03-08,360,84,balanced
Second Harvest Food Bank of Orange County,Irvine,Bananas,produce,93,lbs,2026-02-23,7,2026-03-02,-11,104,shortage
Central California Food Bank,Fresno,Lettuce,produce,276,heads,2026-03-04,10,2026-03-14,1,99,balanced
Alameda County Community Food Bank,Oakland,Canned carrots,canned,335,cans,2026-03-04,730,2028-03-03,721,110,surplus
Central California Food Bank,Fresno,Cheese blocks,dairy,150,blocks,2026-02-17,30,2026-03-19,6,95,balanced
San Francisco-Marin Food Bank,San Francisco,Peanut butter,dry,258,jars,2026-03-06,365,2027-03-06,358,41,surplus
Food Bank of Contra Costa and Solano,Concord,Cereal,dry,372,boxes,2026-02-25,180,2026-08-24,164,78,surplus
Alameda County Community Food Bank,Oakland,Bananas,produce,176,lbs,2026-03-13,7,2026-03-20,7,116,balanced
Alameda County Community Food Bank,Oakland,Flour,dry,152,bags,2026-02-16,365,2027-02-16,340,88,balanced
Second Harvest of Silicon Valley,San Jose,Peanut butter,dry,130,jars,2026-02-18,365,2027-02-18,342,92,balanced
Yolo Food Bank,Woodland,Lettuce,produce,225,heads,2026-03-03,10,2026-03-13,0,89,balanced
Central California Food Bank,Fresno,Ground turkey frozen,protein,129,packs,2026-03-01,180,2026-08-28,168,68,balanced
Food Bank of Contra Costa and Solano,Concord,Canned green beans,canned,161,cans,2026-02-23,730,2028-02-23,712,56,balanced
Food Bank of Contra Costa and Solano,Concord,Apples,produce,340,lbs,2026-02-24,21,2026-03-17,4,116,balanced
Sacramento Food Bank & Family Services,Sacramento,Canned corn,canned,195,cans,2026-03-11,730,2028-03-10,728,90,balanced
San Francisco-Marin Food Bank,San Francisco,Brown rice,dry,241,bags,2026-03-09,365,2027-03-09,361,21,surplus
Alameda County Community Food Bank,Oakland,Canned peas,canned,226,cans,2026-02-17,730,2028-02-17,706,95,balanced
San Francisco-Marin Food Bank,San Francisco,Onions,produce,389,lbs,2026-02-18,30,2026-03-20,7,60,surplus
San Francisco-Marin Food Bank,San Francisco,Macaroni,dry,57,boxes,2026-03-06,730,2028-03-05,723,114,shortage
Los Angeles Regional Food Bank,Los Angeles,Canned tuna,canned,335,cans,2026-03-09,730,2028-03-08,726,46,surplus
Los Angeles Regional Food Bank,Los Angeles,Egg cartons,dairy,99,cartons,2026-02-27,21,2026-03-20,7,37,balanced
Feeding San Diego,San Diego,Oranges,produce,380,lbs,2026-02-22,14,2026-03-08,-5,40,surplus
Sacramento Food Bank & Family Services,Sacramento,Lentils,dry,113,bags,2026-03-08,730,2028-03-07,725,76,balanced
Feeding San Diego,San Diego,Canned salmon,canned,100,cans,2026-03-07,730,2028-03-06,724,36,balanced
Sacramento Food Bank & Family Services,Sacramento,Avocados,produce,175,units,2026-02-25,7,2026-03-04,-9,46,surplus
Second Harvest of Silicon Valley,San Jose,Ground turkey frozen,protein,291,packs,2026-03-04,180,2026-08-31,171,118,balanced
Sacramento Food Bank & Family Services,Sacramento,Onions,produce,291,lbs,2026-03-11,30,2026-04-10,28,63,surplus
Alameda County Community Food Bank,Oakland,Bananas,produce,56,lbs,2026-02-26,7,2026-03-05,-8,75,shortage
Los Angeles Regional Food Bank,Los Angeles,Canned peas,canned,18,cans,2026-03-11,730,2028-03-10,728,68,shortage
Second Harvest of Silicon Valley,San Jose,Carrots fresh,produce,126,lbs,2026-03-12,21,2026-04-02,20,83,balanced
Central California Food Bank,Fresno,Bell peppers,produce,343,lbs,2026-03-04,10,2026-03-14,1,67,surplus
Second Harvest Food Bank of Orange County,Irvine,Canned corn,canned,125,cans,2026-02-22,730,2028-02-22,711,70,balanced
Alameda County Community Food Bank,Oakland,Brown rice,dry,170,bags,2026-03-06,365,2027-03-06,358,22,surplus
Los Angeles Regional Food Bank,Los Angeles,Bell peppers,produce,367,lbs,2026-03-01,10,2026-03-11,-2,55,surplus
Yolo Food Bank,Woodland,Canned black beans,canned,288,cans,2026-02-25,730,2028-02-25,714,27,surplus
Los Angeles Regional Food Bank,Los Angeles,Yogurt cups,dairy,141,cups,2026-03-09,21,2026-03-30,17,89,balanced
Yolo Food Bank,Woodland,Butter,dairy,359,packs,2026-03-07,60,2026-05-06,54,95,surplus
Feeding San Diego,San Diego,Egg cartons,dairy,359,cartons,2026-03-12,21,2026-04-02,20,91,surplus
Los Angeles Regional Food Bank,Los Angeles,Bell peppers,produce,128,lbs,2026-03-10,10,2026-03-20,7,105,balanced
Alameda County Community Food Bank,Oakland,Potatoes,produce,133,lbs,2026-02-22,30,2026-03-24,11,74,balanced
Feeding San Diego,San Diego,Milk gallons,dairy,270,gallons,2026-03-12,10,2026-03-22,9,51,surplus
Sacramento Food Bank & Family Services,Sacramento,Apples,produce,248,lbs,2026-02-22,21,2026-03-15,2,94,balanced
Second Harvest of Silicon Valley,San Jose,Flour,dry,84,bags,2026-03-13,365,2027-03-13,365,61,balanced
Second Harvest of Silicon Valley,San Jose,Canned chickpeas,canned,192,cans,2026-03-13,730,2028-03-12,730,75,balanced
Alameda County Community Food Bank,Oakland,Sugar,dry,143,bags,2026-02-20,730,2028-02-20,709,72,balanced
San Francisco-Marin Food Bank,San Francisco,Flour,dry,122,bags,2026-02-25,365,2027-02-25,349,75,balanced
Second Harvest Food Bank of Orange County,Irvine,Canned green beans,canned,397,cans,2026-03-05,730,2028-03-04,722,36,surplus
Feeding San Diego,San Diego,Rice 5lb bag,dry,286,bags,2026-03-09,730,2028-03-08,726,71,surplus
Food Bank of Contra Costa and Solano,Concord,Canned salmon,canned,237,cans,2026-03-08,730,2028-03-07,725,69,surplus
Central California Food Bank,Fresno,Canned tomatoes,canned,315,cans,2026-03-01,730,2028-02-29,718,58,surplus
San Francisco-Marin Food Bank,San Francisco,Butter,dairy,246,packs,2026-02-23,60,2026-04-24,42,80,surplus
Yolo Food Bank,Woodland,Canned black beans,canned,46,cans,2026-02-27,730,2028-02-27,716,51,shortage
Second Harvest Food Bank of Orange County,Irvine,Bell peppers,produce,219,lbs,2026-03-13,10,2026-03-23,10,86,balanced
Los Angeles Regional Food Bank,Los Angeles,Canned salmon,canned,392,cans,2026-02-25,730,2028-02-25,714,78,surplus
Sacramento Food Bank & Family Services,Sacramento,Frozen berries,protein,86,bags,2026-02-23,365,2027-02-23,347,104,shortage
Central California Food Bank,Fresno,Lentils,dry,303,bags,2026-02-22,730,2028-02-22,711,27,surplus
Sacramento Food Bank & Family Services,Sacramento,Egg cartons,dairy,176,cartons,2026-03-07,21,2026-03-28,15,52,surplus
Yolo Food Bank,Woodland,Canned carrots,canned,314,cans,2026-03-04,730,2028-03-03,721,103,surplus
Food Bank of Contra Costa and Solano,Concord,Oranges,produce,52,lbs,2026-02-27,14,2026-03-13,0,43,balanced
Food Bank of Contra Costa and Solano,Concord,Egg cartons,dairy,321,cartons,2026-03-13,21,2026-04-03,21,58,surplus
Second Harvest of Silicon Valley,San Jose,Peanut butter,dry,156,jars,2026-03-05,365,2027-03-05,357,85,balanced
Sacramento Food Bank & Family Services,Sacramento,Spinach,produce,203,bags,2026-02-21,7,2026-02-28,-13,35,surplus
Second Harvest of Silicon Valley,San Jose,Potatoes,produce,266,lbs,2026-03-04,30,2026-04-03,21,22,surplus
Yolo Food Bank,Woodland,Canned soup,canned,181,cans,2026-02-28,540,2027-08-22,527,101,balanced
Second Harvest Food Bank of Orange County,Irvine,Potatoes,produce,225,lbs,2026-02-19,30,2026-03-21,8,52,surplus
Yolo Food Bank,Woodland,Canned black beans,canned,36,cans,2026-02-24,730,2028-02-24,713,74,shortage
Central California Food Bank,Fresno,Spaghetti,dry,314,boxes,2026-02-21,730,2028-02-21,710,44,surplus
Central California Food Bank,Fresno,Spaghetti,dry,33,boxes,2026-02-25,730,2028-02-25,714,55,shortage
Yolo Food Bank,Woodland,Butter,dairy,194,packs,2026-03-06,60,2026-05-05,53,96,balanced
Los Angeles Regional Food Bank,Los Angeles,Lettuce,produce,158,heads,2026-03-12,10,2026-03-22,9,45,surplus
Central California Food Bank,Fresno,Apples,produce,132,lbs,2026-03-03,21,2026-03-24,11,47,balanced
Sacramento Food Bank & Family Services,Sacramento,Peanut butter,dry,338,jars,2026-02-21,365,2027-02-21,345,33,surplus
Alameda County Community Food Bank,Oakland,Bananas,produce,39,lbs,2026-03-12,7,2026-03-19,6,67,shortage
San Francisco-Marin Food Bank,San Francisco,Frozen vegetables mix,protein,233,bags,2026-02-24,365,2027-02-24,348,73,surplus
Sacramento Food Bank & Family Services,Sacramento,Lettuce,produce,124,heads,2026-03-03,10,2026-03-13,0,26,surplus
San Francisco-Marin Food Bank,San Francisco,Canned chickpeas,canned,379,cans,2026-02-21,730,2028-02-21,710,81,surplus
Sacramento Food Bank & Family Services,Sacramento,Canned soup,canned,53,cans,2026-03-07,540,2027-08-29,534,49,balanced
San Francisco-Marin Food Bank,San Francisco,Cereal,dry,131,boxes,2026-03-04,180,2026-08-31,171,26,surplus
San Francisco-Marin Food Bank,San Francisco,Tomatoes,produce,341,lbs,2026-02-26,10,2026-03-08,-5,52,surplus
San Francisco-Marin Food Bank,San Francisco,Ground turkey frozen,protein,179,packs,2026-03-06,180,2026-09-02,173,91,balanced
Yolo Food Bank,Woodland,Onions,produce,238,lbs,2026-03-08,30,2026-04-07,25,21,surplus
Second Harvest Food Bank of Orange County,Irvine,Canned green beans,canned,100,cans,2026-03-04,730,2028-03-03,721,38,balanced
Yolo Food Bank,Woodland,Spaghetti,dry,263,boxes,2026-03-10,730,2028-03-09,727,84,surplus
Alameda County Community Food Bank,Oakland,Canned beans,canned,34,cans,2026-02-20,730,2028-02-20,709,92,shortage
Second Harvest of Silicon Valley,San Jose,Canned beans,canned,21,cans,2026-02-17,730,2028-02-17,706,66,shortage
Central California Food Bank,Fresno,Peanut butter,dry,38,jars,2026-02-27,365,2027-02-27,351,89,shortage
Alameda County Community Food Bank,Oakland,Flour,dry,329,bags,2026-02-16,365,2027-02-16,340,104,surplus
Sacramento Food Bank & Family Services,Sacramento,Onions,produce,212,lbs,2026-03-05,30,2026-04-04,22,105,balanced
San Francisco-Marin Food Bank,San Francisco,Brown rice,dry,257,bags,2026-03-04,365,2027-03-04,356,45,surplus
Food Bank of Contra Costa and Solano,Concord,Canned peas,canned,136,cans,2026-02-24,730,2028-02-24,713,80,balanced
Second Harvest of Silicon Valley,San Jose,Chicken breast frozen,protein,384,packs,2026-02-16,180,2026-08-15,155,91,surplus
Yolo Food Bank,Woodland,Spaghetti,dry,361,boxes,2026-03-05,730,2028-03-04,722,78,surplus
Yolo Food Bank,Woodland,Canned carrots,canned,130,cans,2026-02-22,730,2028-02-22,711,76,balanced
Second Harvest Food Bank of Orange County,Irvine,Lettuce,produce,129,heads,2026-03-04,10,2026-03-14,1,76,balanced
Food Bank of Contra Costa and Solano,Concord,Brown rice,dry,56,bags,2026-03-07,365,2027-03-07,359,105,shortage
Sacramento Food Bank & Family Services,Sacramento,Canned green beans,canned,62,cans,2026-02-23,730,2028-02-23,712,102,shortage
San Francisco-Marin Food Bank,San Francisco,Canned tomatoes,canned,260,cans,2026-02-18,730,2028-02-18,707,82,surplus
San Francisco-Marin Food Bank,San Francisco,Milk gallons,dairy,90,gallons,2026-03-01,10,2026-03-11,-2,67,balanced
Second Harvest of Silicon Valley,San Jose,Apples,produce,266,lbs,2026-03-11,21,2026-04-01,19,72,surplus
Alameda County Community Food Bank,Oakland,Pasta,dry,86,boxes,2026-02-26,730,2028-02-26,715,46,balanced
Second Harvest Food Bank of Orange County,Irvine,Canned tuna,canned,139,cans,2026-02-16,730,2028-02-16,705,120,balanced
Alameda County Community Food Bank,Oakland,Canned salmon,canned,55,cans,2026-02-24,730,2028-02-24,713,87,shortage
Los Angeles Regional Food Bank,Los Angeles,Bananas,produce,15,lbs,2026-03-11,7,2026-03-18,5,79,shortage
Central California Food Bank,Fresno,Frozen berries,protein,63,bags,2026-03-03,365,2027-03-03,355,104,shortage
Yolo Food Bank,Woodland,Brown rice,dry,96,bags,2026-02-21,365,2027-02-21,345,89,balanced
Central California Food Bank,Fresno,Frozen vegetables mix,protein,299,bags,2026-03-12,365,2027-03-12,364,25,surplus
Yolo Food Bank,Woodland,Yogurt cups,dairy,295,cups,2026-03-07,21,2026-03-28,15,45,surplus
San Francisco-Marin Food Bank,San Francisco,Broccoli,produce,298,lbs,2026-03-12,7,2026-03-19,6,51,surplus
San Francisco-Marin Food Bank,San Francisco,Canned tomatoes,canned,159,cans,2026-03-06,730,2028-03-05,723,53,balanced
Feeding San Diego,San Diego,Yogurt cups,dairy,371,cups,2026-03-08,21,2026-03-29,16,33,surplus
Food Bank of Contra Costa and Solano,Concord,Canned tuna,canned,283,cans,2026-02-27,730,2028-02-27,716,99,balanced
Yolo Food Bank,Woodland,Ground turkey frozen,protein,187,packs,2026-02-19,180,2026-08-18,158,58,surplus
Los Angeles Regional Food Bank,Los Angeles,Spinach,produce,203,bags,2026-03-13,7,2026-03-20,7,47,surplus
Feeding San Diego,San Diego,Canned green beans,canned,371,cans,2026-02-22,730,2028-02-22,711,41,surplus
Second Harvest of Silicon Valley,San Jose,Butter,dairy,276,packs,2026-03-12,60,2026-05-11,59,26,surplus
Feeding San Diego,San Diego,Canned tomatoes,canned,214,cans,2026-02-21,730,2028-02-21,710,77,balanced
Central California Food Bank,Fresno,Sugar,dry,206,bags,2026-03-07,730,2028-03-06,724,110,balanced
Yolo Food Bank,Woodland,Macaroni,dry,273,boxes,2026-02-25,730,2028-02-25,714,62,surplus
Los Angeles Regional Food Bank,Los Angeles,Egg cartons,dairy,337,cartons,2026-02-18,21,2026-03-11,-2,96,surplus
Los Angeles Regional Food Bank,Los Angeles,Butter,dairy,113,packs,2026-03-08,60,2026-05-07,55,26,surplus
Los Angeles Regional Food Bank,Los Angeles,Oatmeal,dry,244,boxes,2026-02-24,365,2027-02-24,348,94,balanced
San Francisco-Marin Food Bank,San Francisco,Brown rice,dry,62,bags,2026-03-07,365,2027-03-07,359,20,surplus
Los Angeles Regional Food Bank,Los Angeles,Canned salmon,canned,61,cans,2026-03-04,730,2028-03-03,721,50,balanced
Central California Food Bank,Fresno,Peanut butter,dry,167,jars,2026-02-21,365,2027-02-21,345,64,balanced
Sacramento Food Bank & Family Services,Sacramento,Canned tuna,canned,170,cans,2026-02-20,730,2028-02-20,709,33,surplus
Los Angeles Regional Food Bank,Los Angeles,Sugar,dry,213,bags,2026-02-17,730,2028-02-17,706,91,balanced
Second Harvest of Silicon Valley,San Jose,Oranges,produce,253,lbs,2026-02-26,14,2026-03-12,-1,95,balanced
Yolo Food Bank,Woodland,Canned peas,canned,144,cans,2026-02-17,730,2028-02-17,706,110,balanced
Sacramento Food Bank & Family Services,Sacramento,Lettuce,produce,15,heads,2026-02-17,10,2026-02-27,-14,54,shortage
San Francisco-Marin Food Bank,San Francisco,Cheese blocks,dairy,17,blocks,2026-03-04,30,2026-04-03,21,86,shortage
Sacramento Food Bank & Family Services,Sacramento,Almond butter,dry,386,jars,2026-02-21,365,2027-02-21,345,113,surplus
Second Harvest Food Bank of Orange County,Irvine,Onions,produce,245,lbs,2026-03-06,30,2026-04-05,23,23,surplus
Second Harvest of Silicon Valley,San Jose,Canned tomatoes,canned,324,cans,2026-02-22,730,2028-02-22,711,52,surplus
San Francisco-Marin Food Bank,San Francisco,Frozen berries,protein,242,bags,2026-03-05,365,2027-03-05,357,22,surplus
Second Harvest Food Bank of Orange County,Irvine,Oatmeal,dry,90,boxes,2026-02-16,365,2027-02-16,340,103,shortage
Feeding San Diego,San Diego,Almond butter,dry,118,jars,2026-03-05,365,2027-03-05,357,48,balanced
San Francisco-Marin Food Bank,San Francisco,Bananas,produce,197,lbs,2026-02-28,7,2026-03-07,-6,32,surplus
Los Angeles Regional Food Bank,Los Angeles,Cereal,dry,334,boxes,2026-02-19,180,2026-08-18,158,109,surplus
Central California Food Bank,Fresno,Almond butter,dry,269,jars,2026-03-02,365,2027-03-02,354,64,surplus
Second Harvest of Silicon Valley,San Jose,Potatoes,produce,89,lbs,2026-03-03,30,2026-04-02,20,33,balanced
Alameda County Community Food Bank,Oakland,Bananas,produce,299,lbs,2026-03-09,7,2026-03-16,3,23,surplus
Feeding San Diego,San Diego,Canned tomatoes,canned,156,cans,2026-03-11,730,2028-03-10,728,114,balanced
Food Bank of Contra Costa and Solano,Concord,Egg cartons,dairy,116,cartons,2026-02-16,21,2026-03-09,-4,57,balanced
Second Harvest of Silicon Valley,San Jose,Broccoli,produce,198,lbs,2026-02-20,7,2026-02-27,-14,68,balanced
Feeding San Diego,San Diego,Canned salmon,canned,377,cans,2026-02-20,730,2028-02-20,709,83,surplus
San Francisco-Marin Food Bank,San Francisco,Flour,dry,188,bags,2026-03-09,365,2027-03-09,361,32,surplus
Alameda County Community Food Bank,Oakland,Apples,produce,380,lbs,2026-02-16,21,2026-03-09,-4,93,surplus
Second Harvest Food Bank of Orange County,Irvine,Canned tuna,canned,196,cans,2026-02-25,730,2028-02-25,714,118,balanced
Los Angeles Regional Food Bank,Los Angeles,Canned corn,canned,122,cans,2026-03-07,730,2028-03-06,724,63,balanced
Second Harvest of Silicon Valley,San Jose,Peanut butter,dry,397,jars,2026-03-07,365,2027-03-07,359,50,surplus
Alameda County Community Food Bank,Oakland,Milk gallons,dairy,388,gallons,2026-02-22,10,2026-03-04,-9,94,surplus
Second Harvest Food Bank of Orange County,Irvine,Egg cartons,dairy,188,cartons,2026-03-01,21,2026-03-22,9,35,surplus
Second Harvest Food Bank of Orange County,Irvine,Flour,dry,234,bags,2026-03-11,365,2027-03-11,363,90,balanced
Food Bank of Contra Costa and Solano,Concord,Spaghetti,dry,374,boxes,2026-03-13,730,2028-03-12,730,73,surplus
Sacramento Food Bank & Family Services,Sacramento,Potatoes,produce,337,lbs,2026-02-28,30,2026-03-30,17,119,balanced
Food Bank of Contra Costa and Solano,Concord,Lettuce,produce,208,heads,2026-03-04,10,2026-03-14,1,109,balanced
Second Harvest Food Bank of Orange County,Irvine,Spinach,produce,93,bags,2026-03-09,7,2026-03-16,3,89,balanced
Food Bank of Contra Costa and Solano,Concord,Bell peppers,produce,95,lbs,2026-02-18,10,2026-02-28,-13,29,surplus
Feeding San Diego,San Diego,Oranges,produce,273,lbs,2026-03-10,14,2026-03-24,11,96,balanced
Second Harvest Food Bank of Orange County,Irvine,Canned corn,canned,263,cans,2026-03-01,730,2028-02-29,718,34,surplus
Feeding San Diego,San Diego,Cheese blocks,dairy,172,blocks,2026-03-01,30,2026-03-31,18,42,surplus
Food Bank of Contra Costa and Solano,Concord,Egg cartons,dairy,17,cartons,2026-03-01,21,2026-03-22,9,69,shortage
Second Harvest Food Bank of Orange County,Irvine,Chicken breast frozen,protein,156,packs,2026-03-06,180,2026-09-02,173,113,balanced
San Francisco-Marin Food Bank,San Francisco,Bananas,produce,31,lbs,2026-03-02,7,2026-03-09,-4,109,shortage
Central California Food Bank,Fresno,Brown rice,dry,339,bags,2026-02-16,365,2027-02-16,340,21,surplus
Second Harvest of Silicon Valley,San Jose,Canned chickpeas,canned,249,cans,2026-02-24,730,2028-02-24,713,29,surplus
Feeding San Diego,San Diego,Cereal,dry,173,boxes,2026-03-11,180,2026-09-07,178,60,balanced
Yolo Food Bank,Woodland,Canned corn,canned,278,cans,2026-03-09,730,2028-03-08,726,96,balanced
Second Harvest of Silicon Valley,San Jose,Onions,produce,288,lbs,2026-03-10,30,2026-04-09,27,60,surplus
Food Bank of Contra Costa and Solano,Concord,Macaroni,dry,373,boxes,2026-02-24,730,2028-02-24,713,33,surplus
Food Bank of Contra Costa and Solano,Concord,Spinach,produce,340,bags,2026-02-22,7,2026-03-01,-12,32,surplus
Yolo Food Bank,Woodland,Brown rice,dry,234,bags,2026-03-09,365,2027-03-09,361,73,surplus
Central California Food Bank,Fresno,Cheese blocks,dairy,164,blocks,2026-03-11,30,2026-04-10,28,113,balanced
Feeding San Diego,San Diego,Oranges,produce,256,lbs,2026-02-16,14,2026-03-02,-11,60,surplus
Food Bank of Contra Costa and Solano,Concord,Canned salmon,canned,370,cans,2026-02-19,730,2028-02-19,708,114,surplus
San Francisco-Marin Food Bank,San Francisco,Cereal,dry,79,boxes,2026-02-27,180,2026-08-26,166,84,shortage
Second Harvest Food Bank of Orange County,Irvine,Pasta,dry,161,boxes,2026-02-18,730,2028-02-18,707,41,surplus
Los Angeles Regional Food Bank,Los Angeles,Canned peas,canned,169,cans,2026-02-28,730,2028-02-28,717,47,surplus
Yolo Food Bank,Woodland,Canned soup,canned,266,cans,2026-02-16,540,2027-08-10,515,22,surplus
Alameda County Community Food Bank,Oakland,Pasta,dry,111,boxes,2026-02-18,730,2028-02-18,707,61,balanced
Feeding San Diego,San Diego,Pasta,dry,21,boxes,2026-03-09,730,2028-03-08,726,78,shortage
Alameda County Community Food Bank,Oakland,Yogurt cups,dairy,65,cups,2026-02-23,21,2026-03-16,3,34,balanced
Central California Food Bank,Fresno,Brown rice,dry,312,bags,2026-02-16,365,2027-02-16,340,61,surplus
Food Bank of Contra Costa and Solano,Concord,Canned tomatoes,canned,224,cans,2026-02-27,730,2028-02-27,716,117,balanced
Second Harvest Food Bank of Orange County,Irvine,Sugar,dry,199,bags,2026-02-24,730,2028-02-24,713,94,balanced
Second Harvest of Silicon Valley,San Jose,Egg cartons,dairy,152,cartons,2026-02-28,21,2026-03-21,8,94,balanced
Sacramento Food Bank & Family Services,Sacramento,Canned soup,canned,373,cans,2026-03-02,540,2027-08-24,529,39,surplus
Yolo Food Bank,Woodland,Canned carrots,canned,358,cans,2026-02-21,730,2028-02-21,710,70,surplus
Second Harvest Food Bank of Orange County,Irvine,Canned salmon,canned,375,cans,2026-03-01,730,2028-02-29,718,105,surplus
Second Harvest of Silicon Valley,San Jose,Broccoli,produce,21,lbs,2026-02-19,7,2026-02-26,-15,55,shortage
Feeding San Diego,San Diego,Canned peas,canned,357,cans,2026-02-26,730,2028-02-26,715,73,surplus
Los Angeles Regional Food Bank,Los Angeles,Canned green beans,canned,93,cans,2026-02-19,730,2028-02-19,708,52,balanced
Feeding San Diego,San Diego,Oatmeal,dry,364,boxes,2026-03-10,365,2027-03-10,362,105,surplus
Yolo Food Bank,Woodland,Chicken breast frozen,protein,82,packs,2026-02-17,180,2026-08-16,156,63,balanced
San Francisco-Marin Food Bank,San Francisco,Oranges,produce,211,lbs,2026-03-05,14,2026-03-19,6,99,balanced
Sacramento Food Bank & Family Services,Sacramento,Spaghetti,dry,322,boxes,2026-02-17,730,2028-02-17,706,62,surplus
Yolo Food Bank,Woodland,Broccoli,produce,238,lbs,2026-02-23,7,2026-03-02,-11,79,surplus
Feeding San Diego,San Diego,Onions,produce,96,lbs,2026-03-01,30,2026-03-31,18,95,balanced
Feeding San Diego,San Diego,Canned carrots,canned,304,cans,2026-03-09,730,2028-03-08,726,56,surplus
Food Bank of Contra Costa and Solano,Concord,Canned carrots,canned,140,cans,2026-02-22,730,2028-02-22,711,108,balanced
Alameda County Community Food Bank,Oakland,Canned tuna,canned,209,cans,2026-03-09,730,2028-03-08,726,107,balanced
Food Bank of Contra Costa and Solano,Concord,Rice 5lb bag,dry,183,bags,2026-02-21,730,2028-02-21,710,45,surplus
Food Bank of Contra Costa and Solano,Concord,Canned green beans,canned,115,cans,2026-02-23,730,2028-02-23,712,87,balanced
Food Bank of Contra Costa and Solano,Concord,Ground turkey frozen,protein,39,packs,2026-02-17,180,2026-08-16,156,65,shortage
Central California Food Bank,Fresno,Lettuce,produce,217,heads,2026-02-21,10,2026-03-03,-10,102,balanced
Second Harvest Food Bank of Orange County,Irvine,Chicken breast frozen,protein,24,packs,2026-03-11,180,2026-09-07,178,104,shortage
Food Bank of Contra Costa and Solano,Concord,Macaroni,dry,269,boxes,2026-02-19,730,2028-02-19,708,79,surplus
Los Angeles Regional Food Bank,Los Angeles,Avocados,produce,301,units,2026-03-01,7,2026-03-08,-5,84,surplus
Yolo Food Bank,Woodland,Canned tuna,canned,351,cans,2026-03-07,730,2028-03-06,724,87,surplus
San Francisco-Marin Food Bank,San Francisco,Canned tomatoes,canned,160,cans,2026-03-01,730,2028-02-29,718,109,balanced
Food Bank of Contra Costa and Solano,Concord,Lettuce,produce,330,heads,2026-03-09,10,2026-03-19,6,71,surplus
Central California Food Bank,Fresno,Canned peas,canned,264,cans,2026-02-26,730,2028-02-26,715,32,surplus
Central California Food Bank,Fresno,Ground turkey frozen,protein,40,packs,2026-02-27,180,2026-08-26,166,51,shortage
Sacramento Food Bank & Family Services,Sacramento,Canned carrots,canned,284,cans,2026-02-25,730,2028-02-25,714,87,surplus
Second Harvest Food Bank of Orange County,Irvine,Macaroni,dry,310,boxes,2026-03-11,730,2028-03-10,728,32,surplus
Sacramento Food Bank & Family Services,Sacramento,Ground turkey frozen,protein,219,packs,2026-03-11,180,2026-09-07,178,41,surplus
Sacramento Food Bank & Family Services,Sacramento,Canned black beans,canned,336,cans,2026-03-01,730,2028-02-29,718,41,surplus
Sacramento Food Bank & Family Services,Sacramento,Onions,produce,385,lbs,2026-03-09,30,2026-04-08,26,31,surplus
Sacramento Food Bank & Family Services,Sacramento,Canned soup,canned,233,cans,2026-02-18,540,2027-08-12,517,39,surplus
Second Harvest Food Bank of Orange County,Irvine,Canned beans,canned,396,cans,2026-02-18,730,2028-02-18,707,82,surplus
Yolo Food Bank,Woodland,Almond butter,dry,270,jars,2026-02-20,365,2027-02-20,344,34,surplus
San Francisco-Marin Food Bank,San Francisco,Tomatoes,produce,346,lbs,2026-02-20,10,2026-03-02,-11,95,surplus
Central California Food Bank,Fresno,Ground turkey frozen,protein,365,packs,2026-02-27,180,2026-08-26,166,53,surplus
Alameda County Community Food Bank,Oakland,Lentils,dry,351,bags,2026-03-01,730,2028-02-29,718,68,surplus
Yolo Food Bank,Woodland,Tomatoes,produce,105,lbs,2026-02-20,10,2026-03-02,-11,36,balanced
Central California Food Bank,Fresno,Canned black beans,canned,318,cans,2026-03-01,730,2028-02-29,718,38,surplus
Second Harvest Food Bank of Orange County,Irvine,Milk gallons,dairy,393,gallons,2026-03-08,10,2026-03-18,5,69,surplus
Feeding San Diego,San Diego,Spaghetti,dry,85,boxes,2026-02-23,730,2028-02-23,712,74,balanced
Yolo Food Bank,Woodland,Canned salmon,canned,230,cans,2026-03-04,730,2028-03-03,721,109,balanced
Second Harvest of Silicon Valley,San Jose,Peanut butter,dry,190,jars,2026-03-05,365,2027-03-05,357,52,surplus
Central California Food Bank,Fresno,Peanut butter,dry,113,jars,2026-03-02,365,2027-03-02,354,102,balanced
Alameda County Community Food Bank,Oakland,Canned green beans,canned,185,cans,2026-03-11,730,2028-03-10,728,119,balanced
Feeding San Diego,San Diego,Canned black beans,canned,76,cans,2026-03-12,730,2028-03-11,729,50,balanced
San Francisco-Marin Food Bank,San Francisco,Canned corn,canned,267,cans,2026-02-25,730,2028-02-25,714,99,balanced
Sacramento Food Bank & Family Services,Sacramento,Cheese blocks,dairy,193,blocks,2026-03-06,30,2026-04-05,23,89,balanced
Second Harvest of Silicon Valley,San Jose,Canned tomatoes,canned,16,cans,2026-03-03,730,2028-03-02,720,67,shortage
Food Bank of Contra Costa and Solano,Concord,Cheese blocks,dairy,72,blocks,2026-03-06,30,2026-04-05,23,81,shortage
Feeding San Diego,San Diego,Apples,produce,364,lbs,2026-02-16,21,2026-03-09,-4,94,surplus
Central California Food Bank,Fresno,Almond butter,dry,47,jars,2026-03-13,365,2027-03-13,365,111,shortage
Second Harvest Food Bank of Orange County,Irvine,Ground turkey frozen,protein,58,packs,2026-03-10,180,2026-09-06,177,46,balanced
Alameda County Community Food Bank,Oakland,Sugar,dry,79,bags,2026-03-05,730,2028-03-04,722,57,balanced
Los Angeles Regional Food Bank,Los Angeles,Tomatoes,produce,371,lbs,2026-03-05,10,2026-03-15,2,90,surplus
Central California Food Bank,Fresno,Frozen berries,protein,78,bags,2026-02-20,365,2027-02-20,344,41,balanced
San Francisco-Marin Food Bank,San Francisco,Sugar,dry,282,bags,2026-02-22,730,2028-02-22,711,98,balanced
Feeding San Diego,San Diego,Macaroni,dry,180,boxes,2026-03-04,730,2028-03-03,721,88,balanced
Second Harvest Food Bank of Orange County,Irvine,Macaroni,dry,177,boxes,2026-02-27,730,2028-02-27,716,40,surplus
San Francisco-Marin Food Bank,San Francisco,Chicken breast frozen,protein,319,packs,2026-03-03,180,2026-08-30,170,47,surplus
Second Harvest of Silicon Valley,San Jose,Canned green beans,canned,197,cans,2026-03-10,730,2028-03-09,727,106,balanced
Food Bank of Contra Costa and Solano,Concord,Onions,produce,247,lbs,2026-02-18,30,2026-03-20,7,89,balanced
Food Bank of Contra Costa and Solano,Concord,Canned soup,canned,106,cans,2026-02-20,540,2027-08-14,519,29,surplus
Food Bank of Contra Costa and Solano,Concord,Onions,produce,184,lbs,2026-03-02,30,2026-04-01,19,86,balanced
Alameda County Community Food Bank,Oakland,Canned green beans,canned,363,cans,2026-03-11,730,2028-03-10,728,51,surplus
Sacramento Food Bank & Family Services,Sacramento,Apples,produce,19,lbs,2026-02-19,21,2026-03-12,-1,20,shortage
Second Harvest Food Bank of Orange County,Irvine,Oatmeal,dry,107,boxes,2026-02-22,365,2027-02-22,346,50,balanced
San Francisco-Marin Food Bank,San Francisco,Tomatoes,produce,216,lbs,2026-03-10,10,2026-03-20,7,83,balanced
San Francisco-Marin Food Bank,San Francisco,Spaghetti,dry,182,boxes,2026-02-18,730,2028-02-18,707,86,balanced
San Francisco-Marin Food Bank,San Francisco,Apples,produce,230,lbs,2026-02-22,21,2026-03-15,2,111,balanced
Alameda County Community Food Bank,Oakland,Oatmeal,dry,279,boxes,2026-02-22,365,2027-02-22,346,35,surplus
Central California Food Bank,Fresno,Macaroni,dry,201,boxes,2026-03-09,730,2028-03-08,726,50,surplus
Central California Food Bank,Fresno,Canned black beans,canned,338,cans,2026-02-26,730,2028-02-26,715,45,surplus
Alameda County Community Food Bank,Oakland,Canned corn,canned,288,cans,2026-03-12,730,2028-03-11,729,66,surplus
Feeding San Diego,San Diego,Avocados,produce,294,units,2026-02-22,7,2026-03-01,-12,63,surplus
San Francisco-Marin Food Bank,San Francisco,Ground turkey frozen,protein,181,packs,2026-03-05,180,2026-09-01,172,36,surplus
Feeding San Diego,San Diego,Avocados,produce,159,units,2026-03-12,7,2026-03-19,6,63,balanced
Second Harvest of Silicon Valley,San Jose,Spinach,produce,15,bags,2026-03-12,7,2026-03-19,6,98,shortage
Feeding San Diego,San Diego,Potatoes,produce,394,lbs,2026-02-25,30,2026-03-27,14,36,surplus
Yolo Food Bank,Woodland,Almond butter,dry,198,jars,2026-02-16,365,2027-02-16,340,41,surplus
Feeding San Diego,San Diego,Carrots fresh,produce,56,lbs,2026-02-27,21,2026-03-20,7,61,shortage
Feeding San Diego,San Diego,Peanut butter,dry,77,jars,2026-02-17,365,2027-02-17,341,64,balanced
Sacramento Food Bank & Family Services,Sacramento,Avocados,produce,196,units,2026-02-24,7,2026-03-03,-10,30,surplus
Second Harvest Food Bank of Orange County,Irvine,Lentils,dry,99,bags,2026-03-06,730,2028-03-05,723,102,shortage
Los Angeles Regional Food Bank,Los Angeles,Frozen berries,protein,308,bags,2026-02-28,365,2027-02-28,352,22,surplus
Alameda County Community Food Bank,Oakland,Cereal,dry,131,boxes,2026-03-06,180,2026-09-02,173,33,surplus
Second Harvest Food Bank of Orange County,Irvine,Avocados,produce,95,units,2026-03-11,7,2026-03-18,5,93,balanced
Food Bank of Contra Costa and Solano,Concord,Canned carrots,canned,249,cans,2026-03-05,730,2028-03-04,722,42,surplus
Los Angeles Regional Food Bank,Los Angeles,Flour,dry,178,bags,2026-02-18,365,2027-02-18,342,25,surplus
San Francisco-Marin Food Bank,San Francisco,Egg cartons,dairy,91,cartons,2026-03-05,21,2026-03-26,13,100,shortage
Alameda County Community Food Bank,Oakland,Oatmeal,dry,370,boxes,2026-02-22,365,2027-02-22,346,59,surplus
Yolo Food Bank,Woodland,Egg cartons,dairy,215,cartons,2026-02-19,21,2026-03-12,-1,58,surplus
Feeding San Diego,San Diego,Peanut butter,dry,175,jars,2026-02-28,365,2027-02-28,352,69,balanced
Feeding San Diego,San Diego,Lettuce,produce,308,heads,2026-03-09,10,2026-03-19,6,90,surplus
Central California Food Bank,Fresno,Canned peas,canned,142,cans,2026-02-17,730,2028-02-17,706,46,surplus
Feeding San Diego,San Diego,Butter,dairy,143,packs,2026-03-03,60,2026-05-02,50,91,balanced
Central California Food Bank,Fresno,Lettuce,produce,169,heads,2026-02-26,10,2026-03-08,-5,33,surplus
Second Harvest Food Bank of Orange County,Irvine,Sugar,dry,37,bags,2026-02-17,730,2028-02-17,706,37,balanced
Sacramento Food Bank & Family Services,Sacramento,Pasta,dry,346,boxes,2026-02-19,730,2028-02-19,708,99,surplus
Los Angeles Regional Food Bank,Los Angeles,Lentils,dry,104,bags,2026-02-26,730,2028-02-26,715,38,balanced
Food Bank of Contra Costa and Solano,Concord,Chicken breast frozen,protein,389,packs,2026-03-10,180,2026-09-06,177,108,surplus
Los Angeles Regional Food Bank,Los Angeles,Spinach,produce,214,bags,2026-03-06,7,2026-03-13,0,105,balanced
Food Bank of Contra Costa and Solano,Concord,Spaghetti,dry,269,boxes,2026-03-06,730,2028-03-05,723,104,balanced
Sacramento Food Bank & Family Services,Sacramento,Almond butter,dry,266,jars,2026-03-07,365,2027-03-07,359,38,surplus
Central California Food Bank,Fresno,Tomatoes,produce,305,lbs,2026-03-05,10,2026-03-15,2,20,surplus
Second Harvest Food Bank of Orange County,Irvine,Almond butter,dry,344,jars,2026-03-08,365,2027-03-08,360,101,surplus
Feeding San Diego,San Diego,Carrots fresh,produce,61,lbs,2026-02-21,21,2026-03-14,1,32,balanced
Central California Food Bank,Fresno,Milk gallons,dairy,14,gallons,2026-02-16,10,2026-02-26,-15,43,shortage
Second Harvest of Silicon Valley,San Jose,Canned beans,canned,87,cans,2026-02-24,730,2028-02-24,713,35,balanced
Los Angeles Regional Food Bank,Los Angeles,Frozen vegetables mix,protein,93,bags,2026-03-07,365,2027-03-07,359,68,balanced
Second Harvest Food Bank of Orange County,Irvine,Canned green beans,canned,368,cans,2026-02-27,730,2028-02-27,716,103,surplus
Second Harvest of Silicon Valley,San Jose,Oatmeal,dry,359,boxes,2026-03-05,365,2027-03-05,357,87,surplus
San Francisco-Marin Food Bank,San Francisco,Almond butter,dry,323,jars,2026-03-03,365,2027-03-03,355,83,surplus
Second Harvest of Silicon Valley,San Jose,Canned chickpeas,canned,352,cans,2026-03-06,730,2028-03-05,723,75,surplus
Sacramento Food Bank & Family Services,Sacramento,Canned tomatoes,canned,130,cans,2026-03-07,730,2028-03-06,724,98,balanced
Yolo Food Bank,Woodland,Chicken breast frozen,protein,125,packs,2026-02-21,180,2026-08-20,160,20,surplus
Central California Food Bank,Fresno,Almond butter,dry,122,jars,2026-02-27,365,2027-02-27,351,42,balanced
Yolo Food Bank,Woodland,Tomatoes,produce,36,lbs,2026-03-04,10,2026-03-14,1,115,shortage
Feeding San Diego,San Diego,Chicken breast frozen,protein,215,packs,2026-02-23,180,2026-08-22,162,73,balanced
Food Bank of Contra Costa and Solano,Concord,Oranges,produce,264,lbs,2026-02-19,14,2026-03-05,-8,97,balanced
Yolo Food Bank,Woodland,Frozen vegetables mix,protein,147,bags,2026-02-28,365,2027-02-28,352,79,balanced
Los Angeles Regional Food Bank,Los Angeles,Bananas,produce,68,lbs,2026-03-02,7,2026-03-09,-4,23,balanced
Sacramento Food Bank & Family Services,Sacramento,Oranges,produce,165,lbs,2026-02-27,14,2026-03-13,0,47,surplus
Feeding San Diego,San Diego,Canned black beans,canned,231,cans,2026-02-16,730,2028-02-16,705,116,balanced
Feeding San Diego,San Diego,Flour,dry,349,bags,2026-03-04,365,2027-03-04,356,50,surplus
Second Harvest Food Bank of Orange County,Irvine,Spinach,produce,209,bags,2026-02-20,7,2026-02-27,-14,55,surplus
Second Harvest Food Bank of Orange County,Irvine,Rice 5lb bag,dry,197,bags,2026-02-25,730,2028-02-25,714,90,balanced
Alameda County Community Food Bank,Oakland,Cheese blocks,dairy,242,blocks,2026-03-13,30,2026-04-12,30,68,surplus
Food Bank of Contra Costa and Solano,Concord,Oatmeal,dry,207,boxes,2026-03-08,365,2027-03-08,360,23,surplus
Yolo Food Bank,Woodland,Egg cartons,dairy,285,cartons,2026-03-11,21,2026-04-01,19,34,surplus
Los Angeles Regional Food Bank,Los Angeles,Canned salmon,canned,326,cans,2026-03-11,730,2028-03-10,728,77,surplus
Yolo Food Bank,Woodland,Bananas,produce,205,lbs,2026-02-27,7,2026-03-06,-7,53,surplus
Food Bank of Contra Costa and Solano,Concord,Sugar,dry,234,bags,2026-02-26,730,2028-02-26,715,79,balanced
San Francisco-Marin Food Bank,San Francisco,Sugar,dry,77,bags,2026-03-10,730,2028-03-09,727,112,shortage
Alameda County Community Food Bank,Oakland,Peanut butter,dry,189,jars,2026-03-01,365,2027-03-01,353,107,balanced
Food Bank of Contra Costa and Solano,Concord,Canned peas,canned,168,cans,2026-02-17,730,2028-02-17,706,90,balanced
Sacramento Food Bank & Family Services,Sacramento,Spaghetti,dry,139,boxes,2026-02-26,730,2028-02-26,715,38,surplus
Second Harvest of Silicon Valley,San Jose,Cheese blocks,dairy,230,blocks,2026-03-13,30,2026-04-12,30,78,balanced
Los Angeles Regional Food Bank,Los Angeles,Canned chickpeas,canned,267,cans,2026-02-22,730,2028-02-22,711,67,surplus
Second Harvest Food Bank of Orange County,Irvine,Spinach,produce,351,bags,2026-02-18,7,2026-02-25,-16,74,surplus
Alameda County Community Food Bank,Oakland,Oranges,produce,265,lbs,2026-02-17,14,2026-03-03,-10,27,surplus
Feeding San Diego,San Diego,Oatmeal,dry,231,boxes,2026-02-27,365,2027-02-27,351,33,surplus
San Francisco-Marin Food Bank,San Francisco,Cheese blocks,dairy,25,blocks,2026-03-05,30,2026-04-04,22,109,shortage
Second Harvest of Silicon Valley,San Jose,Bell peppers,produce,28,lbs,2026-02-16,10,2026-02-26,-15,71,shortage
Alameda County Community Food Bank,Oakland,Flour,dry,37,bags,2026-03-03,365,2027-03-03,355,53,shortage
Feeding San Diego,San Diego,Broccoli,produce,346,lbs,2026-02-26,7,2026-03-05,-8,115,surplus
Central California Food Bank,Fresno,Butter,dairy,212,packs,2026-03-12,60,2026-05-11,59,95,balanced
Alameda County Community Food Bank,Oakland,Broccoli,produce,383,lbs,2026-02-23,7,2026-03-02,-11,32,surplus
Second Harvest of Silicon Valley,San Jose,Broccoli,produce,69,lbs,2026-02-26,7,2026-03-05,-8,105,shortage
Second Harvest Food Bank of Orange County,Irvine,Tomatoes,produce,83,lbs,2026-03-08,10,2026-03-18,5,72,balanced
Food Bank of Contra Costa and Solano,Concord,Sugar,dry,202,bags,2026-03-13,730,2028-03-12,730,73,balanced
Los Angeles Regional Food Bank,Los Angeles,Canned green beans,canned,224,cans,2026-02-18,730,2028-02-18,707,45,surplus
Alameda County Community Food Bank,Oakland,Brown rice,dry,351,bags,2026-03-12,365,2027-03-12,364,120,balanced
Second Harvest of Silicon Valley,San Jose,Canned black beans,canned,242,cans,2026-03-01,730,2028-02-29,718,55,surplus
Second Harvest Food Bank of Orange County,Irvine,Onions,produce,132,lbs,2026-02-25,30,2026-03-27,14,57,balanced
San Francisco-Marin Food Bank,San Francisco,Yogurt cups,dairy,25,cups,2026-02-19,21,2026-03-12,-1,99,shortage
San Francisco-Marin Food Bank,San Francisco,Brown rice,dry,46,bags,2026-02-26,365,2027-02-26,350,66,shortage
Second Harvest of Silicon Valley,San Jose,Canned chickpeas,canned,71,cans,2026-03-10,730,2028-03-09,727,43,balanced
Sacramento Food Bank & Family Services,Sacramento,Carrots fresh,produce,35,lbs,2026-02-28,21,2026-03-21,8,85,shortage
San Francisco-Marin Food Bank,San Francisco,Yogurt cups,dairy,78,cups,2026-02-20,21,2026-03-13,0,117,shortage
San Francisco-Marin Food Bank,San Francisco,Canned salmon,canned,174,cans,2026-03-11,730,2028-03-10,728,96,balanced
Los Angeles Regional Food Bank,Los Angeles,Spinach,produce,153,bags,2026-03-04,7,2026-03-11,-2,120,balanced
Alameda County Community Food Bank,Oakland,Cereal,dry,125,boxes,2026-03-08,180,2026-09-04,175,115,balanced
Sacramento Food Bank & Family Services,Sacramento,Chicken breast frozen,protein,254,packs,2026-03-10,180,2026-09-06,177,103,balanced
Feeding San Diego,San Diego,Canned tomatoes,canned,244,cans,2026-03-09,730,2028-03-08,726,41,surplus
Alameda County Community Food Bank,Oakland,Canned chickpeas,canned,339,cans,2026-03-10,730,2028-03-09,727,109,surplus
Yolo Food Bank,Woodland,Tomatoes,produce,284,lbs,2026-03-09,10,2026-03-19,6,43,surplus
Alameda County Community Food Bank,Oakland,Canned tomatoes,canned,132,cans,2026-03-06,730,2028-03-05,723,82,balanced
Second Harvest Food Bank of Orange County,Irvine,Pasta,dry,168,boxes,2026-03-09,730,2028-03-08,726,60,balanced
Feeding San Diego,San Diego,Canned tomatoes,canned,384,cans,2026-02-28,730,2028-02-28,717,55,surplus
San Francisco-Marin Food Bank,San Francisco,Cereal,dry,83,boxes,2026-03-02,180,2026-08-29,169,111,shortage
Los Angeles Regional Food Bank,Los Angeles,Canned carrots,canned,269,cans,2026-03-05,730,2028-03-04,722,100,balanced
Central California Food Bank,Fresno,Brown rice,dry,143,bags,2026-02-18,365,2027-02-18,342,24,surplus
San Francisco-Marin Food Bank,San Francisco,Onions,produce,178,lbs,2026-02-22,30,2026-03-24,11,88,balanced
Second Harvest of Silicon Valley,San Jose,Frozen vegetables mix,protein,326,bags,2026-03-06,365,2027-03-06,358,119,balanced
Central California Food Bank,Fresno,Canned tuna,canned,314,cans,2026-02-23,730,2028-02-23,712,68,surplus
Food Bank of Contra Costa and Solano,Concord,Oranges,produce,81,lbs,2026-03-12,14,2026-03-26,13,40,balanced
Food Bank of Contra Costa and Solano,Concord,Rice 5lb bag,dry,89,bags,2026-03-05,730,2028-03-04,722,51,balanced
Central California Food Bank,Fresno,Lentils,dry,219,bags,2026-02-16,730,2028-02-16,705,33,surplus
Second Harvest Food Bank of Orange County,Irvine,Canned tuna,canned,23,cans,2026-02-18,730,2028-02-18,707,89,shortage
Los Angeles Regional Food Bank,Los Angeles,Oranges,produce,293,lbs,2026-02-17,14,2026-03-03,-10,81,surplus
Central California Food Bank,Fresno,Canned corn,canned,240,cans,2026-03-01,730,2028-02-29,718,67,surplus
San Francisco-Marin Food Bank,San Francisco,Canned green beans,canned,190,cans,2026-03-12,730,2028-03-11,729,21,surplus
Food Bank of Contra Costa and Solano,Concord,Avocados,produce,187,units,2026-03-05,7,2026-03-12,-1,101,balanced
Central California Food Bank,Fresno,Macaroni,dry,185,boxes,2026-03-07,730,2028-03-06,724,95,balanced
Second Harvest Food Bank of Orange County,Irvine,Cheese blocks,dairy,18,blocks,2026-02-17,30,2026-03-19,6,108,shortage
Los Angeles Regional Food Bank,Los Angeles,Canned black beans,canned,188,cans,2026-02-16,730,2028-02-16,705,119,balanced
Second Harvest of Silicon Valley,San Jose,Almond butter,dry,135,jars,2026-03-11,365,2027-03-11,363,105,balanced
Food Bank of Contra Costa and Solano,Concord,Canned salmon,canned,81,cans,2026-03-08,730,2028-03-07,725,92,shortage
San Francisco-Marin Food Bank,San Francisco,Canned beans,canned,248,cans,2026-02-22,730,2028-02-22,711,28,surplus
San Francisco-Marin Food Bank,San Francisco,Oatmeal,dry,316,boxes,2026-03-07,365,2027-03-07,359,107,balanced
Sacramento Food Bank & Family Services,Sacramento,Tomatoes,produce,92,lbs,2026-03-12,10,2026-03-22,9,95,shortage
San Francisco-Marin Food Bank,San Francisco,Spinach,produce,171,bags,2026-02-26,7,2026-03-05,-8,43,surplus
Second Harvest Food Bank of Orange County,Irvine,Tomatoes,produce,84,lbs,2026-03-04,10,2026-03-14,1,117,shortage
Food Bank of Contra Costa and Solano,Concord,Tomatoes,produce,377,lbs,2026-03-03,10,2026-03-13,0,101,surplus
Feeding San Diego,San Diego,Potatoes,produce,55,lbs,2026-03-06,30,2026-04-05,23,37,balanced
Feeding San Diego,San Diego,Canned beans,canned,121,cans,2026-02-20,730,2028-02-20,709,23,surplus
Sacramento Food Bank & Family Services,Sacramento,Canned beans,canned,183,cans,2026-02-20,730,2028-02-20,709,109,balanced
Second Harvest Food Bank of Orange County,Irvine,Ground turkey frozen,protein,390,packs,2026-02-20,180,2026-08-19,159,31,surplus
Los Angeles Regional Food Bank,Los Angeles,Milk gallons,dairy,48,gallons,2026-03-07,10,2026-03-17,4,51,shortage
Yolo Food Bank,Woodland,Spaghetti,dry,127,boxes,2026-03-01,730,2028-02-29,718,101,balanced
Los Angeles Regional Food Bank,Los Angeles,Apples,produce,296,lbs,2026-02-20,21,2026-03-13,0,102,balanced
Alameda County Community Food Bank,Oakland,Canned corn,canned,102,cans,2026-02-19,730,2028-02-19,708,82,balanced
Alameda County Community Food Bank,Oakland,Cheese blocks,dairy,47,blocks,2026-02-27,30,2026-03-29,16,98,shortage
Sacramento Food Bank & Family Services,Sacramento,Yogurt cups,dairy,236,cups,2026-03-04,21,2026-03-25,12,30,surplus
Feeding San Diego,San Diego,Onions,produce,93,lbs,2026-03-03,30,2026-04-02,20,67,balanced
San Francisco-Marin Food Bank,San Francisco,Peanut butter,dry,296,jars,2026-02-18,365,2027-02-18,342,76,surplus
Sacramento Food Bank & Family Services,Sacramento,Peanut butter,dry,169,jars,2026-02-25,365,2027-02-25,349,71,balanced
Feeding San Diego,San Diego,Onions,produce,97,lbs,2026-03-12,30,2026-04-11,29,78,balanced
San Francisco-Marin Food Bank,San Francisco,Canned salmon,canned,122,cans,2026-03-10,730,2028-03-09,727,80,balanced
Sacramento Food Bank & Family Services,Sacramento,Sugar,dry,319,bags,2026-03-06,730,2028-03-05,723,63,surplus
Second Harvest of Silicon Valley,San Jose,Canned soup,canned,212,cans,2026-02-23,540,2027-08-17,522,29,surplus
Second Harvest Food Bank of Orange County,Irvine,Tomatoes,produce,136,lbs,2026-03-06,10,2026-03-16,3,118,balanced
Yolo Food Bank,Woodland,Egg cartons,dairy,252,cartons,2026-02-16,21,2026-03-09,-4,96,balanced
Second Harvest Food Bank of Orange County,Irvine,Apples,produce,22,lbs,2026-03-09,21,2026-03-30,17,41,shortage
San Francisco-Marin Food Bank,San Francisco,Lettuce,produce,297,heads,2026-02-20,10,2026-03-02,-11,74,surplus
Second Harvest Food Bank of Orange County,Irvine,Oatmeal,dry,202,boxes,2026-02-19,365,2027-02-19,343,35,surplus
Sacramento Food Bank & Family Services,Sacramento,Oranges,produce,19,lbs,2026-03-05,14,2026-03-19,6,34,shortage
San Francisco-Marin Food Bank,San Francisco,Canned tomatoes,canned,383,cans,2026-03-07,730,2028-03-06,724,111,surplus
Los Angeles Regional Food Bank,Los Angeles,Macaroni,dry,322,boxes,2026-02-26,730,2028-02-26,715,108,balanced
Second Harvest Food Bank of Orange County,Irvine,Canned black beans,canned,68,cans,2026-02-16,730,2028-02-16,705,117,shortage
Yolo Food Bank,Woodland,Potatoes,produce,147,lbs,2026-02-27,30,2026-03-29,16,37,surplus
Sacramento Food Bank & Family Services,Sacramento,Cereal,dry,151,boxes,2026-02-28,180,2026-08-27,167,52,balanced
San Francisco-Marin Food Bank,San Francisco,Apples,produce,74,lbs,2026-02-19,21,2026-03-12,-1,25,balanced
Second Harvest Food Bank of Orange County,Irvine,Frozen vegetables mix,protein,154,bags,2026-03-07,365,2027-03-07,359,22,surplus
Yolo Food Bank,Woodland,Yogurt cups,dairy,26,cups,2026-03-11,21,2026-04-01,19,88,shortage
Sacramento Food Bank & Family Services,Sacramento,Carrots fresh,produce,159,lbs,2026-03-01,21,2026-03-22,9,81,balanced
Feeding San Diego,San Diego,Canned peas,canned,129,cans,2026-03-01,730,2028-02-29,718,78,balanced
Alameda County Community Food Bank,Oakland,Oranges,produce,127,lbs,2026-03-04,14,2026-03-18,5,87,balanced
Alameda County Community Food Bank,Oakland,Canned peas,canned,171,cans,2026-03-08,730,2028-03-07,725,40,surplus
Food Bank of Contra Costa and Solano,Concord,Macaroni,dry,14,boxes,2026-03-13,730,2028-03-12,730,114,shortage
Feeding San Diego,San Diego,Canned green beans,canned,284,cans,2026-02-22,730,2028-02-22,711,102,balanced
Second Harvest Food Bank of Orange County,Irvine,Oranges,produce,265,lbs,2026-02-17,14,2026-03-03,-10,51,surplus
Los Angeles Regional Food Bank,Los Angeles,Oranges,produce,365,lbs,2026-03-08,14,2026-03-22,9,24,surplus
Food Bank of Contra Costa and Solano,Concord,Canned black beans,canned,369,cans,2026-02-16,730,2028-02-16,705,117,surplus
Los Angeles Regional Food Bank,Los Angeles,Butter,dairy,395,packs,2026-03-04,60,2026-05-03,51,99,surplus
Central California Food Bank,Fresno,Lettuce,produce,45,heads,2026-03-10,10,2026-03-20,7,49,shortage
Los Angeles Regional Food Bank,Los Angeles,Canned soup,canned,90,cans,2026-02-23,540,2027-08-17,522,32,balanced
Feeding San Diego,San Diego,Egg cartons,dairy,33,cartons,2026-02-19,21,2026-03-12,-1,64,shortage
Los Angeles Regional Food Bank,Los Angeles,Spaghetti,dry,208,boxes,2026-02-27,730,2028-02-27,716,64,surplus
Central California Food Bank,Fresno,Onions,produce,133,lbs,2026-03-02,30,2026-04-01,19,63,balanced
Sacramento Food Bank & Family Services,Sacramento,Butter,dairy,32,packs,2026-03-05,60,2026-05-04,52,51,shortage
San Francisco-Marin Food Bank,San Francisco,Canned tomatoes,canned,382,cans,2026-02-23,730,2028-02-23,712,96,surplus
Los Angeles Regional Food Bank,Los Angeles,Sugar,dry,213,bags,2026-03-04,730,2028-03-03,721,66,surplus
Sacramento Food Bank & Family Services,Sacramento,Rice 5lb bag,dry,231,bags,2026-03-03,730,2028-03-02,720,58,surplus
San Francisco-Marin Food Bank,San Francisco,Brown rice,dry,66,bags,2026-03-11,365,2027-03-11,363,65,balanced
Second Harvest Food Bank of Orange County,Irvine,Canned beans,canned,353,cans,2026-02-20,730,2028-02-20,709,112,surplus
Feeding San Diego,San Diego,Canned carrots,canned,316,cans,2026-02-23,730,2028-02-23,712,23,surplus
Second Harvest of Silicon Valley,San Jose,Canned corn,canned,67,cans,2026-03-09,730,2028-03-08,726,106,shortage
San Francisco-Marin Food Bank,San Francisco,Canned tomatoes,canned,51,cans,2026-03-02,730,2028-03-01,719,92,shortage
Yolo Food Bank,Woodland,Canned black beans,canned,339,cans,2026-03-11,730,2028-03-10,728,120,balanced
San Francisco-Marin Food Bank,San Francisco,Peanut butter,dry,220,jars,2026-03-08,365,2027-03-08,360,113,balanced
Food Bank of Contra Costa and Solano,Concord,Egg cartons,dairy,146,cartons,2026-02-16,21,2026-03-09,-4,42,surplus
Sacramento Food Bank & Family Services,Sacramento,Bananas,produce,15,lbs,2026-02-26,7,2026-03-05,-8,80,shortage
Second Harvest Food Bank of Orange County,Irvine,Sugar,dry,255,bags,2026-03-04,730,2028-03-03,721,33,surplus
San Francisco-Marin Food Bank,San Francisco,Bell peppers,produce,388,lbs,2026-02-28,10,2026-03-10,-3,68,surplus
Second Harvest Food Bank of Orange County,Irvine,Oatmeal,dry,391,boxes,2026-02-18,365,2027-02-18,342,31,surplus
Sacramento Food Bank & Family Services,Sacramento,Canned tuna,canned,287,cans,2026-02-19,730,2028-02-19,708,26,surplus
Alameda County Community Food Bank,Oakland,Oranges,produce,361,lbs,2026-02-20,14,2026-03-06,-7,101,surplus
Sacramento Food Bank & Family Services,Sacramento,Onions,produce,258,lbs,2026-03-04,30,2026-04-03,21,65,surplus
Alameda County Community Food Bank,Oakland,Cheese blocks,dairy,137,blocks,2026-03-12,30,2026-04-11,29,94,balanced
Sacramento Food Bank & Family Services,Sacramento,Avocados,produce,183,units,2026-03-12,7,2026-03-19,6,62,balanced
Second Harvest Food Bank of Orange County,Irvine,Yogurt cups,dairy,287,cups,2026-03-02,21,2026-03-23,10,36,surplus
Central California Food Bank,Fresno,Bell peppers,produce,235,lbs,2026-02-17,10,2026-02-27,-14,92,balanced
Second Harvest of Silicon Valley,San Jose,Avocados,produce,29,units,2026-03-13,7,2026-03-20,7,50,shortage
Yolo Food Bank,Woodland,Avocados,produce,153,units,2026-02-16,7,2026-02-23,-18,68,balanced
Food Bank of Contra Costa and Solano,Concord,Cereal,dry,129,boxes,2026-02-20,180,2026-08-19,159,90,balanced
Second Harvest Food Bank of Orange County,Irvine,Apples,produce,269,lbs,2026-02-27,21,2026-03-20,7,116,balanced
Central California Food Bank,Fresno,Frozen berries,protein,327,bags,2026-02-19,365,2027-02-19,343,95,surplus
Los Angeles Regional Food Bank,Los Angeles,Canned chickpeas,canned,174,cans,2026-03-09,730,2028-03-08,726,48,surplus
Los Angeles Regional Food Bank,Los Angeles,Sugar,dry,400,bags,2026-03-10,730,2028-03-09,727,41,surplus
Alameda County Community Food Bank,Oakland,Sugar,dry,219,bags,2026-03-13,730,2028-03-12,730,39,surplus
Second Harvest of Silicon Valley,San Jose,Canned beans,canned,385,cans,2026-03-09,730,2028-03-08,726,35,surplus
Los Angeles Regional Food Bank,Los Angeles,Oatmeal,dry,259,boxes,2026-03-02,365,2027-03-02,354,84,surplus
Second Harvest of Silicon Valley,San Jose,Ground turkey frozen,protein,307,packs,2026-03-05,180,2026-09-01,172,78,surplus
Feeding San Diego,San Diego,Canned tomatoes,canned,187,cans,2026-02-17,730,2028-02-17,706,120,balanced
Food Bank of Contra Costa and Solano,Concord,Lettuce,produce,125,heads,2026-02-18,10,2026-02-28,-13,42,balanced
Los Angeles Regional Food Bank,Los Angeles,Pasta,dry,50,boxes,2026-03-03,730,2028-03-02,720,26,balanced
Central California Food Bank,Fresno,Spaghetti,dry,159,boxes,2026-02-21,730,2028-02-21,710,85,balanced
Second Harvest Food Bank of Orange County,Irvine,Oranges,produce,179,lbs,2026-02-24,14,2026-03-10,-3,80,balanced
Second Harvest of Silicon Valley,San Jose,Canned soup,canned,53,cans,2026-02-26,540,2027-08-20,525,25,balanced
Alameda County Community Food Bank,Oakland,Canned salmon,canned,341,cans,2026-03-07,730,2028-03-06,724,63,surplus
San Francisco-Marin Food Bank,San Francisco,Brown rice,dry,83,bags,2026-03-13,365,2027-03-13,365,89,shortage
Los Angeles Regional Food Bank,Los Angeles,Egg cartons,dairy,229,cartons,2026-02-22,21,2026-03-15,2,40,surplus
Feeding San Diego,San Diego,Chicken breast frozen,protein,339,packs,2026-02-18,180,2026-08-17,157,65,surplus
San Francisco-Marin Food Bank,San Francisco,Ground turkey frozen,protein,276,packs,2026-02-22,180,2026-08-21,161,99,balanced
Yolo Food Bank,Woodland,Carrots fresh,produce,216,lbs,2026-03-10,21,2026-03-31,18,59,surplus
Los Angeles Regional Food Bank,Los Angeles,Canned green beans,canned,177,cans,2026-02-18,730,2028-02-18,707,26,surplus
Second Harvest Food Bank of Orange County,Irvine,Bell peppers,produce,269,lbs,2026-02-25,10,2026-03-07,-6,105,balanced
Second Harvest of Silicon Valley,San Jose,Egg cartons,dairy,226,cartons,2026-02-20,21,2026-03-13,0,104,balanced
Second Harvest Food Bank of Orange County,Irvine,Spaghetti,dry,258,boxes,2026-03-12,730,2028-03-11,729,57,surplus
Central California Food Bank,Fresno,Canned salmon,canned,244,cans,2026-02-18,730,2028-02-18,707,107,balanced
Los Angeles Regional Food Bank,Los Angeles,Canned chickpeas,canned,61,cans,2026-02-25,730,2028-02-25,714,64,shortage
Feeding San Diego,San Diego,Ground turkey frozen,protein,346,packs,2026-02-19,180,2026-08-18,158,80,surplus
Central California Food Bank,Fresno,Canned peas,canned,129,cans,2026-03-10,730,2028-03-09,727,87,balanced
Central California Food Bank,Fresno,Canned peas,canned,39,cans,2026-03-08,730,2028-03-07,725,113,shortage
Second Harvest Food Bank of Orange County,Irvine,Peanut butter,dry,204,jars,2026-03-01,365,2027-03-01,353,104,balanced
Feeding San Diego,San Diego,Spinach,produce,179,bags,2026-02-16,7,2026-02-23,-18,115,balanced
Second Harvest of Silicon Valley,San Jose,Cheese blocks,dairy,138,blocks,2026-02-23,30,2026-03-25,12,89,balanced
Sacramento Food Bank & Family Services,Sacramento,Apples,produce,111,lbs,2026-03-04,21,2026-03-25,12,46,balanced
Second Harvest Food Bank of Orange County,Irvine,Cheese blocks,dairy,111,blocks,2026-03-03,30,2026-04-02,20,93,balanced
Food Bank of Contra Costa and Solano,Concord,Potatoes,produce,88,lbs,2026-02-24,30,2026-03-26,13,32,balanced
Los Angeles Regional Food Bank,Los Angeles,Avocados,produce,368,units,2026-03-09,7,2026-03-16,3,101,surplus
Feeding San Diego,San Diego,Flour,dry,48,bags,2026-03-09,365,2027-03-09,361,25,balanced
Yolo Food Bank,Woodland,Broccoli,produce,353,lbs,2026-02-27,7,2026-03-06,-7,98,surplus
Feeding San Diego,San Diego,Avocados,produce,285,units,2026-02-19,7,2026-02-26,-15,25,surplus
Feeding San Diego,San Diego,Almond butter,dry,220,jars,2026-02-24,365,2027-02-24,348,25,surplus
Los Angeles Regional Food Bank,Los Angeles,Broccoli,produce,90,lbs,2026-03-03,7,2026-03-10,-3,94,shortage
Alameda County Community Food Bank,Oakland,Peanut butter,dry,277,jars,2026-03-04,365,2027-03-04,356,62,surplus
Alameda County Community Food Bank,Oakland,Rice 5lb bag,dry,200,bags,2026-02-25,730,2028-02-25,714,69,balanced
Food Bank of Contra Costa and Solano,Concord,Peanut butter,dry,269,jars,2026-02-26,365,2027-02-26,350,51,surplus
Alameda County Community Food Bank,Oakland,Spaghetti,dry,210,boxes,2026-02-24,730,2028-02-24,713,47,surplus
Feeding San Diego,San Diego,Almond butter,dry,106,jars,2026-03-13,365,2027-03-13,365,79,balanced
Food Bank of Contra Costa and Solano,Concord,Egg cartons,dairy,391,cartons,2026-02-20,21,2026-03-13,0,112,surplus
Second Harvest of Silicon Valley,San Jose,Canned corn,canned,196,cans,2026-02-18,730,2028-02-18,707,65,surplus
Central California Food Bank,Fresno,Cheese blocks,dairy,138,blocks,2026-02-19,30,2026-03-21,8,111,balanced
Los Angeles Regional Food Bank,Los Angeles,Butter,dairy,231,packs,2026-02-19,60,2026-04-20,38,35,surplus
Yolo Food Bank,Woodland,Butter,dairy,360,packs,2026-03-13,60,2026-05-12,60,117,surplus
Los Angeles Regional Food Bank,Los Angeles,Tomatoes,produce,284,lbs,2026-02-16,10,2026-02-26,-15,101,balanced
Central California Food Bank,Fresno,Canned tomatoes,canned,361,cans,2026-02-24,730,2028-02-24,713,90,surplus
Food Bank of Contra Costa and Solano,Concord,Canned tuna,canned,20,cans,2026-03-02,730,2028-03-01,719,91,shortage
San Francisco-Marin Food Bank,San Francisco,Avocados,produce,254,units,2026-03-11,7,2026-03-18,5,22,surplus
San Francisco-Marin Food Bank,San Francisco,Oranges,produce,274,lbs,2026-03-03,14,2026-03-17,4,75,surplus
Sacramento Food Bank & Family Services,Sacramento,Spaghetti,dry,106,boxes,2026-02-22,730,2028-02-22,711,89,balanced
Second Harvest Food Bank of Orange County,Irvine,Chicken breast frozen,protein,340,packs,2026-02-26,180,2026-08-25,165,50,surplus
Central California Food Bank,Fresno,Canned tomatoes,canned,283,cans,2026-02-24,730,2028-02-24,713,21,surplus
Alameda County Community Food Bank,Oakland,Canned tomatoes,canned,326,cans,2026-03-10,730,2028-03-09,727,75,surplus
Feeding San Diego,San Diego,Frozen vegetables mix,protein,23,bags,2026-03-10,365,2027-03-10,362,97,shortage
Central California Food Bank,Fresno,Egg cartons,dairy,124,cartons,2026-03-13,21,2026-04-03,21,72,balanced
Sacramento Food Bank & Family Services,Sacramento,Canned tomatoes,canned,316,cans,2026-02-27,730,2028-02-27,716,103,surplus
Second Harvest Food Bank of Orange County,Irvine,Milk gallons,dairy,48,gallons,2026-02-17,10,2026-02-27,-14,109,shortage
Food Bank of Contra Costa and Solano,Concord,Bell peppers,produce,241,lbs,2026-02-21,10,2026-03-03,-10,73,surplus
Feeding San Diego,San Diego,Flour,dry,283,bags,2026-02-20,365,2027-02-20,344,111,balanced
Food Bank of Contra Costa and Solano,Concord,Lentils,dry,67,bags,2026-03-11,730,2028-03-10,728,108,shortage
San Francisco-Marin Food Bank,San Francisco,Pasta,dry,125,boxes,2026-02-28,730,2028-02-28,717,79,balanced
Second Harvest of Silicon Valley,San Jose,Canned black beans,canned,80,cans,2026-02-22,730,2028-02-22,711,107,shortage
San Francisco-Marin Food Bank,San Francisco,Frozen berries,protein,204,bags,2026-02-27,365,2027-02-27,351,103,balanced
Feeding San Diego,San Diego,Spaghetti,dry,269,boxes,2026-02-21,730,2028-02-21,710,103,balanced
Los Angeles Regional Food Bank,Los Angeles,Canned tomatoes,canned,338,cans,2026-03-03,730,2028-03-02,720,91,surplus
Los Angeles Regional Food Bank,Los Angeles,Canned soup,canned,71,cans,2026-03-08,540,2027-08-30,535,98,shortage
San Francisco-Marin Food Bank,San Francisco,Canned green beans,canned,253,cans,2026-03-02,730,2028-03-01,719,115,balanced
Second Harvest of Silicon Valley,San Jose,Oatmeal,dry,90,boxes,2026-03-09,365,2027-03-09,361,89,balanced
San Francisco-Marin Food Bank,San Francisco,Cheese blocks,dairy,249,blocks,2026-03-13,30,2026-04-12,30,108,balanced
Yolo Food Bank,Woodland,Canned corn,canned,325,cans,2026-03-09,730,2028-03-08,726,54,surplus
Yolo Food Bank,Woodland,Oatmeal,dry,350,boxes,2026-03-13,365,2027-03-13,365,110,surplus
Food Bank of Contra Costa and Solano,Concord,Bananas,produce,342,lbs,2026-03-03,7,2026-03-10,-3,22,surplus
San Francisco-Marin Food Bank,San Francisco,Canned black beans,canned,383,cans,2026-03-01,730,2028-02-29,718,80,surplus
Central California Food Bank,Fresno,Potatoes,produce,247,lbs,2026-03-06,30,2026-04-05,23,111,balanced
Second Harvest of Silicon Valley,San Jose,Frozen berries,protein,17,bags,2026-03-01,365,2027-03-01,353,48,shortage
Second Harvest Food Bank of Orange County,Irvine,Onions,produce,358,lbs,2026-03-03,30,2026-04-02,20,112,surplus
Second Harvest Food Bank of Orange County,Irvine,Flour,dry,142,bags,2026-02-20,365,2027-02-20,344,73,balanced
Central California Food Bank,Fresno,Canned tuna,canned,354,cans,2026-02-17,730,2028-02-17,706,23,surplus
Los Angeles Regional Food Bank,Los Angeles,Ground turkey frozen,protein,388,packs,2026-03-04,180,2026-08-31,171,28,surplus
Yolo Food Bank,Woodland,Carrots fresh,produce,200,lbs,2026-03-02,21,2026-03-23,10,21,surplus
Second Harvest Food Bank of Orange County,Irvine,Bananas,produce,281,lbs,2026-03-03,7,2026-03-10,-3,61,surplus
Feeding San Diego,San Diego,Canned green beans,canned,333,cans,2026-03-08,730,2028-03-07,725,89,surplus
Central California Food Bank,Fresno,Carrots fresh,produce,177,lbs,2026-02-24,21,2026-03-17,4,73,balanced
Sacramento Food Bank & Family Services,Sacramento,Tomatoes,produce,325,lbs,2026-03-04,10,2026-03-14,1,112,balanced
Los Angeles Regional Food Bank,Los Angeles,Milk gallons,dairy,121,gallons,2026-03-10,10,2026-03-20,7,93,balanced
Second Harvest of Silicon Valley,San Jose,Canned tomatoes,canned,188,cans,2026-03-07,730,2028-03-06,724,27,surplus
Yolo Food Bank,Woodland,Carrots fresh,produce,386,lbs,2026-02-28,21,2026-03-21,8,78,surplus
Los Angeles Regional Food Bank,Los Angeles,Butter,dairy,59,packs,2026-02-18,60,2026-04-19,37,119,shortage
Yolo Food Bank,Woodland,Spaghetti,dry,381,boxes,2026-02-26,730,2028-02-26,715,120,surplus
Yolo Food Bank,Woodland,Lentils,dry,205,bags,2026-02-20,730,2028-02-20,709,99,balanced
Central California Food Bank,Fresno,Cereal,dry,83,boxes,2026-03-01,180,2026-08-28,168,109,shortage
Yolo Food Bank,Woodland,Canned chickpeas,canned,206,cans,2026-03-03,730,2028-03-02,720,99,balanced
San Francisco-Marin Food Bank,San Francisco,Bananas,produce,112,lbs,2026-03-07,7,2026-03-14,1,70,balanced
Feeding San Diego,San Diego,Apples,produce,373,lbs,2026-03-06,21,2026-03-27,14,81,surplus
Central California Food Bank,Fresno,Butter,dairy,260,packs,2026-02-17,60,2026-04-18,36,77,surplus
Los Angeles Regional Food Bank,Los Angeles,Milk gallons,dairy,116,gallons,2026-03-13,10,2026-03-23,10,60,balanced
Yolo Food Bank,Woodland,Apples,produce,355,lbs,2026-02-28,21,2026-03-21,8,34,surplus
San Francisco-Marin Food Bank,San Francisco,Almond butter,dry,199,jars,2026-03-01,365,2027-03-01,353,70,balanced
Yolo Food Bank,Woodland,Oranges,produce,29,lbs,2026-02-27,14,2026-03-13,0,115,shortage
San Francisco-Marin Food Bank,San Francisco,Carrots fresh,produce,66,lbs,2026-03-08,21,2026-03-29,16,104,shortage
Second Harvest Food Bank of Orange County,Irvine,Chicken breast frozen,protein,154,packs,2026-02-25,180,2026-08-24,164,29,surplus
San Francisco-Marin Food Bank,San Francisco,Canned chickpeas,canned,72,cans,2026-03-01,730,2028-02-29,718,89,shortage
San Francisco-Marin Food Bank,San Francisco,Oranges,produce,252,lbs,2026-02-26,14,2026-03-12,-1,80,surplus
Central California Food Bank,Fresno,Tomatoes,produce,383,lbs,2026-02-21,10,2026-03-03,-10,110,surplus
San Francisco-Marin Food Bank,San Francisco,Canned corn,canned,274,cans,2026-03-13,730,2028-03-12,730,31,surplus
Sacramento Food Bank & Family Services,Sacramento,Flour,dry,252,bags,2026-03-01,365,2027-03-01,353,62,surplus
Feeding San Diego,San Diego,Spinach,produce,254,bags,2026-02-17,7,2026-02-24,-17,119,balanced
Central California Food Bank,Fresno,Almond butter,dry,323,jars,2026-02-19,365,2027-02-19,343,81,surplus
Second Harvest of Silicon Valley,San Jose,Canned green beans,canned,155,cans,2026-02-27,730,2028-02-27,716,92,balanced
Sacramento Food Bank & Family Services,Sacramento,Frozen berries,protein,158,bags,2026-02-28,365,2027-02-28,352,60,balanced
Yolo Food Bank,Woodland,Frozen vegetables mix,protein,386,bags,2026-02-17,365,2027-02-17,341,82,surplus
Yolo Food Bank,Woodland,Oatmeal,dry,158,boxes,2026-03-08,365,2027-03-08,360,33,surplus
Central California Food Bank,Fresno,Cheese blocks,dairy,390,blocks,2026-02-18,30,2026-03-20,7,66,surplus
San Francisco-Marin Food Bank,San Francisco,Canned chickpeas,canned,116,cans,2026-03-05,730,2028-03-04,722,55,balanced
Alameda County Community Food Bank,Oakland,Macaroni,dry,187,boxes,2026-03-02,730,2028-03-01,719,59,surplus
Second Harvest of Silicon Valley,San Jose,Lettuce,produce,99,heads,2026-03-06,10,2026-03-16,3,75,balanced
Second Harvest of Silicon Valley,San Jose,Carrots fresh,produce,28,lbs,2026-02-22,21,2026-03-15,2,52,shortage
Alameda County Community Food Bank,Oakland,Butter,dairy,155,packs,2026-02-19,60,2026-04-20,38,64,balanced
Yolo Food Bank,Woodland,Canned soup,canned,122,cans,2026-03-13,540,2027-09-04,540,108,balanced
Central California Food Bank,Fresno,Canned salmon,canned,222,cans,2026-02-21,730,2028-02-21,710,53,surplus
San Francisco-Marin Food Bank,San Francisco,Lentils,dry,65,bags,2026-02-27,730,2028-02-27,716,73,shortage
Los Angeles Regional Food Bank,Los Angeles,Sugar,dry,160,bags,2026-03-09,730,2028-03-08,726,61,balanced
Second Harvest Food Bank of Orange County,Irvine,Bell peppers,produce,63,lbs,2026-02-17,10,2026-02-27,-14,25,balanced
Second Harvest of Silicon Valley,San Jose,Canned green beans,canned,133,cans,2026-02-23,730,2028-02-23,712,84,balanced
Alameda County Community Food Bank,Oakland,Canned tomatoes,canned,28,cans,2026-03-10,730,2028-03-09,727,57,shortage
Second Harvest Food Bank of Orange County,Irvine,Canned chickpeas,canned,171,cans,2026-03-04,730,2028-03-03,721,104,balanced
Yolo Food Bank,Woodland,Carrots fresh,produce,297,lbs,2026-03-08,21,2026-03-29,16,99,balanced
Sacramento Food Bank & Family Services,Sacramento,Canned green beans,canned,327,cans,2026-02-23,730,2028-02-23,712,83,surplus
Second Harvest Food Bank of Orange County,Irvine,Pasta,dry,255,boxes,2026-02-18,730,2028-02-18,707,90,balanced
Second Harvest Food Bank of Orange County,Irvine,Potatoes,produce,217,lbs,2026-03-11,30,2026-04-10,28,108,balanced
Sacramento Food Bank & Family Services,Sacramento,Broccoli,produce,306,lbs,2026-02-27,7,2026-03-06,-7,94,surplus
Central California Food Bank,Fresno,Canned tuna,canned,96,cans,2026-02-23,730,2028-02-23,712,101,shortage
San Francisco-Marin Food Bank,San Francisco,Canned salmon,canned,245,cans,2026-03-06,730,2028-03-05,723,51,surplus
Feeding San Diego,San Diego,Flour,dry,381,bags,2026-03-13,365,2027-03-13,365,120,surplus
San Francisco-Marin Food Bank,San Francisco,Lettuce,produce,231,heads,2026-03-07,10,2026-03-17,4,90,balanced
Sacramento Food Bank & Family Services,Sacramento,Ground turkey frozen,protein,29,packs,2026-03-11,180,2026-09-07,178,57,shortage
San Francisco-Marin Food Bank,San Francisco,Spinach,produce,17,bags,2026-02-16,7,2026-02-23,-18,31,shortage
Feeding San Diego,San Diego,Spinach,produce,109,bags,2026-03-12,7,2026-03-19,6,118,shortage
San Francisco-Marin Food Bank,San Francisco,Oranges,produce,148,lbs,2026-02-24,14,2026-03-10,-3,98,balanced
Sacramento Food Bank & Family Services,Sacramento,Egg cartons,dairy,113,cartons,2026-02-20,21,2026-03-13,0,95,balanced
Central California Food Bank,Fresno,Sugar,dry,192,bags,2026-03-02,730,2028-03-01,719,96,balanced
Sacramento Food Bank & Family Services,Sacramento,Flour,dry,190,bags,2026-03-09,365,2027-03-09,361,67,balanced
Feeding San Diego,San Diego,Sugar,dry,158,bags,2026-03-09,730,2028-03-08,726,78,balanced
Food Bank of Contra Costa and Solano,Concord,Carrots fresh,produce,374,lbs,2026-02-21,21,2026-03-14,1,64,surplus
Los Angeles Regional Food Bank,Los Angeles,Canned green beans,canned,222,cans,2026-02-20,730,2028-02-20,709,59,surplus
Feeding San Diego,San Diego,Canned beans,canned,289,cans,2026-02-21,730,2028-02-21,710,45,surplus
Sacramento Food Bank & Family Services,Sacramento,Oatmeal,dry,186,boxes,2026-03-09,365,2027-03-09,361,84,balanced
Yolo Food Bank,Woodland,Almond butter,dry,330,jars,2026-02-17,365,2027-02-17,341,53,surplus
Food Bank of Contra Costa and Solano,Concord,Oranges,produce,362,lbs,2026-03-09,14,2026-03-23,10,86,surplus
Second Harvest Food Bank of Orange County,Irvine,Apples,produce,337,lbs,2026-03-03,21,2026-03-24,11,95,surplus
Alameda County Community Food Bank,Oakland,Brown rice,dry,60,bags,2026-03-08,365,2027-03-08,360,43,balanced
Los Angeles Regional Food Bank,Los Angeles,Carrots fresh,produce,179,lbs,2026-02-22,21,2026-03-15,2,44,surplus
Second Harvest Food Bank of Orange County,Irvine,Butter,dairy,389,packs,2026-02-22,60,2026-04-23,41,89,surplus
Sacramento Food Bank & Family Services,Sacramento,Cheese blocks,dairy,179,blocks,2026-02-17,30,2026-03-19,6,89,balanced
San Francisco-Marin Food Bank,San Francisco,Cereal,dry,89,boxes,2026-02-26,180,2026-08-25,165,36,balanced
Yolo Food Bank,Woodland,Broccoli,produce,23,lbs,2026-03-09,7,2026-03-16,3,58,shortage
Alameda County Community Food Bank,Oakland,Brown rice,dry,112,bags,2026-02-24,365,2027-02-24,348,107,balanced
Central California Food Bank,Fresno,Apples,produce,25,lbs,2026-02-18,21,2026-03-11,-2,67,shortage
Los Angeles Regional Food Bank,Los Angeles,Tomatoes,produce,119,lbs,2026-03-08,10,2026-03-18,5,101,balanced
Central California Food Bank,Fresno,Brown rice,dry,301,bags,2026-03-04,365,2027-03-04,356,37,surplus
San Francisco-Marin Food Bank,San Francisco,Bell peppers,produce,155,lbs,2026-03-03,10,2026-03-13,0,96,balanced
Central California Food Bank,Fresno,Carrots fresh,produce,84,lbs,2026-02-19,21,2026-03-12,-1,20,surplus
Food Bank of Contra Costa and Solano,Concord,Tomatoes,produce,287,lbs,2026-03-12,10,2026-03-22,9,101,balanced
Central California Food Bank,Fresno,Onions,produce,81,lbs,2026-02-21,30,2026-03-23,10,43,balanced
Los Angeles Regional Food Bank,Los Angeles,Canned corn,canned,267,cans,2026-02-21,730,2028-02-21,710,41,surplus
Food Bank of Contra Costa and Solano,Concord,Canned green beans,canned,219,cans,2026-02-17,730,2028-02-17,706,46,surplus
Second Harvest Food Bank of Orange County,Irvine,Flour,dry,155,bags,2026-03-05,365,2027-03-05,357,82,balanced
Yolo Food Bank,Woodland,Chicken breast frozen,protein,270,packs,2026-03-02,180,2026-08-29,169,34,surplus
Alameda County Community Food Bank,Oakland,Milk gallons,dairy,215,gallons,2026-03-11,10,2026-03-21,8,46,surplus
Second Harvest of Silicon Valley,San Jose,Canned beans,canned,346,cans,2026-03-05,730,2028-03-04,722,100,surplus
Feeding San Diego,San Diego,Butter,dairy,155,packs,2026-02-20,60,2026-04-21,39,55,balanced
Second Harvest Food Bank of Orange County,Irvine,Lentils,dry,159,bags,2026-02-17,730,2028-02-17,706,82,balanced
Los Angeles Regional Food Bank,Los Angeles,Rice 5lb bag,dry,322,bags,2026-03-07,730,2028-03-06,724,87,surplus
San Francisco-Marin Food Bank,San Francisco,Frozen vegetables mix,protein,288,bags,2026-02-20,365,2027-02-20,344,41,surplus
Alameda County Community Food Bank,Oakland,Oranges,produce,96,lbs,2026-02-18,14,2026-03-04,-9,33,balanced
San Francisco-Marin Food Bank,San Francisco,Peanut butter,dry,377,jars,2026-02-28,365,2027-02-28,352,58,surplus
Los Angeles Regional Food Bank,Los Angeles,Apples,produce,275,lbs,2026-03-10,21,2026-03-31,18,31,surplus
San Francisco-Marin Food Bank,San Francisco,Pasta,dry,106,boxes,2026-02-23,730,2028-02-23,712,58,balanced
Alameda County Community Food Bank,Oakland,Canned peas,canned,172,cans,2026-03-03,730,2028-03-02,720,110,balanced
Second Harvest Food Bank of Orange County,Irvine,Bananas,produce,231,lbs,2026-02-22,7,2026-03-01,-12,87,balanced
Second Harvest Food Bank of Orange County,Irvine,Milk gallons,dairy,87,gallons,2026-02-23,10,2026-03-05,-8,95,shortage
Feeding San Diego,San Diego,Canned green beans,canned,275,cans,2026-03-07,730,2028-03-06,724,94,balanced
Feeding San Diego,San Diego,Bell peppers,produce,20,lbs,2026-03-02,10,2026-03-12,-1,53,shortage
Alameda County Community Food Bank,Oakland,Canned peas,canned,226,cans,2026-03-05,730,2028-03-04,722,67,surplus
San Francisco-Marin Food Bank,San Francisco,Milk gallons,dairy,77,gallons,2026-02-16,10,2026-02-26,-15,64,balanced
Sacramento Food Bank & Family Services,Sacramento,Oatmeal,dry,326,boxes,2026-03-09,365,2027-03-09,361,75,surplus
Second Harvest of Silicon Valley,San Jose,Canned beans,canned,92,cans,2026-03-12,730,2028-03-11,729,33,balanced
Alameda County Community Food Bank,Oakland,Canned soup,canned,315,cans,2026-03-09,540,2027-08-31,536,48,surplus
Central California Food Bank,Fresno,Bell peppers,produce,267,lbs,2026-02-17,10,2026-02-27,-14,29,surplus
Sacramento Food Bank & Family Services,Sacramento,Butter,dairy,280,packs,2026-02-22,60,2026-04-23,41,22,surplus
Yolo Food Bank,Woodland,Frozen vegetables mix,protein,374,bags,2026-03-02,365,2027-03-02,354,22,surplus
Central California Food Bank,Fresno,Spinach,produce,282,bags,2026-02-26,7,2026-03-05,-8,45,surplus
Alameda County Community Food Bank,Oakland,Spinach,produce,349,bags,2026-02-22,7,2026-03-01,-12,30,surplus
Yolo Food Bank,Woodland,Broccoli,produce,165,lbs,2026-02-18,7,2026-02-25,-16,38,surplus
Alameda County Community Food Bank,Oakland,Bell peppers,produce,20,lbs,2026-03-08,10,2026-03-18,5,31,shortage
Alameda County Community Food Bank,Oakland,Canned beans,canned,46,cans,2026-03-01,730,2028-02-29,718,57,shortage
Second Harvest of Silicon Valley,San Jose,Canned chickpeas,canned,159,cans,2026-02-23,730,2028-02-23,712,31,surplus
Central California Food Bank,Fresno,Rice 5lb bag,dry,234,bags,2026-03-08,730,2028-03-07,725,111,balanced
Alameda County Community Food Bank,Oakland,Almond butter,dry,328,jars,2026-03-09,365,2027-03-09,361,38,surplus
San Francisco-Marin Food Bank,San Francisco,Frozen berries,protein,376,bags,2026-03-04,365,2027-03-04,356,60,surplus
Central California Food Bank,Fresno,Frozen berries,protein,42,bags,2026-02-27,365,2027-02-27,351,119,shortage
Central California Food Bank,Fresno,Carrots fresh,produce,253,lbs,2026-03-01,21,2026-03-22,9,91,balanced
Central California Food Bank,Fresno,Onions,produce,152,lbs,2026-03-09,30,2026-04-08,26,98,balanced
Alameda County Community Food Bank,Oakland,Milk gallons,dairy,227,gallons,2026-03-07,10,2026-03-17,4,50,surplus
Food Bank of Contra Costa and Solano,Concord,Canned peas,canned,235,cans,2026-03-03,730,2028-03-02,720,80,balanced
Second Harvest of Silicon Valley,San Jose,Canned chickpeas,canned,170,cans,2026-03-11,730,2028-03-10,728,65,balanced
Central California Food Bank,Fresno,Spaghetti,dry,174,boxes,2026-03-04,730,2028-03-03,721,91,balanced
Second Harvest of Silicon Valley,San Jose,Canned black beans,canned,348,cans,2026-03-07,730,2028-03-06,724,115,surplus
Food Bank of Contra Costa and Solano,Concord,Canned black beans,canned,251,cans,2026-02-28,730,2028-02-28,717,44,surplus
Alameda County Community Food Bank,Oakland,Oranges,produce,373,lbs,2026-03-01,14,2026-03-15,2,48,surplus
San Francisco-Marin Food Bank,San Francisco,Canned carrots,canned,182,cans,2026-03-04,730,2028-03-03,721,109,balanced
Yolo Food Bank,Woodland,Canned peas,canned,322,cans,2026-03-06,730,2028-03-05,723,50,surplus
Feeding San Diego,San Diego,Frozen vegetables mix,protein,238,bags,2026-02-18,365,2027-02-18,342,48,surplus
Sacramento Food Bank & Family Services,Sacramento,Flour,dry,126,bags,2026-02-18,365,2027-02-18,342,37,surplus
Feeding San Diego,San Diego,Apples,produce,18,lbs,2026-03-04,21,2026-03-25,12,38,shortage
Second Harvest of Silicon Valley,San Jose,Canned chickpeas,canned,212,cans,2026-02-19,730,2028-02-19,708,58,surplus
Second Harvest Food Bank of Orange County,Irvine,Yogurt cups,dairy,282,cups,2026-03-10,21,2026-03-31,18,96,balanced
Food Bank of Contra Costa and Solano,Concord,Frozen berries,protein,97,bags,2026-03-01,365,2027-03-01,353,119,shortage
Feeding San Diego,San Diego,Canned tuna,canned,169,cans,2026-02-23,730,2028-02-23,712,55,surplus
San Francisco-Marin Food Bank,San Francisco,Avocados,produce,326,units,2026-02-26,7,2026-03-05,-8,116,balanced
Sacramento Food Bank & Family Services,Sacramento,Frozen vegetables mix,protein,231,bags,2026-03-03,365,2027-03-03,355,92,balanced
Second Harvest of Silicon Valley,San Jose,Canned corn,canned,230,cans,2026-02-28,730,2028-02-28,717,84,balanced
Alameda County Community Food Bank,Oakland,Broccoli,produce,96,lbs,2026-02-25,7,2026-03-04,-9,92,balanced
Alameda County Community Food Bank,Oakland,Canned salmon,canned,149,cans,2026-02-17,730,2028-02-17,706,113,balanced
San Francisco-Marin Food Bank,San Francisco,Spaghetti,dry,74,boxes,2026-02-24,730,2028-02-24,713,21,surplus
Los Angeles Regional Food Bank,Los Angeles,Canned beans,canned,16,cans,2026-02-26,730,2028-02-26,715,26,shortage
Yolo Food Bank,Woodland,Canned tomatoes,canned,215,cans,2026-02-25,730,2028-02-25,714,120,balanced
Los Angeles Regional Food Bank,Los Angeles,Tomatoes,produce,145,lbs,2026-02-19,10,2026-03-01,-12,72,balanced
Second Harvest of Silicon Valley,San Jose,Lettuce,produce,126,heads,2026-03-09,10,2026-03-19,6,31,surplus
Los Angeles Regional Food Bank,Los Angeles,Sugar,dry,271,bags,2026-03-08,730,2028-03-07,725,94,balanced
Feeding San Diego,San Diego,Apples,produce,62,lbs,2026-02-19,21,2026-03-12,-1,68,shortage
Food Bank of Contra Costa and Solano,Concord,Canned green beans,canned,386,cans,2026-02-27,730,2028-02-27,716,84,surplus
Feeding San Diego,San Diego,Canned beans,canned,161,cans,2026-02-16,730,2028-02-16,705,58,balanced
San Francisco-Marin Food Bank,San Francisco,Sugar,dry,376,bags,2026-03-10,730,2028-03-09,727,28,surplus
Food Bank of Contra Costa and Solano,Concord,Tomatoes,produce,300,lbs,2026-03-09,10,2026-03-19,6,83,surplus
Central California Food Bank,Fresno,Apples,produce,280,lbs,2026-02-28,21,2026-03-21,8,60,surplus
Feeding San Diego,San Diego,Egg cartons,dairy,68,cartons,2026-03-04,21,2026-03-25,12,100,shortage
Food Bank of Contra Costa and Solano,Concord,Macaroni,dry,385,boxes,2026-02-17,730,2028-02-17,706,53,surplus
Second Harvest Food Bank of Orange County,Irvine,Canned chickpeas,canned,224,cans,2026-03-11,730,2028-03-10,728,69,surplus
Alameda County Community Food Bank,Oakland,Spaghetti,dry,294,boxes,2026-03-13,730,2028-03-12,730,25,surplus
Feeding San Diego,San Diego,Peanut butter,dry,24,jars,2026-02-25,365,2027-02-25,349,23,balanced
Second Harvest of Silicon Valley,San Jose,Butter,dairy,17,packs,2026-03-08,60,2026-05-07,55,41,shortage
Central California Food Bank,Fresno,Bell peppers,produce,260,lbs,2026-02-22,10,2026-03-04,-9,110,balanced
Alameda County Community Food Bank,Oakland,Butter,dairy,375,packs,2026-03-12,60,2026-05-11,59,68,surplus
San Francisco-Marin Food Bank,San Francisco,Brown rice,dry,171,bags,2026-02-24,365,2027-02-24,348,75,balanced
Food Bank of Contra Costa and Solano,Concord,Apples,produce,176,lbs,2026-03-06,21,2026-03-27,14,110,balanced
Alameda County Community Food Bank,Oakland,Spaghetti,dry,380,boxes,2026-03-11,730,2028-03-10,728,57,surplus
Second Harvest Food Bank of Orange County,Irvine,Almond butter,dry,56,jars,2026-02-27,365,2027-02-27,351,21,balanced
Second Harvest Food Bank of Orange County,Irvine,Milk gallons,dairy,239,gallons,2026-02-18,10,2026-02-28,-13,64,surplus
Second Harvest Food Bank of Orange County,Irvine,Canned chickpeas,canned,321,cans,2026-03-10,730,2028-03-09,727,73,surplus
Sacramento Food Bank & Family Services,Sacramento,Sugar,dry,254,bags,2026-02-25,730,2028-02-25,714,113,balanced
Second Harvest of Silicon Valley,San Jose,Canned salmon,canned,388,cans,2026-03-07,730,2028-03-06,724,95,surplus
San Francisco-Marin Food Bank,San Francisco,Milk gallons,dairy,161,gallons,2026-02-16,10,2026-02-26,-15,87,balanced
Second Harvest of Silicon Valley,San Jose,Egg cartons,dairy,246,cartons,2026-03-04,21,2026-03-25,12,33,surplus
Sacramento Food Bank & Family Services,Sacramento,Bananas,produce,41,lbs,2026-03-02,7,2026-03-09,-4,92,shortage
Alameda County Community Food Bank,Oakland,Bell peppers,produce,272,lbs,2026-03-07,10,2026-03-17,4,94,balanced
Second Harvest Food Bank of Orange County,Irvine,Lentils,dry,326,bags,2026-03-04,730,2028-03-03,721,24,surplus
Alameda County Community Food Bank,Oakland,Canned corn,canned,263,cans,2026-02-18,730,2028-02-18,707,109,balanced
Central California Food Bank,Fresno,Lettuce,produce,186,heads,2026-02-23,10,2026-03-05,-8,38,surplus
Central California Food Bank,Fresno,Lettuce,produce,271,heads,2026-03-09,10,2026-03-19,6,82,surplus
Central California Food Bank,Fresno,Spinach,produce,213,bags,2026-03-09,7,2026-03-16,3,75,balanced
Yolo Food Bank,Woodland,Avocados,produce,337,units,2026-03-01,7,2026-03-08,-5,50,surplus
Food Bank of Contra Costa and Solano,Concord,Bell peppers,produce,334,lbs,2026-03-02,10,2026-03-12,-1,89,surplus
Sacramento Food Bank & Family Services,Sacramento,Spinach,produce,35,bags,2026-03-01,7,2026-03-08,-5,22,balanced
Food Bank of Contra Costa and Solano,Concord,Oatmeal,dry,23,boxes,2026-03-02,365,2027-03-02,354,77,shortage
Food Bank of Contra Costa and Solano,Concord,Spaghetti,dry,237,boxes,2026-03-11,730,2028-03-10,728,62,surplus
Second Harvest of Silicon Valley,San Jose,Oatmeal,dry,199,boxes,2026-03-11,365,2027-03-11,363,119,balanced
Feeding San Diego,San Diego,Macaroni,dry,331,boxes,2026-02-27,730,2028-02-27,716,69,surplus
Yolo Food Bank,Woodland,Cheese blocks,dairy,397,blocks,2026-03-10,30,2026-04-09,27,65,surplus
Sacramento Food Bank & Family Services,Sacramento,Apples,produce,184,lbs,2026-02-23,21,2026-03-16,3,109,balanced
Feeding San Diego,San Diego,Cheese blocks,dairy,257,blocks,2026-02-16,30,2026-03-18,5,89,balanced
Sacramento Food Bank & Family Services,Sacramento,Bananas,produce,266,lbs,2026-02-27,7,2026-03-06,-7,46,surplus
San Francisco-Marin Food Bank,San Francisco,Flour,dry,158,bags,2026-02-28,365,2027-02-28,352,100,balanced
Second Harvest Food Bank of Orange County,Irvine,Canned salmon,canned,340,cans,2026-02-22,730,2028-02-22,711,97,surplus
Yolo Food Bank,Woodland,Bell peppers,produce,254,lbs,2026-03-01,10,2026-03-11,-2,51,surplus
San Francisco-Marin Food Bank,San Francisco,Chicken breast frozen,protein,400,packs,2026-03-13,180,2026-09-09,180,72,surplus
Food Bank of Contra Costa and Solano,Concord,Bell peppers,produce,245,lbs,2026-02-17,10,2026-02-27,-14,83,balanced
Los Angeles Regional Food Bank,Los Angeles,Frozen berries,protein,277,bags,2026-02-18,365,2027-02-18,342,23,surplus
Yolo Food Bank,Woodland,Apples,produce,152,lbs,2026-02-21,21,2026-03-14,1,115,balanced
Sacramento Food Bank & Family Services,Sacramento,Rice 5lb bag,dry,273,bags,2026-02-22,730,2028-02-22,711,89,surplus
Central California Food Bank,Fresno,Cheese blocks,dairy,236,blocks,2026-02-21,30,2026-03-23,10,103,balanced
Second Harvest Food Bank of Orange County,Irvine,Frozen vegetables mix,protein,299,bags,2026-03-10,365,2027-03-10,362,85,surplus
Food Bank of Contra Costa and Solano,Concord,Bananas,produce,191,lbs,2026-02-16,7,2026-02-23,-18,96,balanced
Sacramento Food Bank & Family Services,Sacramento,Ground turkey frozen,protein,197,packs,2026-02-20,180,2026-08-19,159,41,surplus
Second Harvest Food Bank of Orange County,Irvine,Milk gallons,dairy,130,gallons,2026-03-11,10,2026-03-21,8,120,balanced
Second Harvest of Silicon Valley,San Jose,Almond butter,dry,26,jars,2026-03-01,365,2027-03-01,353,55,shortage
Feeding San Diego,San Diego,Canned salmon,canned,221,cans,2026-02-28,730,2028-02-28,717,78,balanced
Food Bank of Contra Costa and Solano,Concord,Peanut butter,dry,111,jars,2026-02-23,365,2027-02-23,347,28,surplus
Feeding San Diego,San Diego,Flour,dry,219,bags,2026-03-03,365,2027-03-03,355,21,surplus
Feeding San Diego,San Diego,Butter,dairy,30,packs,2026-03-10,60,2026-05-09,57,68,shortage
Food Bank of Contra Costa and Solano,Concord,Frozen berries,protein,90,bags,2026-03-03,365,2027-03-03,355,100,shortage
Los Angeles Regional Food Bank,Los Angeles,Lentils,dry,195,bags,2026-02-18,730,2028-02-18,707,42,surplus
Feeding San Diego,San Diego,Canned peas,canned,352,cans,2026-02-23,730,2028-02-23,712,46,surplus
San Francisco-Marin Food Bank,San Francisco,Milk gallons,dairy,276,gallons,2026-03-04,10,2026-03-14,1,117,balanced
Central California Food Bank,Fresno,Canned peas,canned,156,cans,2026-02-26,730,2028-02-26,715,101,balanced
Second Harvest Food Bank of Orange County,Irvine,Spinach,produce,92,bags,2026-03-01,7,2026-03-08,-5,87,balanced
Los Angeles Regional Food Bank,Los Angeles,Canned salmon,canned,108,cans,2026-03-09,730,2028-03-08,726,23,surplus
Feeding San Diego,San Diego,Onions,produce,309,lbs,2026-02-23,30,2026-03-25,12,58,surplus
Food Bank of Contra Costa and Solano,Concord,Lettuce,produce,266,heads,2026-03-09,10,2026-03-19,6,52,surplus
Alameda County Community Food Bank,Oakland,Brown rice,dry,197,bags,2026-02-27,365,2027-02-27,351,25,surplus
Los Angeles Regional Food Bank,Los Angeles,Yogurt cups,dairy,219,cups,2026-02-17,21,2026-03-10,-3,111,balanced
Feeding San Diego,San Diego,Canned green beans,canned,360,cans,2026-02-25,730,2028-02-25,714,29,surplus
Los Angeles Regional Food Bank,Los Angeles,Pasta,dry,15,boxes,2026-03-04,730,2028-03-03,721,83,shortage
Central California Food Bank,Fresno,Oatmeal,dry,331,boxes,2026-02-23,365,2027-02-23,347,43,surplus
Sacramento Food Bank & Family Services,Sacramento,Canned beans,canned,87,cans,2026-02-27,730,2028-02-27,716,90,shortage
Second Harvest of Silicon Valley,San Jose,Spaghetti,dry,209,boxes,2026-02-19,730,2028-02-19,708,109,balanced
Second Harvest Food Bank of Orange County,Irvine,Canned tomatoes,canned,266,cans,2026-02-17,730,2028-02-17,706,84,surplus
Yolo Food Bank,Woodland,Potatoes,produce,250,lbs,2026-02-25,30,2026-03-27,14,78,surplus
Second Harvest of Silicon Valley,San Jose,Potatoes,produce,138,lbs,2026-02-16,30,2026-03-18,5,99,balanced
Sacramento Food Bank & Family Services,Sacramento,Bell peppers,produce,211,lbs,2026-03-11,10,2026-03-21,8,24,surplus
Los Angeles Regional Food Bank,Los Angeles,Pasta,dry,274,boxes,2026-02-28,730,2028-02-28,717,25,surplus
Feeding San Diego,San Diego,Milk gallons,dairy,299,gallons,2026-02-17,10,2026-02-27,-14,42,surplus
Second Harvest of Silicon Valley,San Jose,Egg cartons,dairy,179,cartons,2026-02-28,21,2026-03-21,8,119,balanced
Food Bank of Contra Costa and Solano,Concord,Spinach,produce,154,bags,2026-02-17,7,2026-02-24,-17,120,balanced
Sacramento Food Bank & Family Services,Sacramento,Almond butter,dry,132,jars,2026-03-04,365,2027-03-04,356,32,surplus
Los Angeles Regional Food Bank,Los Angeles,Spinach,produce,113,bags,2026-02-16,7,2026-02-23,-18,120,shortage
Alameda County Community Food Bank,Oakland,Spaghetti,dry,162,boxes,2026-03-04,730,2028-03-03,721,76,balanced
Second Harvest Food Bank of Orange County,Irvine,Yogurt cups,dairy,248,cups,2026-03-09,21,2026-03-30,17,63,surplus
Second Harvest of Silicon Valley,San Jose,Spaghetti,dry,270,boxes,2026-03-01,730,2028-02-29,718,27,surplus
Food Bank of Contra Costa and Solano,Concord,Chicken breast frozen,protein,233,packs,2026-03-09,180,2026-09-05,176,67,surplus
Central California Food Bank,Fresno,Bananas,produce,184,lbs,2026-03-02,7,2026-03-09,-4,46,surplus
Central California Food Bank,Fresno,Canned chickpeas,canned,292,cans,2026-03-13,730,2028-03-12,730,109,balanced
Second Harvest of Silicon Valley,San Jose,Canned black beans,canned,164,cans,2026-03-06,730,2028-03-05,723,114,balanced
Yolo Food Bank,Woodland,Chicken breast frozen,protein,62,packs,2026-02-23,180,2026-08-22,162,49,balanced
Feeding San Diego,San Diego,Canned tuna,canned,221,cans,2026-03-05,730,2028-03-04,722,24,surplus
Second Harvest of Silicon Valley,San Jose,Almond butter,dry,286,jars,2026-02-22,365,2027-02-22,346,78,surplus
Second Harvest Food Bank of Orange County,Irvine,Ground turkey frozen,protein,332,packs,2026-02-28,180,2026-08-27,167,67,surplus
Los Angeles Regional Food Bank,Los Angeles,Lentils,dry,281,bags,2026-02-26,730,2028-02-26,715,81,surplus
Second Harvest of Silicon Valley,San Jose,Lettuce,produce,94,heads,2026-02-23,10,2026-03-05,-8,51,balanced
Food Bank of Contra Costa and Solano,Concord,Canned green beans,canned,265,cans,2026-02-21,730,2028-02-21,710,88,surplus
Second Harvest of Silicon Valley,San Jose,Carrots fresh,produce,40,lbs,2026-02-17,21,2026-03-10,-3,33,balanced
Sacramento Food Bank & Family Services,Sacramento,Bell peppers,produce,57,lbs,2026-02-26,10,2026-03-08,-5,54,balanced
San Francisco-Marin Food Bank,San Francisco,Chicken breast frozen,protein,184,packs,2026-03-02,180,2026-08-29,169,56,surplus
Alameda County Community Food Bank,Oakland,Canned tomatoes,canned,171,cans,2026-02-28,730,2028-02-28,717,96,balanced
Central California Food Bank,Fresno,Pasta,dry,333,boxes,2026-03-10,730,2028-03-09,727,98,surplus
Food Bank of Contra Costa and Solano,Concord,Canned corn,canned,155,cans,2026-02-17,730,2028-02-17,706,96,balanced
Yolo Food Bank,Woodland,Egg cartons,dairy,156,cartons,2026-03-13,21,2026-04-03,21,69,balanced
Sacramento Food Bank & Family Services,Sacramento,Spaghetti,dry,50,boxes,2026-03-12,730,2028-03-11,729,24,balanced
Food Bank of Contra Costa and Solano,Concord,Chicken breast frozen,protein,333,packs,2026-03-05,180,2026-09-01,172,60,surplus
Feeding San Diego,San Diego,Frozen vegetables mix,protein,266,bags,2026-03-04,365,2027-03-04,356,63,surplus
Feeding San Diego,San Diego,Milk gallons,dairy,390,gallons,2026-02-24,10,2026-03-06,-7,68,surplus
Second Harvest of Silicon Valley,San Jose,Canned tuna,canned,338,cans,2026-02-25,730,2028-02-25,714,108,surplus
Yolo Food Bank,Woodland,Cereal,dry,84,boxes,2026-03-06,180,2026-09-02,173,32,balanced
Second Harvest of Silicon Valley,San Jose,Canned chickpeas,canned,393,cans,2026-02-27,730,2028-02-27,716,61,surplus
Second Harvest Food Bank of Orange County,Irvine,Apples,produce,308,lbs,2026-02-16,21,2026-03-09,-4,38,surplus
Second Harvest Food Bank of Orange County,Irvine,Egg cartons,dairy,248,cartons,2026-02-21,21,2026-03-14,1,89,balanced
Second Harvest of Silicon Valley,San Jose,Potatoes,produce,206,lbs,2026-03-05,30,2026-04-04,22,58,surplus
Second Harvest of Silicon Valley,San Jose,Rice 5lb bag,dry,111,bags,2026-03-05,730,2028-03-04,722,42,balanced
Feeding San Diego,San Diego,Onions,produce,236,lbs,2026-03-01,30,2026-03-31,18,94,balanced
Central California Food Bank,Fresno,Canned chickpeas,canned,177,cans,2026-03-09,730,2028-03-08,726,63,balanced
Yolo Food Bank,Woodland,Lettuce,produce,243,heads,2026-02-19,10,2026-03-01,-12,35,surplus
Sacramento Food Bank & Family Services,Sacramento,Pasta,dry,158,boxes,2026-02-22,730,2028-02-22,711,38,surplus
Food Bank of Contra Costa and Solano,Concord,Ground turkey frozen,protein,198,packs,2026-02-18,180,2026-08-17,157,102,balanced
Central California Food Bank,Fresno,Canned tuna,canned,64,cans,2026-02-19,730,2028-02-19,708,85,shortage
Second Harvest of Silicon Valley,San Jose,Canned black beans,canned,209,cans,2026-02-24,730,2028-02-24,713,28,surplus
Second Harvest of Silicon Valley,San Jose,Canned tuna,canned,303,cans,2026-02-27,730,2028-02-27,716,44,surplus
Los Angeles Regional Food Bank,Los Angeles,Broccoli,produce,72,lbs,2026-02-23,7,2026-03-02,-11,93,shortage
Alameda County Community Food Bank,Oakland,Lentils,dry,129,bags,2026-03-01,730,2028-02-29,718,67,balanced
Second Harvest of Silicon Valley,San Jose,Yogurt cups,dairy,134,cups,2026-03-03,21,2026-03-24,11,51,balanced
Feeding San Diego,San Diego,Cereal,dry,96,boxes,2026-02-17,180,2026-08-16,156,104,shortage
Feeding San Diego,San Diego,Canned peas,canned,124,cans,2026-03-03,730,2028-03-02,720,109,balanced
Alameda County Community Food Bank,Oakland,Frozen berries,protein,162,bags,2026-02-17,365,2027-02-17,341,21,surplus
Food Bank of Contra Costa and Solano,Concord,Lentils,dry,334,bags,2026-02-24,730,2028-02-24,713,65,surplus
Food Bank of Contra Costa and Solano,Concord,Butter,dairy,88,packs,2026-03-07,60,2026-05-06,54,118,shortage
Alameda County Community Food Bank,Oakland,Canned black beans,canned,211,cans,2026-02-17,730,2028-02-17,706,117,balanced
Feeding San Diego,San Diego,Butter,dairy,259,packs,2026-02-17,60,2026-04-18,36,72,surplus
Feeding San Diego,San Diego,Canned black beans,canned,10,cans,2026-03-11,730,2028-03-10,728,94,shortage
Second Harvest Food Bank of Orange County,Irvine,Spaghetti,dry,184,boxes,2026-03-03,730,2028-03-02,720,56,surplus
Central California Food Bank,Fresno,Canned corn,canned,13,cans,2026-02-26,730,2028-02-26,715,84,shortage
Feeding San Diego,San Diego,Sugar,dry,218,bags,2026-03-11,730,2028-03-10,728,41,surplus
Alameda County Community Food Bank,Oakland,Macaroni,dry,124,boxes,2026-03-06,730,2028-03-05,723,93,balanced
San Francisco-Marin Food Bank,San Francisco,Onions,produce,46,lbs,2026-03-03,30,2026-04-02,20,115,shortage
Los Angeles Regional Food Bank,Los Angeles,Tomatoes,produce,95,lbs,2026-03-07,10,2026-03-17,4,39,balanced
Feeding San Diego,San Diego,Onions,produce,289,lbs,2026-02-19,30,2026-03-21,8,38,surplus
Yolo Food Bank,Woodland,Tomatoes,produce,345,lbs,2026-02-24,10,2026-03-06,-7,52,surplus
Sacramento Food Bank & Family Services,Sacramento,Rice 5lb bag,dry,400,bags,2026-03-01,730,2028-02-29,718,51,surplus
Second Harvest Food Bank of Orange County,Irvine,Bananas,produce,86,lbs,2026-02-17,7,2026-02-24,-17,27,surplus
Alameda County Community Food Bank,Oakland,Spaghetti,dry,106,boxes,2026-02-16,730,2028-02-16,705,113,shortage
Feeding San Diego,San Diego,Flour,dry,327,bags,2026-02-20,365,2027-02-20,344,62,surplus
Second Harvest of Silicon Valley,San Jose,Potatoes,produce,60,lbs,2026-03-07,30,2026-04-06,24,37,balanced
Alameda County Community Food Bank,Oakland,Canned chickpeas,canned,210,cans,2026-03-06,730,2028-03-05,723,39,surplus
Second Harvest of Silicon Valley,San Jose,Frozen berries,protein,312,bags,2026-03-12,365,2027-03-12,364,81,surplus
Feeding San Diego,San Diego,Canned tuna,canned,131,cans,2026-03-10,730,2028-03-09,727,119,balanced
Yolo Food Bank,Woodland,Egg cartons,dairy,60,cartons,2026-02-19,21,2026-03-12,-1,79,shortage
Yolo Food Bank,Woodland,Flour,dry,117,bags,2026-02-23,365,2027-02-23,347,35,surplus
Second Harvest Food Bank of Orange County,Irvine,Cereal,dry,259,boxes,2026-02-17,180,2026-08-16,156,107,balanced
Food Bank of Contra Costa and Solano,Concord,Canned salmon,canned,163,cans,2026-02-20,730,2028-02-20,709,52,surplus
Food Bank of Contra Costa and Solano,Concord,Canned corn,canned,99,cans,2026-03-07,730,2028-03-06,724,47,balanced
Sacramento Food Bank & Family Services,Sacramento,Brown rice,dry,347,bags,2026-02-24,365,2027-02-24,348,36,surplus
Feeding San Diego,San Diego,Canned chickpeas,canned,347,cans,2026-03-04,730,2028-03-03,721,47,surplus
Yolo Food Bank,Woodland,Yogurt cups,dairy,354,cups,2026-02-24,21,2026-03-17,4,118,balanced
Sacramento Food Bank & Family Services,Sacramento,Lentils,dry,271,bags,2026-02-20,730,2028-02-20,709,87,surplus
Feeding San Diego,San Diego,Potatoes,produce,33,lbs,2026-03-07,30,2026-04-06,24,112,shortage
Yolo Food Bank,Woodland,Bananas,produce,154,lbs,2026-03-05,7,2026-03-12,-1,90,balanced
Alameda County Community Food Bank,Oakland,Broccoli,produce,27,lbs,2026-03-12,7,2026-03-19,6,83,shortage
Central California Food Bank,Fresno,Broccoli,produce,177,lbs,2026-02-26,7,2026-03-05,-8,98,balanced
Los Angeles Regional Food Bank,Los Angeles,Canned soup,canned,312,cans,2026-03-02,540,2027-08-24,529,72,surplus
San Francisco-Marin Food Bank,San Francisco,Canned corn,canned,397,cans,2026-03-13,730,2028-03-12,730,83,surplus
San Francisco-Marin Food Bank,San Francisco,Apples,produce,397,lbs,2026-03-02,21,2026-03-23,10,59,surplus
Second Harvest of Silicon Valley,San Jose,Yogurt cups,dairy,376,cups,2026-03-07,21,2026-03-28,15,114,surplus
Feeding San Diego,San Diego,Canned chickpeas,canned,106,cans,2026-03-05,730,2028-03-04,722,96,balanced
Second Harvest Food Bank of Orange County,Irvine,Flour,dry,126,bags,2026-03-01,365,2027-03-01,353,82,balanced
Los Angeles Regional Food Bank,Los Angeles,Macaroni,dry,274,boxes,2026-03-11,730,2028-03-10,728,102,balanced
Yolo Food Bank,Woodland,Canned tuna,canned,391,cans,2026-03-13,730,2028-03-12,730,60,surplus
Feeding San Diego,San Diego,Yogurt cups,dairy,141,cups,2026-03-02,21,2026-03-23,10,40,surplus
Feeding San Diego,San Diego,Frozen vegetables mix,protein,332,bags,2026-03-09,365,2027-03-09,361,55,surplus
Sacramento Food Bank & Family Services,Sacramento,Canned peas,canned,359,cans,2026-03-12,730,2028-03-11,729,120,balanced
San Francisco-Marin Food Bank,San Francisco,Bell peppers,produce,352,lbs,2026-02-17,10,2026-02-27,-14,84,surplus
Second Harvest of Silicon Valley,San Jose,Brown rice,dry,375,bags,2026-02-18,365,2027-02-18,342,107,surplus
Los Angeles Regional Food Bank,Los Angeles,Canned salmon,canned,199,cans,2026-02-25,730,2028-02-25,714,73,balanced
Central California Food Bank,Fresno,Potatoes,produce,320,lbs,2026-02-20,30,2026-03-22,9,81,surplus
Second Harvest Food Bank of Orange County,Irvine,Canned peas,canned,333,cans,2026-02-22,730,2028-02-22,711,88,surplus
Feeding San Diego,San Diego,Canned salmon,canned,226,cans,2026-02-18,730,2028-02-18,707,115,balanced
San Francisco-Marin Food Bank,San Francisco,Milk gallons,dairy,362,gallons,2026-03-03,10,2026-03-13,0,78,surplus
Sacramento Food Bank & Family Services,Sacramento,Canned green beans,canned,88,cans,2026-03-06,730,2028-03-05,723,31,balanced
Alameda County Community Food Bank,Oakland,Yogurt cups,dairy,117,cups,2026-02-20,21,2026-03-13,0,82,balanced
Central California Food Bank,Fresno,Avocados,produce,79,units,2026-03-13,7,2026-03-20,7,79,balanced
Central California Food Bank,Fresno,Lettuce,produce,298,heads,2026-02-17,10,2026-02-27,-14,110,balanced
Los Angeles Regional Food Bank,Los Angeles,Chicken breast frozen,protein,227,packs,2026-03-05,180,2026-09-01,172,107,balanced
San Francisco-Marin Food Bank,San Francisco,Pasta,dry,207,boxes,2026-03-09,730,2028-03-08,726,120,balanced
San Francisco-Marin Food Bank,San Francisco,Canned tuna,canned,269,cans,2026-03-10,730,2028-03-09,727,81,surplus
Food Bank of Contra Costa and Solano,Concord,Cheese blocks,dairy,141,blocks,2026-02-21,30,2026-03-23,10,39,surplus
Central California Food Bank,Fresno,Apples,produce,150,lbs,2026-02-19,21,2026-03-12,-1,46,surplus
Sacramento Food Bank & Family Services,Sacramento,Oranges,produce,176,lbs,2026-02-18,14,2026-03-04,-9,53,surplus
Second Harvest Food Bank of Orange County,Irvine,Lettuce,produce,120,heads,2026-02-16,10,2026-02-26,-15,43,balanced
Los Angeles Regional Food Bank,Los Angeles,Brown rice,dry,282,bags,2026-02-20,365,2027-02-20,344,57,surplus
Feeding San Diego,San Diego,Flour,dry,164,bags,2026-03-01,365,2027-03-01,353,114,balanced
Food Bank of Contra Costa and Solano,Concord,Cereal,dry,15,boxes,2026-03-06,180,2026-09-02,173,94,shortage
Second Harvest Food Bank of Orange County,Irvine,Sugar,dry,35,bags,2026-02-19,730,2028-02-19,708,60,shortage
Feeding San Diego,San Diego,Canned tuna,canned,53,cans,2026-02-28,730,2028-02-28,717,48,balanced
Alameda County Community Food Bank,Oakland,Milk gallons,dairy,60,gallons,2026-02-19,10,2026-03-01,-12,114,shortage
Second Harvest of Silicon Valley,San Jose,Butter,dairy,306,packs,2026-03-02,60,2026-05-01,49,53,surplus
Second Harvest Food Bank of Orange County,Irvine,Spaghetti,dry,263,boxes,2026-02-23,730,2028-02-23,712,75,surplus
Central California Food Bank,Fresno,Brown rice,dry,274,bags,2026-02-20,365,2027-02-20,344,87,surplus
Central California Food Bank,Fresno,Apples,produce,34,lbs,2026-03-09,21,2026-03-30,17,23,balanced
Second Harvest Food Bank of Orange County,Irvine,Pasta,dry,298,boxes,2026-03-11,730,2028-03-10,728,70,surplus
Yolo Food Bank,Woodland,Canned corn,canned,140,cans,2026-02-26,730,2028-02-26,715,66,balanced
Second Harvest Food Bank of Orange County,Irvine,Lettuce,produce,335,heads,2026-02-20,10,2026-03-02,-11,71,surplus
Alameda County Community Food Bank,Oakland,Oatmeal,dry,293,boxes,2026-03-05,365,2027-03-05,357,51,surplus
Yolo Food Bank,Woodland,Cereal,dry,386,boxes,2026-03-05,180,2026-09-01,172,54,surplus
Central California Food Bank,Fresno,Frozen berries,protein,286,bags,2026-03-02,365,2027-03-02,354,80,surplus
Central California Food Bank,Fresno,Canned black beans,canned,260,cans,2026-03-05,730,2028-03-04,722,26,surplus
Second Harvest Food Bank of Orange County,Irvine,Macaroni,dry,335,boxes,2026-03-11,730,2028-03-10,728,32,surplus
Second Harvest Food Bank of Orange County,Irvine,Egg cartons,dairy,47,cartons,2026-02-22,21,2026-03-15,2,24,balanced
Yolo Food Bank,Woodland,Canned peas,canned,329,cans,2026-03-01,730,2028-02-29,718,25,surplus
Food Bank of Contra Costa and Solano,Concord,Yogurt cups,dairy,132,cups,2026-02-20,21,2026-03-13,0,106,balanced
Sacramento Food Bank & Family Services,Sacramento,Canned salmon,canned,192,cans,2026-03-10,730,2028-03-09,727,119,balanced
Sacramento Food Bank & Family Services,Sacramento,Canned salmon,canned,76,cans,2026-02-23,730,2028-02-23,712,32,balanced
Yolo Food Bank,Woodland,Canned corn,canned,333,cans,2026-03-01,730,2028-02-29,718,86,surplus
Sacramento Food Bank & Family Services,Sacramento,Chicken breast frozen,protein,340,packs,2026-02-21,180,2026-08-20,160,76,surplus
Yolo Food Bank,Woodland,Avocados,produce,357,units,2026-03-04,7,2026-03-11,-2,39,surplus
Central California Food Bank,Fresno,Canned salmon,canned,92,cans,2026-03-11,730,2028-03-10,728,84,balanced
Alameda County Community Food Bank,Oakland,Frozen berries,protein,180,bags,2026-03-10,365,2027-03-10,362,89,balanced
Feeding San Diego,San Diego,Canned peas,canned,169,cans,2026-02-28,730,2028-02-28,717,117,balanced
Los Angeles Regional Food Bank,Los Angeles,Sugar,dry,76,bags,2026-03-08,730,2028-03-07,725,41,balanced
Central California Food Bank,Fresno,Butter,dairy,188,packs,2026-02-28,60,2026-04-29,47,99,balanced
Los Angeles Regional Food Bank,Los Angeles,Canned chickpeas,canned,144,cans,2026-02-19,730,2028-02-19,708,55,balanced
Feeding San Diego,San Diego,Potatoes,produce,248,lbs,2026-02-20,30,2026-03-22,9,69,surplus
Los Angeles Regional Food Bank,Los Angeles,Oranges,produce,96,lbs,2026-02-24,14,2026-03-10,-3,27,surplus
Central California Food Bank,Fresno,Canned green beans,canned,103,cans,2026-02-28,730,2028-02-28,717,36,balanced
Central California Food Bank,Fresno,Bananas,produce,78,lbs,2026-03-12,7,2026-03-19,6,49,balanced
Central California Food Bank,Fresno,Canned chickpeas,canned,392,cans,2026-02-20,730,2028-02-20,709,109,surplus
Food Bank of Contra Costa and Solano,Concord,Tomatoes,produce,151,lbs,2026-02-22,10,2026-03-04,-9,62,balanced
Alameda County Community Food Bank,Oakland,Bananas,produce,270,lbs,2026-02-24,7,2026-03-03,-10,118,balanced
Feeding San Diego,San Diego,Bell peppers,produce,78,lbs,2026-03-09,10,2026-03-19,6,53,balanced
Sacramento Food Bank & Family Services,Sacramento,Bananas,produce,333,lbs,2026-03-02,7,2026-03-09,-4,94,surplus
Central California Food Bank,Fresno,Canned carrots,canned,65,cans,2026-02-25,730,2028-02-25,714,114,shortage
Food Bank of Contra Costa and Solano,Concord,Canned beans,canned,53,cans,2026-02-19,730,2028-02-19,708,110,shortage
Central California Food Bank,Fresno,Butter,dairy,358,packs,2026-02-20,60,2026-04-21,39,100,surplus
Central California Food Bank,Fresno,Egg cartons,dairy,333,cartons,2026-03-04,21,2026-03-25,12,84,surplus
Food Bank of Contra Costa and Solano,Concord,Canned soup,canned,376,cans,2026-02-21,540,2027-08-15,520,51,surplus
Los Angeles Regional Food Bank,Los Angeles,Apples,produce,166,lbs,2026-03-03,21,2026-03-24,11,110,balanced
Sacramento Food Bank & Family Services,Sacramento,Almond butter,dry,261,jars,2026-03-08,365,2027-03-08,360,93,balanced
Food Bank of Contra Costa and Solano,Concord,Canned beans,canned,214,cans,2026-03-02,730,2028-03-01,719,52,surplus
Central California Food Bank,Fresno,Canned soup,canned,357,cans,2026-03-01,540,2027-08-23,528,92,surplus
San Francisco-Marin Food Bank,San Francisco,Bananas,produce,370,lbs,2026-02-17,7,2026-02-24,-17,46,surplus
Central California Food Bank,Fresno,Oranges,produce,232,lbs,2026-03-03,14,2026-03-17,4,98,balanced
San Francisco-Marin Food Bank,San Francisco,Milk gallons,dairy,21,gallons,2026-03-11,10,2026-03-21,8,29,shortage
Alameda County Community Food Bank,Oakland,Peanut butter,dry,160,jars,2026-03-01,365,2027-03-01,353,29,surplus
Central California Food Bank,Fresno,Canned chickpeas,canned,360,cans,2026-03-06,730,2028-03-05,723,23,surplus
Central California Food Bank,Fresno,Peanut butter,dry,176,jars,2026-03-10,365,2027-03-10,362,34,surplus
Second Harvest of Silicon Valley,San Jose,Spinach,produce,41,bags,2026-03-08,7,2026-03-15,2,44,shortage
Food Bank of Contra Costa and Solano,Concord,Frozen vegetables mix,protein,17,bags,2026-02-28,365,2027-02-28,352,111,shortage
Los Angeles Regional Food Bank,Los Angeles,Spaghetti,dry,191,boxes,2026-03-13,730,2028-03-12,730,48,surplus
Los Angeles Regional Food Bank,Los Angeles,Macaroni,dry,60,boxes,2026-02-20,730,2028-02-20,709,60,balanced
Los Angeles Regional Food Bank,Los Angeles,Apples,produce,395,lbs,2026-03-08,21,2026-03-29,16,69,surplus
San Francisco-Marin Food Bank,San Francisco,Oranges,produce,397,lbs,2026-03-05,14,2026-03-19,6,107,surplus
Alameda County Community Food Bank,Oakland,Ground turkey frozen,protein,154,packs,2026-02-22,180,2026-08-21,161,36,surplus
Second Harvest of Silicon Valley,San Jose,Canned salmon,canned,117,cans,2026-02-17,730,2028-02-17,706,105,balanced
Second Harvest Food Bank of Orange County,Irvine,Milk gallons,dairy,245,gallons,2026-03-07,10,2026-03-17,4,33,surplus
Los Angeles Regional Food Bank,Los Angeles,Canned green beans,canned,300,cans,2026-03-09,730,2028-03-08,726,82,surplus
Los Angeles Regional Food Bank,Los Angeles,Bell peppers,produce,162,lbs,2026-02-24,10,2026-03-06,-7,60,balanced
Yolo Food Bank,Woodland,Bananas,produce,370,lbs,2026-03-13,7,2026-03-20,7,61,surplus
Yolo Food Bank,Woodland,Bananas,produce,325,lbs,2026-02-24,7,2026-03-03,-10,96,surplus
Central California Food Bank,Fresno,Sugar,dry,128,bags,2026-02-24,730,2028-02-24,713,112,balanced
Yolo Food Bank,Woodland,Canned carrots,canned,155,cans,2026-02-28,730,2028-02-28,717,106,balanced
Alameda County Community Food Bank,Oakland,Canned tuna,canned,388,cans,2026-02-18,730,2028-02-18,707,81,surplus
Second Harvest Food Bank of Orange County,Irvine,Frozen vegetables mix,protein,265,bags,2026-03-09,365,2027-03-09,361,82,surplus
Second Harvest Food Bank of Orange County,Irvine,Oatmeal,dry,107,boxes,2026-03-05,365,2027-03-05,357,73,balanced
Second Harvest of Silicon Valley,San Jose,Frozen berries,protein,248,bags,2026-02-18,365,2027-02-18,342,102,balanced
San Francisco-Marin Food Bank,San Francisco,Canned peas,canned,264,cans,2026-03-11,730,2028-03-10,728,53,surplus
Alameda County Community Food Bank,Oakland,Butter,dairy,123,packs,2026-03-11,60,2026-05-10,58,82,balanced
Sacramento Food Bank & Family Services,Sacramento,Bananas,produce,204,lbs,2026-02-20,7,2026-02-27,-14,76,balanced
Sacramento Food Bank & Family Services,Sacramento,Cereal,dry,84,boxes,2026-02-17,180,2026-08-16,156,86,shortage
San Francisco-Marin Food Bank,San Francisco,Canned peas,canned,361,cans,2026-03-06,730,2028-03-05,723,30,surplus
San Francisco-Marin Food Bank,San Francisco,Oatmeal,dry,332,boxes,2026-03-13,365,2027-03-13,365,116,balanced
Central California Food Bank,Fresno,Apples,produce,219,lbs,2026-03-09,21,2026-03-30,17,101,balanced
Sacramento Food Bank & Family Services,Sacramento,Rice 5lb bag,dry,150,bags,2026-02-17,730,2028-02-17,706,71,balanced
Yolo Food Bank,Woodland,Canned carrots,canned,188,cans,2026-03-04,730,2028-03-03,721,102,balanced
Second Harvest Food Bank of Orange County,Irvine,Canned salmon,canned,382,cans,2026-03-04,730,2028-03-03,721,67,surplus
Los Angeles Regional Food Bank,Los Angeles,Egg cartons,dairy,264,cartons,2026-02-20,21,2026-03-13,0,52,surplus
Sacramento Food Bank & Family Services,Sacramento,Pasta,dry,338,boxes,2026-03-01,730,2028-02-29,718,83,surplus
Central California Food Bank,Fresno,Tomatoes,produce,180,lbs,2026-02-22,10,2026-03-04,-9,33,surplus
Central California Food Bank,Fresno,Apples,produce,15,lbs,2026-03-11,21,2026-04-01,19,94,shortage
Second Harvest Food Bank of Orange County,Irvine,Canned green beans,canned,302,cans,2026-02-25,730,2028-02-25,714,36,surplus
San Francisco-Marin Food Bank,San Francisco,Canned corn,canned,254,cans,2026-03-13,730,2028-03-12,730,90,balanced
Central California Food Bank,Fresno,Cheese blocks,dairy,77,blocks,2026-03-11,30,2026-04-10,28,33,balanced
Food Bank of Contra Costa and Solano,Concord,Canned peas,canned,200,cans,2026-02-26,730,2028-02-26,715,21,surplus
Alameda County Community Food Bank,Oakland,Canned green beans,canned,79,cans,2026-02-21,730,2028-02-21,710,41,balanced
Sacramento Food Bank & Family Services,Sacramento,Avocados,produce,269,units,2026-02-28,7,2026-03-07,-6,65,surplus
Feeding San Diego,San Diego,Tomatoes,produce,242,lbs,2026-03-08,10,2026-03-18,5,81,balanced
Los Angeles Regional Food Bank,Los Angeles,Broccoli,produce,305,lbs,2026-03-11,7,2026-03-18,5,70,surplus
Yolo Food Bank,Woodland,Lettuce,produce,240,heads,2026-03-08,10,2026-03-18,5,97,balanced
Sacramento Food Bank & Family Services,Sacramento,Spaghetti,dry,267,boxes,2026-03-02,730,2028-03-01,719,33,surplus
Central California Food Bank,Fresno,Bananas,produce,362,lbs,2026-02-19,7,2026-02-26,-15,73,surplus
Central California Food Bank,Fresno,Flour,dry,180,bags,2026-03-12,365,2027-03-12,364,34,surplus
Los Angeles Regional Food Bank,Los Angeles,Broccoli,produce,316,lbs,2026-02-23,7,2026-03-02,-11,73,surplus
Alameda County Community Food Bank,Oakland,Butter,dairy,86,packs,2026-02-20,60,2026-04-21,39,52,balanced
Food Bank of Contra Costa and Solano,Concord,Yogurt cups,dairy,204,cups,2026-02-23,21,2026-03-16,3,95,balanced
Second Harvest of Silicon Valley,San Jose,Cereal,dry,192,boxes,2026-03-12,180,2026-09-08,179,92,balanced
Yolo Food Bank,Woodland,Cereal,dry,194,boxes,2026-03-04,180,2026-08-31,171,78,balanced
San Francisco-Marin Food Bank,San Francisco,Canned black beans,canned,283,cans,2026-03-03,730,2028-03-02,720,24,surplus
Central California Food Bank,Fresno,Rice 5lb bag,dry,201,bags,2026-02-20,730,2028-02-20,709,48,surplus
Second Harvest Food Bank of Orange County,Irvine,Canned tomatoes,canned,361,cans,2026-02-22,730,2028-02-22,711,49,surplus
Yolo Food Bank,Woodland,Frozen vegetables mix,protein,338,bags,2026-03-07,365,2027-03-07,359,95,surplus
Los Angeles Regional Food Bank,Los Angeles,Milk gallons,dairy,331,gallons,2026-02-24,10,2026-03-06,-7,54,surplus
Second Harvest Food Bank of Orange County,Irvine,Canned green beans,canned,107,cans,2026-02-18,730,2028-02-18,707,112,shortage
Feeding San Diego,San Diego,Cheese blocks,dairy,111,blocks,2026-03-07,30,2026-04-06,24,43,balanced
Yolo Food Bank,Woodland,Canned black beans,canned,11,cans,2026-02-18,730,2028-02-18,707,43,shortage
Central California Food Bank,Fresno,Macaroni,dry,183,boxes,2026-03-08,730,2028-03-07,725,20,surplus
Los Angeles Regional Food Bank,Los Angeles,Spaghetti,dry,387,boxes,2026-03-12,730,2028-03-11,729,113,surplus
Yolo Food Bank,Woodland,Lentils,dry,37,bags,2026-03-07,730,2028-03-06,724,28,balanced
Sacramento Food Bank & Family Services,Sacramento,Bananas,produce,258,lbs,2026-03-01,7,2026-03-08,-5,79,surplus
Food Bank of Contra Costa and Solano,Concord,Canned salmon,canned,380,cans,2026-03-12,730,2028-03-11,729,25,surplus
Feeding San Diego,San Diego,Potatoes,produce,328,lbs,2026-02-27,30,2026-03-29,16,37,surplus
Second Harvest Food Bank of Orange County,Irvine,Ground turkey frozen,protein,246,packs,2026-02-23,180,2026-08-22,162,113,balanced
Yolo Food Bank,Woodland,Canned beans,canned,61,cans,2026-03-10,730,2028-03-09,727,80,shortage
Alameda County Community Food Bank,Oakland,Canned tomatoes,canned,371,cans,2026-03-05,730,2028-03-04,722,65,surplus
Central California Food Bank,Fresno,Frozen vegetables mix,protein,335,bags,2026-03-08,365,2027-03-08,360,101,surplus
Central California Food Bank,Fresno,Apples,produce,94,lbs,2026-03-06,21,2026-03-27,14,113,shortage
Feeding San Diego,San Diego,Onions,produce,288,lbs,2026-02-17,30,2026-03-19,6,42,surplus
Feeding San Diego,San Diego,Canned soup,canned,177,cans,2026-03-08,540,2027-08-30,535,75,balanced
Los Angeles Regional Food Bank,Los Angeles,Canned corn,canned,229,cans,2026-03-07,730,2028-03-06,724,58,surplus
Central California Food Bank,Fresno,Cereal,dry,229,boxes,2026-03-13,180,2026-09-09,180,55,surplus
Second Harvest Food Bank of Orange County,Irvine,Frozen berries,protein,85,bags,2026-02-20,365,2027-02-20,344,92,shortage
San Francisco-Marin Food Bank,San Francisco,Brown rice,dry,247,bags,2026-03-06,365,2027-03-06,358,49,surplus
Second Harvest Food Bank of Orange County,Irvine,Lettuce,produce,81,heads,2026-03-01,10,2026-03-11,-2,34,balanced
San Francisco-Marin Food Bank,San Francisco,Frozen vegetables mix,protein,126,bags,2026-03-07,365,2027-03-07,359,36,surplus
Feeding San Diego,San Diego,Canned beans,canned,109,cans,2026-02-23,730,2028-02-23,712,21,surplus
Central California Food Bank,Fresno,Oatmeal,dry,355,boxes,2026-02-25,365,2027-02-25,349,69,surplus
Feeding San Diego,San Diego,Spinach,produce,355,bags,2026-02-24,7,2026-03-03,-10,82,surplus
Central California Food Bank,Fresno,Broccoli,produce,27,lbs,2026-03-09,7,2026-03-16,3,117,shortage
Sacramento Food Bank & Family Services,Sacramento,Canned beans,canned,300,cans,2026-02-22,730,2028-02-22,711,35,surplus
Central California Food Bank,Fresno,Oranges,produce,54,lbs,2026-03-04,14,2026-03-18,5,92,shortage
Second Harvest Food Bank of Orange County,Irvine,Broccoli,produce,276,lbs,2026-02-19,7,2026-02-26,-15,108,balanced
Alameda County Community Food Bank,Oakland,Sugar,dry,78,bags,2026-02-20,730,2028-02-20,709,61,balanced
San Francisco-Marin Food Bank,San Francisco,Ground turkey frozen,protein,207,packs,2026-03-10,180,2026-09-06,177,105,balanced
Food Bank of Contra Costa and Solano,Concord,Canned peas,canned,17,cans,2026-03-09,730,2028-03-08,726,29,shortage
Sacramento Food Bank & Family Services,Sacramento,Bananas,produce,232,lbs,2026-02-20,7,2026-02-27,-14,114,balanced
Food Bank of Contra Costa and Solano,Concord,Canned soup,canned,108,cans,2026-03-07,540,2027-08-29,534,59,balanced
Los Angeles Regional Food Bank,Los Angeles,Tomatoes,produce,113,lbs,2026-03-06,10,2026-03-16,3,110,balanced
Central California Food Bank,Fresno,Apples,produce,221,lbs,2026-02-26,21,2026-03-19,6,48,surplus
Central California Food Bank,Fresno,Butter,dairy,120,packs,2026-02-26,60,2026-04-27,45,96,balanced
Sacramento Food Bank & Family Services,Sacramento,Canned beans,canned,386,cans,2026-02-23,730,2028-02-23,712,115,surplus
Second Harvest of Silicon Valley,San Jose,Bell peppers,produce,53,lbs,2026-02-22,10,2026-03-04,-9,55,shortage
San Francisco-Marin Food Bank,San Francisco,Apples,produce,245,lbs,2026-03-03,21,2026-03-24,11,38,surplus
Yolo Food Bank,Woodland,Lentils,dry,14,bags,2026-03-01,730,2028-02-29,718,113,shortage
Food Bank of Contra Costa and Solano,Concord,Canned corn,canned,375,cans,2026-02-19,730,2028-02-19,708,27,surplus
Yolo Food Bank,Woodland,Brown rice,dry,305,bags,2026-03-09,365,2027-03-09,361,112,balanced
San Francisco-Marin Food Bank,San Francisco,Canned carrots,canned,139,cans,2026-02-16,730,2028-02-16,705,67,balanced
Second Harvest of Silicon Valley,San Jose,Canned black beans,canned,30,cans,2026-03-07,730,2028-03-06,724,83,shortage
Food Bank of Contra Costa and Solano,Concord,Spinach,produce,302,bags,2026-03-08,7,2026-03-15,2,48,surplus
Central California Food Bank,Fresno,Tomatoes,produce,150,lbs,2026-03-08,10,2026-03-18,5,78,balanced
Alameda County Community Food Bank,Oakland,Canned salmon,canned,187,cans,2026-03-09,730,2028-03-08,726,120,balanced
Alameda County Community Food Bank,Oakland,Canned soup,canned,338,cans,2026-03-04,540,2027-08-26,531,89,surplus
Second Harvest Food Bank of Orange County,Irvine,Broccoli,produce,368,lbs,2026-03-07,7,2026-03-14,1,48,surplus
Sacramento Food Bank & Family Services,Sacramento,Almond butter,dry,374,jars,2026-02-18,365,2027-02-18,342,106,surplus
Central California Food Bank,Fresno,Lentils,dry,246,bags,2026-02-28,730,2028-02-28,717,89,balanced
Second Harvest Food Bank of Orange County,Irvine,Bananas,produce,331,lbs,2026-02-25,7,2026-03-04,-9,94,surplus
Second Harvest of Silicon Valley,San Jose,Canned green beans,canned,154,cans,2026-03-12,730,2028-03-11,729,45,surplus
Second Harvest Food Bank of Orange County,Irvine,Peanut butter,dry,398,jars,2026-02-25,365,2027-02-25,349,34,surplus
Central California Food Bank,Fresno,Sugar,dry,219,bags,2026-03-06,730,2028-03-05,723,88,balanced
Feeding San Diego,San Diego,Lentils,dry,204,bags,2026-03-12,730,2028-03-11,729,30,surplus
Central California Food Bank,Fresno,Onions,produce,298,lbs,2026-03-03,30,2026-04-02,20,118,balanced
Feeding San Diego,San Diego,Canned salmon,canned,18,cans,2026-03-13,730,2028-03-12,730,102,shortage
Central California Food Bank,Fresno,Chicken breast frozen,protein,330,packs,2026-03-10,180,2026-09-06,177,115,balanced
Feeding San Diego,San Diego,Canned beans,canned,214,cans,2026-03-07,730,2028-03-06,724,100,balanced
Second Harvest Food Bank of Orange County,Irvine,Canned soup,canned,287,cans,2026-02-22,540,2027-08-16,521,82,surplus
Yolo Food Bank,Woodland,Canned salmon,canned,137,cans,2026-02-18,730,2028-02-18,707,20,surplus
Central California Food Bank,Fresno,Sugar,dry,172,bags,2026-03-10,730,2028-03-09,727,104,balanced
Yolo Food Bank,Woodland,Pasta,dry,362,boxes,2026-03-03,730,2028-03-02,720,29,surplus
Second Harvest of Silicon Valley,San Jose,Lentils,dry,310,bags,2026-03-05,730,2028-03-04,722,98,surplus
Alameda County Community Food Bank,Oakland,Apples,produce,65,lbs,2026-03-02,21,2026-03-23,10,77,shortage
Sacramento Food Bank & Family Services,Sacramento,Yogurt cups,dairy,26,cups,2026-02-28,21,2026-03-21,8,118,shortage
Food Bank of Contra Costa and Solano,Concord,Lettuce,produce,27,heads,2026-03-02,10,2026-03-12,-1,95,shortage
San Francisco-Marin Food Bank,San Francisco,Canned tuna,canned,65,cans,2026-03-03,730,2028-03-02,720,96,shortage
Feeding San Diego,San Diego,Canned black beans,canned,249,cans,2026-03-08,730,2028-03-07,725,27,surplus
Los Angeles Regional Food Bank,Los Angeles,Macaroni,dry,98,boxes,2026-03-10,730,2028-03-09,727,90,balanced
Los Angeles Regional Food Bank,Los Angeles,Egg cartons,dairy,207,cartons,2026-03-04,21,2026-03-25,12,108,balanced
Yolo Food Bank,Woodland,Almond butter,dry,206,jars,2026-03-08,365,2027-03-08,360,31,surplus
Second Harvest of Silicon Valley,San Jose,Canned green beans,canned,345,cans,2026-02-21,730,2028-02-21,710,106,surplus
Alameda County Community Food Bank,Oakland,Canned tuna,canned,30,cans,2026-03-13,730,2028-03-12,730,117,shortage
Sacramento Food Bank & Family Services,Sacramento,Avocados,produce,245,units,2026-03-11,7,2026-03-18,5,120,balanced
Second Harvest of Silicon Valley,San Jose,Bananas,produce,285,lbs,2026-02-18,7,2026-02-25,-16,36,surplus
Central California Food Bank,Fresno,Canned beans,canned,351,cans,2026-02-18,730,2028-02-18,707,81,surplus
Los Angeles Regional Food Bank,Los Angeles,Milk gallons,dairy,122,gallons,2026-03-04,10,2026-03-14,1,54,balanced
Second Harvest Food Bank of Orange County,Irvine,Bananas,produce,260,lbs,2026-02-18,7,2026-02-25,-16,93,balanced
Sacramento Food Bank & Family Services,Sacramento,Spaghetti,dry,185,boxes,2026-03-13,730,2028-03-12,730,49,surplus
Sacramento Food Bank & Family Services,Sacramento,Brown rice,dry,248,bags,2026-02-21,365,2027-02-21,345,106,balanced
Food Bank of Contra Costa and Solano,Concord,Flour,dry,79,bags,2026-02-23,365,2027-02-23,347,97,shortage
Feeding San Diego,San Diego,Egg cartons,dairy,202,cartons,2026-02-21,21,2026-03-14,1,40,surplus
Food Bank of Contra Costa and Solano,Concord,Frozen berries,protein,353,bags,2026-03-04,365,2027-03-04,356,58,surplus
Central California Food Bank,Fresno,Canned salmon,canned,278,cans,2026-03-02,730,2028-03-01,719,77,surplus
Alameda County Community Food Bank,Oakland,Ground turkey frozen,protein,204,packs,2026-02-22,180,2026-08-21,161,54,surplus
Food Bank of Contra Costa and Solano,Concord,Almond butter,dry,193,jars,2026-03-10,365,2027-03-10,362,53,surplus
Second Harvest of Silicon Valley,San Jose,Canned black beans,canned,324,cans,2026-02-17,730,2028-02-17,706,93,surplus
Feeding San Diego,San Diego,Brown rice,dry,170,bags,2026-02-26,365,2027-02-26,350,43,surplus
Second Harvest Food Bank of Orange County,Irvine,Canned tuna,canned,343,cans,2026-02-26,730,2028-02-26,715,29,surplus
Feeding San Diego,San Diego,Cheese blocks,dairy,295,blocks,2026-03-07,30,2026-04-06,24,80,surplus
Second Harvest Food Bank of Orange County,Irvine,Frozen berries,protein,206,bags,2026-03-12,365,2027-03-12,364,89,balanced
Yolo Food Bank,Woodland,Pasta,dry,127,boxes,2026-03-03,730,2028-03-02,720,96,balanced
Alameda County Community Food Bank,Oakland,Rice 5lb bag,dry,250,bags,2026-03-11,730,2028-03-10,728,98,balanced
Food Bank of Contra Costa and Solano,Concord,Almond butter,dry,114,jars,2026-02-28,365,2027-02-28,352,22,surplus
Central California Food Bank,Fresno,Pasta,dry,146,boxes,2026-02-19,730,2028-02-19,708,82,balanced
Food Bank of Contra Costa and Solano,Concord,Canned tuna,canned,282,cans,2026-03-08,730,2028-03-07,725,40,surplus
Food Bank of Contra Costa and Solano,Concord,Sugar,dry,280,bags,2026-03-07,730,2028-03-06,724,119,balanced
Sacramento Food Bank & Family Services,Sacramento,Lentils,dry,361,bags,2026-02-17,730,2028-02-17,706,59,surplus
Central California Food Bank,Fresno,Canned soup,canned,335,cans,2026-02-16,540,2027-08-10,515,25,surplus
Sacramento Food Bank & Family Services,Sacramento,Canned corn,canned,374,cans,2026-02-18,730,2028-02-18,707,48,surplus
Feeding San Diego,San Diego,Lentils,dry,320,bags,2026-02-23,730,2028-02-23,712,73,surplus
Second Harvest of Silicon Valley,San Jose,Canned green beans,canned,349,cans,2026-03-07,730,2028-03-06,724,20,surplus
Central California Food Bank,Fresno,Avocados,produce,241,units,2026-02-20,7,2026-02-27,-14,50,surplus
Sacramento Food Bank & Family Services,Sacramento,Apples,produce,214,lbs,2026-02-18,21,2026-03-11,-2,75,balanced
San Francisco-Marin Food Bank,San Francisco,Chicken breast frozen,protein,296,packs,2026-02-28,180,2026-08-27,167,58,surplus
Second Harvest of Silicon Valley,San Jose,Yogurt cups,dairy,53,cups,2026-03-04,21,2026-03-25,12,82,shortage
Sacramento Food Bank & Family Services,Sacramento,Rice 5lb bag,dry,224,bags,2026-03-07,730,2028-03-06,724,54,surplus
Alameda County Community Food Bank,Oakland,Spinach,produce,336,bags,2026-02-19,7,2026-02-26,-15,61,surplus
Sacramento Food Bank & Family Services,Sacramento,Oranges,produce,214,lbs,2026-03-12,14,2026-03-26,13,120,balanced
Food Bank of Contra Costa and Solano,Concord,Yogurt cups,dairy,72,cups,2026-02-26,21,2026-03-19,6,119,shortage
Second Harvest Food Bank of Orange County,Irvine,Oranges,produce,379,lbs,2026-03-06,14,2026-03-20,7,97,surplus
Sacramento Food Bank & Family Services,Sacramento,Apples,produce,100,lbs,2026-02-27,21,2026-03-20,7,37,balanced
Alameda County Community Food Bank,Oakland,Oatmeal,dry,164,boxes,2026-02-18,365,2027-02-18,342,42,surplus
Sacramento Food Bank & Family Services,Sacramento,Pasta,dry,21,boxes,2026-03-10,730,2028-03-09,727,108,shortage
Yolo Food Bank,Woodland,Potatoes,produce,262,lbs,2026-02-25,30,2026-03-27,14,50,surplus
Los Angeles Regional Food Bank,Los Angeles,Canned tuna,canned,165,cans,2026-03-13,730,2028-03-12,730,72,balanced
Food Bank of Contra Costa and Solano,Concord,Canned tuna,canned,130,cans,2026-03-04,730,2028-03-03,721,40,surplus
San Francisco-Marin Food Bank,San Francisco,Egg cartons,dairy,72,cartons,2026-03-09,21,2026-03-30,17,61,balanced
Sacramento Food Bank & Family Services,Sacramento,Oranges,produce,163,lbs,2026-02-21,14,2026-03-07,-6,36,surplus
San Francisco-Marin Food Bank,San Francisco,Canned soup,canned,384,cans,2026-03-06,540,2027-08-28,533,111,surplus
Sacramento Food Bank & Family Services,Sacramento,Canned soup,canned,84,cans,2026-02-26,540,2027-08-20,525,113,shortage
Alameda County Community Food Bank,Oakland,Bananas,produce,342,lbs,2026-02-28,7,2026-03-07,-6,120,balanced
Sacramento Food Bank & Family Services,Sacramento,Oatmeal,dry,317,boxes,2026-03-11,365,2027-03-11,363,36,surplus
Sacramento Food Bank & Family Services,Sacramento,Flour,dry,49,bags,2026-03-03,365,2027-03-03,355,60,shortage
Feeding San Diego,San Diego,Oatmeal,dry,246,boxes,2026-02-25,365,2027-02-25,349,105,balanced
Central California Food Bank,Fresno,Canned salmon,canned,10,cans,2026-03-06,730,2028-03-05,723,70,shortage
Yolo Food Bank,Woodland,Bananas,produce,38,lbs,2026-03-12,7,2026-03-19,6,94,shortage
Sacramento Food Bank & Family Services,Sacramento,Canned tuna,canned,390,cans,2026-03-08,730,2028-03-07,725,65,surplus
Alameda County Community Food Bank,Oakland,Egg cartons,dairy,319,cartons,2026-03-07,21,2026-03-28,15,50,surplus
Yolo Food Bank,Woodland,Peanut butter,dry,129,jars,2026-02-22,365,2027-02-22,346,107,balanced
San Francisco-Marin Food Bank,San Francisco,Lettuce,produce,373,heads,2026-03-06,10,2026-03-16,3,84,surplus
Yolo Food Bank,Woodland,Ground turkey frozen,protein,207,packs,2026-02-21,180,2026-08-20,160,75,balanced
Sacramento Food Bank & Family Services,Sacramento,Canned green beans,canned,14,cans,2026-02-24,730,2028-02-24,713,57,shortage
Los Angeles Regional Food Bank,Los Angeles,Macaroni,dry,334,boxes,2026-03-08,730,2028-03-07,725,35,surplus
Central California Food Bank,Fresno,Milk gallons,dairy,234,gallons,2026-03-10,10,2026-03-20,7,49,surplus
Feeding San Diego,San Diego,Canned carrots,canned,306,cans,2026-02-22,730,2028-02-22,711,43,surplus
Yolo Food Bank,Woodland,Bell peppers,produce,132,lbs,2026-02-22,10,2026-03-04,-9,67,balanced
Food Bank of Contra Costa and Solano,Concord,Frozen vegetables mix,protein,214,bags,2026-02-19,365,2027-02-19,343,114,balanced
Feeding San Diego,San Diego,Frozen vegetables mix,protein,123,bags,2026-03-10,365,2027-03-10,362,83,balanced
Alameda County Community Food Bank,Oakland,Canned salmon,canned,79,cans,2026-02-24,730,2028-02-24,713,116,shortage
Los Angeles Regional Food Bank,Los Angeles,Egg cartons,dairy,160,cartons,2026-02-24,21,2026-03-17,4,61,balanced
Second Harvest Food Bank of Orange County,Irvine,Canned tomatoes,canned,393,cans,2026-02-23,730,2028-02-23,712,29,surplus
Second Harvest Food Bank of Orange County,Irvine,Almond butter,dry,280,jars,2026-03-12,365,2027-03-12,364,70,surplus
Second Harvest of Silicon Valley,San Jose,Almond butter,dry,56,jars,2026-02-25,365,2027-02-25,349,76,shortage
Food Bank of Contra Costa and Solano,Concord,Broccoli,produce,148,lbs,2026-02-19,7,2026-02-26,-15,102,balanced
Central California Food Bank,Fresno,Canned beans,canned,95,cans,2026-03-01,730,2028-02-29,718,59,balanced
Food Bank of Contra Costa and Solano,Concord,Onions,produce,380,lbs,2026-03-09,30,2026-04-08,26,115,surplus
Yolo Food Bank,Woodland,Lentils,dry,10,bags,2026-02-19,730,2028-02-19,708,21,shortage
Los Angeles Regional Food Bank,Los Angeles,Milk gallons,dairy,176,gallons,2026-02-20,10,2026-03-02,-11,52,surplus
Yolo Food Bank,Woodland,Canned green beans,canned,272,cans,2026-02-28,730,2028-02-28,717,75,surplus
Los Angeles Regional Food Bank,Los Angeles,Canned tomatoes,canned,294,cans,2026-03-02,730,2028-03-01,719,93,surplus
Central California Food Bank,Fresno,Canned soup,canned,361,cans,2026-02-21,540,2027-08-15,520,103,surplus
Central California Food Bank,Fresno,Bell peppers,produce,169,lbs,2026-02-19,10,2026-03-01,-12,26,surplus
San Francisco-Marin Food Bank,San Francisco,Apples,produce,189,lbs,2026-03-08,21,2026-03-29,16,95,balanced
Yolo Food Bank,Woodland,Canned carrots,canned,183,cans,2026-03-07,730,2028-03-06,724,48,surplus
Feeding San Diego,San Diego,Flour,dry,203,bags,2026-03-04,365,2027-03-04,356,87,balanced
Yolo Food Bank,Woodland,Canned black beans,canned,48,cans,2026-03-03,730,2028-03-02,720,79,shortage
Sacramento Food Bank & Family Services,Sacramento,Canned soup,canned,378,cans,2026-02-17,540,2027-08-11,516,34,surplus
Yolo Food Bank,Woodland,Sugar,dry,60,bags,2026-02-27,730,2028-02-27,716,93,shortage
Los Angeles Regional Food Bank,Los Angeles,Canned carrots,canned,61,cans,2026-03-02,730,2028-03-01,719,75,shortage
Sacramento Food Bank & Family Services,Sacramento,Milk gallons,dairy,141,gallons,2026-02-27,10,2026-03-09,-4,68,balanced
Second Harvest of Silicon Valley,San Jose,Tomatoes,produce,112,lbs,2026-03-03,10,2026-03-13,0,95,balanced
Yolo Food Bank,Woodland,Chicken breast frozen,protein,51,packs,2026-03-02,180,2026-08-29,169,117,shortage
Alameda County Community Food Bank,Oakland,Lettuce,produce,89,heads,2026-03-13,10,2026-03-23,10,36,balanced
Los Angeles Regional Food Bank,Los Angeles,Brown rice,dry,35,bags,2026-02-23,365,2027-02-23,347,85,shortage
Second Harvest of Silicon Valley,San Jose,Canned corn,canned,167,cans,2026-02-25,730,2028-02-25,714,97,balanced
Second Harvest Food Bank of Orange County,Irvine,Spaghetti,dry,369,boxes,2026-02-23,730,2028-02-23,712,96,surplus
Yolo Food Bank,Woodland,Canned corn,canned,300,cans,2026-02-24,730,2028-02-24,713,27,surplus
Food Bank of Contra Costa and Solano,Concord,Potatoes,produce,248,lbs,2026-03-13,30,2026-04-12,30,107,balanced
Los Angeles Regional Food Bank,Los Angeles,Canned corn,canned,144,cans,2026-02-21,730,2028-02-21,710,67,balanced
Food Bank of Contra Costa and Solano,Concord,Almond butter,dry,165,jars,2026-03-07,365,2027-03-07,359,28,surplus
Los Angeles Regional Food Bank,Los Angeles,Rice 5lb bag,dry,251,bags,2026-02-19,730,2028-02-19,708,38,surplus
San Francisco-Marin Food Bank,San Francisco,Flour,dry,236,bags,2026-02-17,365,2027-02-17,341,46,surplus
Sacramento Food Bank & Family Services,Sacramento,Egg cartons,dairy,287,cartons,2026-02-22,21,2026-03-15,2,93,surplus
Los Angeles Regional Food Bank,Los Angeles,Butter,dairy,322,packs,2026-03-04,60,2026-05-03,51,20,surplus
Second Harvest of Silicon Valley,San Jose,Lentils,dry,261,bags,2026-03-11,730,2028-03-10,728,37,surplus
Yolo Food Bank,Woodland,Avocados,produce,20,units,2026-03-03,7,2026-03-10,-3,28,shortage
Sacramento Food Bank & Family Services,Sacramento,Canned soup,canned,121,cans,2026-03-13,540,2027-09-04,540,63,balanced
San Francisco-Marin Food Bank,San Francisco,Bananas,produce,11,lbs,2026-03-12,7,2026-03-19,6,108,shortage
Alameda County Community Food Bank,Oakland,Spaghetti,dry,112,boxes,2026-03-02,730,2028-03-01,719,59,balanced
Sacramento Food Bank & Family Services,Sacramento,Chicken breast frozen,protein,43,packs,2026-03-05,180,2026-09-01,172,99,shortage
Second Harvest of Silicon Valley,San Jose,Ground turkey frozen,protein,190,packs,2026-02-18,180,2026-08-17,157,43,surplus
Second Harvest of Silicon Valley,San Jose,Avocados,produce,236,units,2026-02-24,7,2026-03-03,-10,33,surplus
Alameda County Community Food Bank,Oakland,Chicken breast frozen,protein,287,packs,2026-02-20,180,2026-08-19,159,31,surplus
Second Harvest of Silicon Valley,San Jose,Canned peas,canned,361,cans,2026-02-24,730,2028-02-24,713,28,surplus
Second Harvest of Silicon Valley,San Jose,Spinach,produce,168,bags,2026-03-11,7,2026-03-18,5,43,surplus
Second Harvest Food Bank of Orange County,Irvine,Bell peppers,produce,280,lbs,2026-03-01,10,2026-03-11,-2,43,surplus
Second Harvest of Silicon Valley,San Jose,Brown rice,dry,161,bags,2026-02-26,365,2027-02-26,350,71,balanced
Second Harvest of Silicon Valley,San Jose,Bell peppers,produce,279,lbs,2026-03-05,10,2026-03-15,2,25,surplus
Alameda County Community Food Bank,Oakland,Macaroni,dry,385,boxes,2026-02-27,730,2028-02-27,716,119,surplus
Alameda County Community Food Bank,Oakland,Canned peas,canned,397,cans,2026-02-26,730,2028-02-26,715,90,surplus
San Francisco-Marin Food Bank,San Francisco,Canned corn,canned,320,cans,2026-02-18,730,2028-02-18,707,50,surplus
Second Harvest of Silicon Valley,San Jose,Brown rice,dry,309,bags,2026-02-25,365,2027-02-25,349,77,surplus
Feeding San Diego,San Diego,Frozen vegetables mix,protein,130,bags,2026-03-07,365,2027-03-07,359,118,balanced
Alameda County Community Food Bank,Oakland,Canned soup,canned,374,cans,2026-02-25,540,2027-08-19,524,90,surplus
Alameda County Community Food Bank,Oakland,Almond butter,dry,210,jars,2026-03-12,365,2027-03-12,364,50,surplus
Food Bank of Contra Costa and Solano,Concord,Macaroni,dry,172,boxes,2026-03-10,730,2028-03-09,727,27,surplus
Yolo Food Bank,Woodland,Carrots fresh,produce,276,lbs,2026-03-07,21,2026-03-28,15,86,surplus
Los Angeles Regional Food Bank,Los Angeles,Lentils,dry,394,bags,2026-02-27,730,2028-02-27,716,55,surplus
Food Bank of Contra Costa and Solano,Concord,Bell peppers,produce,128,lbs,2026-03-12,10,2026-03-22,9,112,balanced
Alameda County Community Food Bank,Oakland,Almond butter,dry,19,jars,2026-03-02,365,2027-03-02,354,81,shortage
Sacramento Food Bank & Family Services,Sacramento,Frozen vegetables mix,protein,264,bags,2026-02-26,365,2027-02-26,350,33,surplus
Los Angeles Regional Food Bank,Los Angeles,Chicken breast frozen,protein,55,packs,2026-02-18,180,2026-08-17,157,57,shortage
Central California Food Bank,Fresno,Canned peas,canned,297,cans,2026-03-05,730,2028-03-04,722,113,balanced
Central California Food Bank,Fresno,Canned carrots,canned,150,cans,2026-02-20,730,2028-02-20,709,79,balanced
Alameda County Community Food Bank,Oakland,Canned tomatoes,canned,193,cans,2026-03-10,730,2028-03-09,727,71,balanced
Alameda County Community Food Bank,Oakland,Canned green beans,canned,342,cans,2026-02-25,730,2028-02-25,714,109,surplus
Alameda County Community Food Bank,Oakland,Sugar,dry,338,bags,2026-03-12,730,2028-03-11,729,68,surplus
Sacramento Food Bank & Family Services,Sacramento,Pasta,dry,284,boxes,2026-03-07,730,2028-03-06,724,75,surplus
Yolo Food Bank,Woodland,Flour,dry,299,bags,2026-03-01,365,2027-03-01,353,53,surplus
Sacramento Food Bank & Family Services,Sacramento,Oranges,produce,249,lbs,2026-03-09,14,2026-03-23,10,97,balanced
Second Harvest of Silicon Valley,San Jose,Spaghetti,dry,141,boxes,2026-02-23,730,2028-02-23,712,27,surplus
Feeding San Diego,San Diego,Cheese blocks,dairy,263,blocks,2026-02-16,30,2026-03-18,5,109,balanced
Sacramento Food Bank & Family Services,Sacramento,Almond butter,dry,254,jars,2026-03-09,365,2027-03-09,361,111,balanced
Yolo Food Bank,Woodland,Milk gallons,dairy,158,gallons,2026-02-24,10,2026-03-06,-7,97,balanced
Second Harvest Food Bank of Orange County,Irvine,Flour,dry,319,bags,2026-02-25,365,2027-02-25,349,37,surplus
Second Harvest Food Bank of Orange County,Irvine,Canned corn,canned,354,cans,2026-02-28,730,2028-02-28,717,33,surplus
Los Angeles Regional Food Bank,Los Angeles,Canned chickpeas,canned,361,cans,2026-02-22,730,2028-02-22,711,111,surplus
Yolo Food Bank,Woodland,Butter,dairy,256,packs,2026-02-21,60,2026-04-22,40,53,surplus
Alameda County Community Food Bank,Oakland,Frozen vegetables mix,protein,235,bags,2026-02-26,365,2027-02-26,350,59,surplus
San Francisco-Marin Food Bank,San Francisco,Lentils,dry,140,bags,2026-03-07,730,2028-03-06,724,44,surplus
Central California Food Bank,Fresno,Butter,dairy,292,packs,2026-02-19,60,2026-04-20,38,76,surplus
Los Angeles Regional Food Bank,Los Angeles,Canned beans,canned,197,cans,2026-02-16,730,2028-02-16,705,100,balanced
Alameda County Community Food Bank,Oakland,Canned green beans,canned,390,cans,2026-02-24,730,2028-02-24,713,42,surplus
Yolo Food Bank,Woodland,Carrots fresh,produce,400,lbs,2026-03-11,21,2026-04-01,19,65,surplus
Second Harvest of Silicon Valley,San Jose,Spinach,produce,181,bags,2026-03-04,7,2026-03-11,-2,115,balanced
Central California Food Bank,Fresno,Oranges,produce,162,lbs,2026-02-22,14,2026-03-08,-5,26,surplus
Sacramento Food Bank & Family Services,Sacramento,Flour,dry,67,bags,2026-03-02,365,2027-03-02,354,88,shortage
Alameda County Community Food Bank,Oakland,Carrots fresh,produce,375,lbs,2026-03-03,21,2026-03-24,11,35,surplus
Feeding San Diego,San Diego,Carrots fresh,produce,161,lbs,2026-03-10,21,2026-03-31,18,55,balanced
Yolo Food Bank,Woodland,Avocados,produce,164,units,2026-02-23,7,2026-03-02,-11,31,surplus
Central California Food Bank,Fresno,Spaghetti,dry,160,boxes,2026-03-02,730,2028-03-01,719,55,balanced
Second Harvest Food Bank of Orange County,Irvine,Canned green beans,canned,105,cans,2026-02-20,730,2028-02-20,709,41,balanced
Sacramento Food Bank & Family Services,Sacramento,Milk gallons,dairy,103,gallons,2026-02-27,10,2026-03-09,-4,58,balanced
Alameda County Community Food Bank,Oakland,Almond butter,dry,154,jars,2026-03-02,365,2027-03-02,354,37,surplus
Feeding San Diego,San Diego,Canned tomatoes,canned,52,cans,2026-02-16,730,2028-02-16,705,47,balanced
Yolo Food Bank,Woodland,Avocados,produce,279,units,2026-03-08,7,2026-03-15,2,81,surplus
Second Harvest Food Bank of Orange County,Irvine,Chicken breast frozen,protein,111,packs,2026-03-07,180,2026-09-03,174,50,balanced
Alameda County Community Food Bank,Oakland,Brown rice,dry,337,bags,2026-03-07,365,2027-03-07,359,85,surplus
Feeding San Diego,San Diego,Egg cartons,dairy,200,cartons,2026-02-23,21,2026-03-16,3,35,surplus
Alameda County Community Food Bank,Oakland,Lentils,dry,252,bags,2026-02-16,730,2028-02-16,705,116,balanced
Los Angeles Regional Food Bank,Los Angeles,Macaroni,dry,168,boxes,2026-02-28,730,2028-02-28,717,32,surplus
Food Bank of Contra Costa and Solano,Concord,Canned corn,canned,55,cans,2026-03-03,730,2028-03-02,720,53,balanced
Central California Food Bank,Fresno,Canned chickpeas,canned,191,cans,2026-03-13,730,2028-03-12,730,34,surplus
Yolo Food Bank,Woodland,Spaghetti,dry,157,boxes,2026-03-05,730,2028-03-04,722,110,balanced
Central California Food Bank,Fresno,Milk gallons,dairy,33,gallons,2026-03-07,10,2026-03-17,4,113,shortage
Feeding San Diego,San Diego,Egg cartons,dairy,389,cartons,2026-02-23,21,2026-03-16,3,109,surplus
Second Harvest Food Bank of Orange County,Irvine,Oranges,produce,109,lbs,2026-02-27,14,2026-03-13,0,112,shortage
Los Angeles Regional Food Bank,Los Angeles,Cereal,dry,59,boxes,2026-03-07,180,2026-09-03,174,77,shortage
Sacramento Food Bank & Family Services,Sacramento,Rice 5lb bag,dry,314,bags,2026-02-20,730,2028-02-20,709,85,surplus
Second Harvest of Silicon Valley,San Jose,Apples,produce,246,lbs,2026-02-21,21,2026-03-14,1,93,balanced
San Francisco-Marin Food Bank,San Francisco,Almond butter,dry,93,jars,2026-03-13,365,2027-03-13,365,51,balanced
San Francisco-Marin Food Bank,San Francisco,Canned corn,canned,202,cans,2026-03-06,730,2028-03-05,723,32,surplus
Second Harvest of Silicon Valley,San Jose,Ground turkey frozen,protein,345,packs,2026-03-05,180,2026-09-01,172,43,surplus
Los Angeles Regional Food Bank,Los Angeles,Lettuce,produce,113,heads,2026-02-17,10,2026-02-27,-14,84,balanced
Second Harvest of Silicon Valley,San Jose,Canned chickpeas,canned,224,cans,2026-03-09,730,2028-03-08,726,30,surplus
Feeding San Diego,San Diego,Broccoli,produce,258,lbs,2026-03-01,7,2026-03-08,-5,92,balanced
Sacramento Food Bank & Family Services,Sacramento,Spaghetti,dry,155,boxes,2026-03-05,730,2028-03-04,722,37,surplus
Alameda County Community Food Bank,Oakland,Canned salmon,canned,35,cans,2026-03-12,730,2028-03-11,729,74,shortage
Los Angeles Regional Food Bank,Los Angeles,Broccoli,produce,288,lbs,2026-03-03,7,2026-03-10,-3,24,surplus
San Francisco-Marin Food Bank,San Francisco,Tomatoes,produce,355,lbs,2026-02-24,10,2026-03-06,-7,54,surplus
Sacramento Food Bank & Family Services,Sacramento,Spaghetti,dry,325,boxes,2026-02-19,730,2028-02-19,708,111,balanced
Second Harvest Food Bank of Orange County,Irvine,Frozen berries,protein,185,bags,2026-03-04,365,2027-03-04,356,48,surplus
Central California Food Bank,Fresno,Brown rice,dry,326,bags,2026-02-17,365,2027-02-17,341,55,surplus
Feeding San Diego,San Diego,Onions,produce,17,lbs,2026-02-25,30,2026-03-27,14,45,shortage
Alameda County Community Food Bank,Oakland,Peanut butter,dry,38,jars,2026-03-07,365,2027-03-07,359,47,shortage
Los Angeles Regional Food Bank,Los Angeles,Pasta,dry,220,boxes,2026-03-10,730,2028-03-09,727,75,balanced
Central California Food Bank,Fresno,Oranges,produce,302,lbs,2026-03-06,14,2026-03-20,7,86,surplus
Feeding San Diego,San Diego,Potatoes,produce,328,lbs,2026-02-28,30,2026-03-30,17,43,surplus
Yolo Food Bank,Woodland,Oatmeal,dry,208,boxes,2026-03-08,365,2027-03-08,360,113,balanced
Alameda County Community Food Bank,Oakland,Avocados,produce,39,units,2026-02-19,7,2026-02-26,-15,103,shortage
Los Angeles Regional Food Bank,Los Angeles,Pasta,dry,383,boxes,2026-03-02,730,2028-03-01,719,84,surplus
Yolo Food Bank,Woodland,Bananas,produce,276,lbs,2026-03-08,7,2026-03-15,2,37,surplus
Second Harvest of Silicon Valley,San Jose,Oranges,produce,160,lbs,2026-02-21,14,2026-03-07,-6,77,balanced
Los Angeles Regional Food Bank,Los Angeles,Broccoli,produce,63,lbs,2026-03-05,7,2026-03-12,-1,33,balanced
Los Angeles Regional Food Bank,Los Angeles,Brown rice,dry,317,bags,2026-02-16,365,2027-02-16,340,117,balanced
San Francisco-Marin Food Bank,San Francisco,Canned green beans,canned,315,cans,2026-03-08,730,2028-03-07,725,28,surplus
Food Bank of Contra Costa and Solano,Concord,Oatmeal,dry,33,boxes,2026-02-28,365,2027-02-28,352,107,shortage
Central California Food Bank,Fresno,Canned carrots,canned,370,cans,2026-02-22,730,2028-02-22,711,27,surplus
Central California Food Bank,Fresno,Frozen berries,protein,250,bags,2026-03-13,365,2027-03-13,365,21,surplus
Second Harvest of Silicon Valley,San Jose,Peanut butter,dry,190,jars,2026-03-12,365,2027-03-12,364,38,surplus
Los Angeles Regional Food Bank,Los Angeles,Almond butter,dry,352,jars,2026-02-21,365,2027-02-21,345,44,surplus
Central California Food Bank,Fresno,Carrots fresh,produce,71,lbs,2026-03-11,21,2026-04-01,19,26,balanced
Yolo Food Bank,Woodland,Cheese blocks,dairy,123,blocks,2026-03-01,30,2026-03-31,18,40,surplus
Yolo Food Bank,Woodland,Canned tomatoes,canned,20,cans,2026-03-12,730,2028-03-11,729,22,shortage
Los Angeles Regional Food Bank,Los Angeles,Butter,dairy,146,packs,2026-03-12,60,2026-05-11,59,92,balanced
Los Angeles Regional Food Bank,Los Angeles,Chicken breast frozen,protein,234,packs,2026-02-25,180,2026-08-24,164,74,surplus
Central California Food Bank,Fresno,Canned black beans,canned,199,cans,2026-03-12,730,2028-03-11,729,69,balanced
Second Harvest Food Bank of Orange County,Irvine,Broccoli,produce,108,lbs,2026-02-16,7,2026-02-23,-18,68,balanced
Food Bank of Contra Costa and Solano,Concord,Sugar,dry,258,bags,2026-03-11,730,2028-03-10,728,91,balanced
Sacramento Food Bank & Family Services,Sacramento,Peanut butter,dry,306,jars,2026-03-02,365,2027-03-02,354,84,surplus
Yolo Food Bank,Woodland,Canned tomatoes,canned,79,cans,2026-03-01,730,2028-02-29,718,40,balanced
Los Angeles Regional Food Bank,Los Angeles,Canned black beans,canned,87,cans,2026-03-10,730,2028-03-09,727,88,shortage
Sacramento Food Bank & Family Services,Sacramento,Spinach,produce,182,bags,2026-02-28,7,2026-03-07,-6,24,surplus
Second Harvest of Silicon Valley,San Jose,Cheese blocks,dairy,364,blocks,2026-03-10,30,2026-04-09,27,23,surplus
Los Angeles Regional Food Bank,Los Angeles,Canned beans,canned,197,cans,2026-03-09,730,2028-03-08,726,33,surplus
Food Bank of Contra Costa and Solano,Concord,Spinach,produce,227,bags,2026-02-23,7,2026-03-02,-11,113,balanced
Sacramento Food Bank & Family Services,Sacramento,Ground turkey frozen,protein,311,packs,2026-02-16,180,2026-08-15,155,60,surplus
Alameda County Community Food Bank,Oakland,Canned beans,canned,197,cans,2026-02-28,730,2028-02-28,717,111,balanced
Central California Food Bank,Fresno,Lettuce,produce,137,heads,2026-03-07,10,2026-03-17,4,50,balanced
Food Bank of Contra Costa and Solano,Concord,Brown rice,dry,239,bags,2026-02-20,365,2027-02-20,344,21,surplus
Sacramento Food Bank & Family Services,Sacramento,Milk gallons,dairy,277,gallons,2026-02-28,10,2026-03-10,-3,60,surplus
Second Harvest Food Bank of Orange County,Irvine,Canned chickpeas,canned,340,cans,2026-03-05,730,2028-03-04,722,61,surplus
Los Angeles Regional Food Bank,Los Angeles,Frozen vegetables mix,protein,332,bags,2026-02-28,365,2027-02-28,352,113,balanced
Second Harvest Food Bank of Orange County,Irvine,Oatmeal,dry,25,boxes,2026-03-11,365,2027-03-11,363,120,shortage
Yolo Food Bank,Woodland,Oranges,produce,262,lbs,2026-03-08,14,2026-03-22,9,37,surplus
Los Angeles Regional Food Bank,Los Angeles,Rice 5lb bag,dry,239,bags,2026-02-22,730,2028-02-22,711,98,balanced
San Francisco-Marin Food Bank,San Francisco,Cereal,dry,278,boxes,2026-02-20,180,2026-08-19,159,55,surplus
Alameda County Community Food Bank,Oakland,Egg cartons,dairy,66,cartons,2026-02-20,21,2026-03-13,0,71,shortage
Second Harvest Food Bank of Orange County,Irvine,Milk gallons,dairy,111,gallons,2026-03-06,10,2026-03-16,3,46,balanced
Yolo Food Bank,Woodland,Butter,dairy,212,packs,2026-02-18,60,2026-04-19,37,81,balanced
Alameda County Community Food Bank,Oakland,Macaroni,dry,227,boxes,2026-03-03,730,2028-03-02,720,100,balanced
Sacramento Food Bank & Family Services,Sacramento,Lentils,dry,370,bags,2026-03-01,730,2028-02-29,718,120,surplus
Sacramento Food Bank & Family Services,Sacramento,Rice 5lb bag,dry,167,bags,2026-02-21,730,2028-02-21,710,21,surplus
Yolo Food Bank,Woodland,Cheese blocks,dairy,111,blocks,2026-03-13,30,2026-04-12,30,108,balanced
Second Harvest of Silicon Valley,San Jose,Canned tuna,canned,277,cans,2026-03-08,730,2028-03-07,725,106,balanced
Yolo Food Bank,Woodland,Macaroni,dry,314,boxes,2026-03-01,730,2028-02-29,718,69,surplus
Yolo Food Bank,Woodland,Canned tomatoes,canned,15,cans,2026-03-10,730,2028-03-09,727,43,shortage
Yolo Food Bank,Woodland,Canned carrots,canned,159,cans,2026-02-18,730,2028-02-18,707,49,surplus
Yolo Food Bank,Woodland,Lentils,dry,333,bags,2026-03-10,730,2028-03-09,727,39,surplus
San Francisco-Marin Food Bank,San Francisco,Chicken breast frozen,protein,221,packs,2026-02-20,180,2026-08-19,159,66,surplus
Alameda County Community Food Bank,Oakland,Macaroni,dry,365,boxes,2026-03-04,730,2028-03-03,721,115,surplus
Yolo Food Bank,Woodland,Almond butter,dry,18,jars,2026-02-22,365,2027-02-22,346,88,shortage
Second Harvest of Silicon Valley,San Jose,Cheese blocks,dairy,117,blocks,2026-02-17,30,2026-03-19,6,54,balanced
Los Angeles Regional Food Bank,Los Angeles,Canned beans,canned,165,cans,2026-02-16,730,2028-02-16,705,112,balanced
Feeding San Diego,San Diego,Ground turkey frozen,protein,188,packs,2026-03-03,180,2026-08-30,170,24,surplus
Second Harvest of Silicon Valley,San Jose,Oatmeal,dry,39,boxes,2026-02-25,365,2027-02-25,349,52,shortage
Central California Food Bank,Fresno,Oranges,produce,151,lbs,2026-03-08,14,2026-03-22,9,117,balanced
Yolo Food Bank,Woodland,Bananas,produce,138,lbs,2026-02-28,7,2026-03-07,-6,56,balanced
Second Harvest of Silicon Valley,San Jose,Frozen berries,protein,382,bags,2026-03-12,365,2027-03-12,364,61,surplus
Second Harvest Food Bank of Orange County,Irvine,Rice 5lb bag,dry,192,bags,2026-02-28,730,2028-02-28,717,100,balanced
Second Harvest Food Bank of Orange County,Irvine,Milk gallons,dairy,372,gallons,2026-03-11,10,2026-03-21,8,60,surplus
Food Bank of Contra Costa and Solano,Concord,Flour,dry,124,bags,2026-02-27,365,2027-02-27,351,73,balanced
Food Bank of Contra Costa and Solano,Concord,Canned tuna,canned,164,cans,2026-02-21,730,2028-02-21,710,115,balanced
Central California Food Bank,Fresno,Canned peas,canned,190,cans,2026-03-13,730,2028-03-12,730,109,balanced
Alameda County Community Food Bank,Oakland,Almond butter,dry,71,jars,2026-03-04,365,2027-03-04,356,103,shortage
Yolo Food Bank,Woodland,Onions,produce,231,lbs,2026-02-20,30,2026-03-22,9,20,surplus
Feeding San Diego,San Diego,Ground turkey frozen,protein,104,packs,2026-02-19,180,2026-08-18,158,37,balanced
San Francisco-Marin Food Bank,San Francisco,Peanut butter,dry,143,jars,2026-02-18,365,2027-02-18,342,112,balanced
Feeding San Diego,San Diego,Tomatoes,produce,179,lbs,2026-03-08,10,2026-03-18,5,99,balanced
Sacramento Food Bank & Family Services,Sacramento,Oatmeal,dry,327,boxes,2026-02-20,365,2027-02-20,344,36,surplus
Central California Food Bank,Fresno,Broccoli,produce,219,lbs,2026-03-08,7,2026-03-15,2,33,surplus
Los Angeles Regional Food Bank,Los Angeles,Flour,dry,64,bags,2026-03-08,365,2027-03-08,360,78,shortage
Sacramento Food Bank & Family Services,Sacramento,Peanut butter,dry,144,jars,2026-03-09,365,2027-03-09,361,86,balanced
Central California Food Bank,Fresno,Frozen berries,protein,248,bags,2026-03-05,365,2027-03-05,357,89,balanced
Feeding San Diego,San Diego,Tomatoes,produce,191,lbs,2026-02-24,10,2026-03-06,-7,45,surplus
Los Angeles Regional Food Bank,Los Angeles,Canned chickpeas,canned,189,cans,2026-02-25,730,2028-02-25,714,100,balanced
Sacramento Food Bank & Family Services,Sacramento,Milk gallons,dairy,151,gallons,2026-03-03,10,2026-03-13,0,98,balanced
Central California Food Bank,Fresno,Canned soup,canned,132,cans,2026-03-01,540,2027-08-23,528,75,balanced
San Francisco-Marin Food Bank,San Francisco,Cereal,dry,105,boxes,2026-02-22,180,2026-08-21,161,75,balanced
Second Harvest of Silicon Valley,San Jose,Spinach,produce,298,bags,2026-03-10,7,2026-03-17,4,106,balanced
Alameda County Community Food Bank,Oakland,Cereal,dry,220,boxes,2026-03-04,180,2026-08-31,171,84,balanced
Alameda County Community Food Bank,Oakland,Canned green beans,canned,12,cans,2026-02-20,730,2028-02-20,709,23,shortage
San Francisco-Marin Food Bank,San Francisco,Egg cartons,dairy,328,cartons,2026-02-16,21,2026-03-09,-4,51,surplus
Food Bank of Contra Costa and Solano,Concord,Yogurt cups,dairy,61,cups,2026-03-12,21,2026-04-02,20,120,shortage
Central California Food Bank,Fresno,Cereal,dry,179,boxes,2026-03-01,180,2026-08-28,168,23,surplus
Sacramento Food Bank & Family Services,Sacramento,Canned beans,canned,112,cans,2026-02-18,730,2028-02-18,707,34,surplus
Food Bank of Contra Costa and Solano,Concord,Cheese blocks,dairy,16,blocks,2026-02-25,30,2026-03-27,14,49,shortage
Second Harvest of Silicon Valley,San Jose,Lentils,dry,335,bags,2026-03-06,730,2028-03-05,723,27,surplus
Feeding San Diego,San Diego,Lettuce,produce,110,heads,2026-03-08,10,2026-03-18,5,54,balanced
Yolo Food Bank,Woodland,Yogurt cups,dairy,234,cups,2026-02-27,21,2026-03-20,7,112,balanced
Second Harvest of Silicon Valley,San Jose,Brown rice,dry,81,bags,2026-03-06,365,2027-03-06,358,60,balanced
Los Angeles Regional Food Bank,Los Angeles,Peanut butter,dry,167,jars,2026-02-21,365,2027-02-21,345,99,balanced
Feeding San Diego,San Diego,Tomatoes,produce,193,lbs,2026-02-23,10,2026-03-05,-8,86,balanced
Central California Food Bank,Fresno,Peanut butter,dry,235,jars,2026-03-10,365,2027-03-10,362,76,surplus
Central California Food Bank,Fresno,Onions,produce,224,lbs,2026-02-26,30,2026-03-28,15,84,balanced
Yolo Food Bank,Woodland,Canned corn,canned,316,cans,2026-02-25,730,2028-02-25,714,41,surplus
Yolo Food Bank,Woodland,Chicken breast frozen,protein,332,packs,2026-02-20,180,2026-08-19,159,52,surplus
Los Angeles Regional Food Bank,Los Angeles,Ground turkey frozen,protein,141,packs,2026-02-17,180,2026-08-16,156,53,balanced
Food Bank of Contra Costa and Solano,Concord,Spinach,produce,85,bags,2026-02-22,7,2026-03-01,-12,65,balanced
Central California Food Bank,Fresno,Spaghetti,dry,310,boxes,2026-02-20,730,2028-02-20,709,48,surplus
Feeding San Diego,San Diego,Oatmeal,dry,381,boxes,2026-02-25,365,2027-02-25,349,120,surplus
Alameda County Community Food Bank,Oakland,Sugar,dry,74,bags,2026-03-12,730,2028-03-11,729,84,shortage
Second Harvest Food Bank of Orange County,Irvine,Canned soup,canned,396,cans,2026-03-12,540,2027-09-03,539,60,surplus
Sacramento Food Bank & Family Services,Sacramento,Spaghetti,dry,134,boxes,2026-03-11,730,2028-03-10,728,66,balanced
Second Harvest Food Bank of Orange County,Irvine,Canned green beans,canned,120,cans,2026-02-25,730,2028-02-25,714,55,balanced
Food Bank of Contra Costa and Solano,Concord,Canned beans,canned,166,cans,2026-03-11,730,2028-03-10,728,72,balanced
Yolo Food Bank,Woodland,Spaghetti,dry,195,boxes,2026-02-25,730,2028-02-25,714,66,balanced
Second Harvest Food Bank of Orange County,Irvine,Brown rice,dry,64,bags,2026-03-09,365,2027-03-09,361,118,shortage
Second Harvest Food Bank of Orange County,Irvine,Ground turkey frozen,protein,180,packs,2026-03-03,180,2026-08-30,170,77,balanced
Alameda County Community Food Bank,Oakland,Cheese blocks,dairy,213,blocks,2026-02-27,30,2026-03-29,16,103,balanced
Sacramento Food Bank & Family Services,Sacramento,Rice 5lb bag,dry,107,bags,2026-03-11,730,2028-03-10,728,39,balanced
Feeding San Diego,San Diego,Canned salmon,canned,38,cans,2026-02-24,730,2028-02-24,713,66,shortage
San Francisco-Marin Food Bank,San Francisco,Lettuce,produce,350,heads,2026-02-18,10,2026-02-28,-13,82,surplus
Feeding San Diego,San Diego,Yogurt cups,dairy,337,cups,2026-03-12,21,2026-04-02,20,89,surplus
San Francisco-Marin Food Bank,San Francisco,Ground turkey frozen,protein,311,packs,2026-02-21,180,2026-08-20,160,118,balanced
Alameda County Community Food Bank,Oakland,Frozen berries,protein,128,bags,2026-02-25,365,2027-02-25,349,23,surplus
Central California Food Bank,Fresno,Bananas,produce,171,lbs,2026-03-05,7,2026-03-12,-1,20,surplus
Los Angeles Regional Food Bank,Los Angeles,Lettuce,produce,29,heads,2026-02-17,10,2026-02-27,-14,59,shortage
San Francisco-Marin Food Bank,San Francisco,Ground turkey frozen,protein,255,packs,2026-03-08,180,2026-09-04,175,98,balanced
Feeding San Diego,San Diego,Frozen berries,protein,191,bags,2026-02-19,365,2027-02-19,343,20,surplus
Alameda County Community Food Bank,Oakland,Canned black beans,canned,336,cans,2026-03-09,730,2028-03-08,726,106,surplus
Second Harvest Food Bank of Orange County,Irvine,Macaroni,dry,47,boxes,2026-02-16,730,2028-02-16,705,67,shortage
Yolo Food Bank,Woodland,Almond butter,dry,117,jars,2026-02-28,365,2027-02-28,352,45,balanced
Feeding San Diego,San Diego,Apples,produce,255,lbs,2026-03-12,21,2026-04-02,20,21,surplus
Los Angeles Regional Food Bank,Los Angeles,Almond butter,dry,111,jars,2026-03-09,365,2027-03-09,361,103,balanced
Los Angeles Regional Food Bank,Los Angeles,Canned corn,canned,185,cans,2026-03-03,730,2028-03-02,720,43,surplus
Yolo Food Bank,Woodland,Chicken breast frozen,protein,54,packs,2026-03-12,180,2026-09-08,179,93,shortage
Feeding San Diego,San Diego,Peanut butter,dry,368,jars,2026-02-19,365,2027-02-19,343,49,surplus
Yolo Food Bank,Woodland,Tomatoes,produce,165,lbs,2026-03-06,10,2026-03-16,3,115,balanced
Feeding San Diego,San Diego,Macaroni,dry,167,boxes,2026-02-16,730,2028-02-16,705,118,balanced
Feeding San Diego,San Diego,Canned corn,canned,247,cans,2026-03-13,730,2028-03-12,730,30,surplus
Food Bank of Contra Costa and Solano,Concord,Canned green beans,canned,178,cans,2026-03-08,730,2028-03-07,725,90,balanced
Central California Food Bank,Fresno,Onions,produce,182,lbs,2026-02-22,30,2026-03-24,11,51,surplus
Second Harvest Food Bank of Orange County,Irvine,Spinach,produce,277,bags,2026-03-02,7,2026-03-09,-4,52,surplus
Feeding San Diego,San Diego,Apples,produce,36,lbs,2026-03-07,21,2026-03-28,15,44,shortage
Sacramento Food Bank & Family Services,Sacramento,Canned carrots,canned,84,cans,2026-02-16,730,2028-02-16,705,101,shortage
Central California Food Bank,Fresno,Frozen berries,protein,13,bags,2026-03-08,365,2027-03-08,360,37,shortage
Yolo Food Bank,Woodland,Almond butter,dry,309,jars,2026-03-10,365,2027-03-10,362,24,surplus
Los Angeles Regional Food Bank,Los Angeles,Apples,produce,307,lbs,2026-02-20,21,2026-03-13,0,95,surplus
Yolo Food Bank,Woodland,Broccoli,produce,393,lbs,2026-03-11,7,2026-03-18,5,101,surplus
Food Bank of Contra Costa and Solano,Concord,Canned salmon,canned,278,cans,2026-02-26,730,2028-02-26,715,27,surplus
Feeding San Diego,San Diego,Broccoli,produce,38,lbs,2026-02-23,7,2026-03-02,-11,38,balanced
Second Harvest of Silicon Valley,San Jose,Potatoes,produce,396,lbs,2026-02-17,30,2026-03-19,6,20,surplus
Sacramento Food Bank & Family Services,Sacramento,Chicken breast frozen,protein,103,packs,2026-03-07,180,2026-09-03,174,74,balanced
Second Harvest of Silicon Valley,San Jose,Canned carrots,canned,101,cans,2026-02-25,730,2028-02-25,714,58,balanced
Second Harvest Food Bank of Orange County,Irvine,Canned chickpeas,canned,146,cans,2026-02-26,730,2028-02-26,715,86,balanced
Food Bank of Contra Costa and Solano,Concord,Frozen berries,protein,304,bags,2026-03-13,365,2027-03-13,365,112,balanced
Second Harvest of Silicon Valley,San Jose,Canned chickpeas,canned,55,cans,2026-02-20,730,2028-02-20,709,99,shortage
Second Harvest Food Bank of Orange County,Irvine,Canned green beans,canned,77,cans,2026-02-23,730,2028-02-23,712,68,balanced
Yolo Food Bank,Woodland,Carrots fresh,produce,75,lbs,2026-03-06,21,2026-03-27,14,21,surplus
Yolo Food Bank,Woodland,Canned beans,canned,82,cans,2026-02-19,730,2028-02-19,708,64,balanced
Alameda County Community Food Bank,Oakland,Canned salmon,canned,285,cans,2026-02-25,730,2028-02-25,714,90,surplus
Second Harvest Food Bank of Orange County,Irvine,Avocados,produce,269,units,2026-03-11,7,2026-03-18,5,99,balanced
Second Harvest Food Bank of Orange County,Irvine,Avocados,produce,309,units,2026-02-16,7,2026-02-23,-18,28,surplus
Central California Food Bank,Fresno,Ground turkey frozen,protein,325,packs,2026-02-19,180,2026-08-18,158,39,surplus
Central California Food Bank,Fresno,Canned chickpeas,canned,391,cans,2026-02-23,730,2028-02-23,712,26,surplus
San Francisco-Marin Food Bank,San Francisco,Frozen berries,protein,58,bags,2026-03-04,365,2027-03-04,356,116,shortage
Second Harvest Food Bank of Orange County,Irvine,Canned carrots,canned,293,cans,2026-03-02,730,2028-03-01,719,29,surplus
Second Harvest of Silicon Valley,San Jose,Canned chickpeas,canned,322,cans,2026-03-07,730,2028-03-06,724,101,surplus
Los Angeles Regional Food Bank,Los Angeles,Canned green beans,canned,54,cans,2026-02-20,730,2028-02-20,709,98,shortage
Second Harvest of Silicon Valley,San Jose,Avocados,produce,97,units,2026-02-17,7,2026-02-24,-17,23,surplus
Feeding San Diego,San Diego,Canned tomatoes,canned,28,cans,2026-03-12,730,2028-03-11,729,96,shortage
Yolo Food Bank,Woodland,Canned green beans,canned,132,cans,2026-02-25,730,2028-02-25,714,105,balanced
Food Bank of Contra Costa and Solano,Concord,Milk gallons,dairy,239,gallons,2026-02-22,10,2026-03-04,-9,80,balanced
Feeding San Diego,San Diego,Frozen berries,protein,21,bags,2026-03-07,365,2027-03-07,359,102,shortage
Food Bank of Contra Costa and Solano,Concord,Cheese blocks,dairy,62,blocks,2026-03-07,30,2026-04-06,24,54,balanced
Feeding San Diego,San Diego,Almond butter,dry,42,jars,2026-03-12,365,2027-03-12,364,61,shortage
Feeding San Diego,San Diego,Frozen vegetables mix,protein,109,bags,2026-03-04,365,2027-03-04,356,92,balanced
Alameda County Community Food Bank,Oakland,Canned salmon,canned,153,cans,2026-03-03,730,2028-03-02,720,93,balanced
Food Bank of Contra Costa and Solano,Concord,Canned carrots,canned,260,cans,2026-02-28,730,2028-02-28,717,61,surplus
Feeding San Diego,San Diego,Canned peas,canned,108,cans,2026-03-06,730,2028-03-05,723,101,balanced
Alameda County Community Food Bank,Oakland,Canned beans,canned,337,cans,2026-02-18,730,2028-02-18,707,67,surplus
Food Bank of Contra Costa and Solano,Concord,Tomatoes,produce,14,lbs,2026-02-17,10,2026-02-27,-14,71,shortage
San Francisco-Marin Food Bank,San Francisco,Bell peppers,produce,75,lbs,2026-03-03,10,2026-03-13,0,84,shortage
Feeding San Diego,San Diego,Canned carrots,canned,48,cans,2026-03-07,730,2028-03-06,724,66,shortage
Central California Food Bank,Fresno,Frozen vegetables mix,protein,220,bags,2026-02-18,365,2027-02-18,342,34,surplus
Second Harvest Food Bank of Orange County,Irvine,Butter,dairy,350,packs,2026-03-01,60,2026-04-30,48,115,surplus
Yolo Food Bank,Woodland,Avocados,produce,262,units,2026-02-25,7,2026-03-04,-9,114,balanced
Central California Food Bank,Fresno,Canned soup,canned,239,cans,2026-02-16,540,2027-08-10,515,92,balanced
Central California Food Bank,Fresno,Spinach,produce,252,bags,2026-03-11,7,2026-03-18,5,92,balanced
Yolo Food Bank,Woodland,Broccoli,produce,269,lbs,2026-03-12,7,2026-03-19,6,120,balanced
Central California Food Bank,Fresno,Canned carrots,canned,98,cans,2026-02-25,730,2028-02-25,714,80,balanced
Second Harvest Food Bank of Orange County,Irvine,Canned tomatoes,canned,280,cans,2026-03-07,730,2028-03-06,724,32,surplus
Food Bank of Contra Costa and Solano,Concord,Cheese blocks,dairy,272,blocks,2026-03-13,30,2026-04-12,30,25,surplus
Second Harvest of Silicon Valley,San Jose,Canned green beans,canned,118,cans,2026-02-25,730,2028-02-25,714,24,surplus
Los Angeles Regional Food Bank,Los Angeles,Apples,produce,356,lbs,2026-03-03,21,2026-03-24,11,101,surplus
Central California Food Bank,Fresno,Peanut butter,dry,295,jars,2026-03-10,365,2027-03-10,362,26,surplus
Food Bank of Contra Costa and Solano,Concord,Almond butter,dry,164,jars,2026-02-23,365,2027-02-23,347,59,balanced
Central California Food Bank,Fresno,Pasta,dry,79,boxes,2026-02-26,730,2028-02-26,715,29,balanced
Yolo Food Bank,Woodland,Sugar,dry,79,bags,2026-03-09,730,2028-03-08,726,91,shortage
Central California Food Bank,Fresno,Almond butter,dry,195,jars,2026-03-09,365,2027-03-09,361,51,surplus
Second Harvest of Silicon Valley,San Jose,Egg cartons,dairy,283,cartons,2026-03-09,21,2026-03-30,17,74,surplus
Sacramento Food Bank & Family Services,Sacramento,Canned peas,canned,187,cans,2026-03-08,730,2028-03-07,725,96,balanced
San Francisco-Marin Food Bank,San Francisco,Canned tomatoes,canned,101,cans,2026-03-02,730,2028-03-01,719,90,balanced
Los Angeles Regional Food Bank,Los Angeles,Canned soup,canned,249,cans,2026-03-06,540,2027-08-28,533,81,surplus
Central California Food Bank,Fresno,Avocados,produce,78,units,2026-03-01,7,2026-03-08,-5,95,shortage
Yolo Food Bank,Woodland,Sugar,dry,89,bags,2026-02-26,730,2028-02-26,715,37,balanced
Yolo Food Bank,Woodland,Canned soup,canned,165,cans,2026-02-17,540,2027-08-11,516,66,balanced
Feeding San Diego,San Diego,Broccoli,produce,353,lbs,2026-02-21,7,2026-02-28,-13,47,surplus
Second Harvest of Silicon Valley,San Jose,Yogurt cups,dairy,259,cups,2026-03-09,21,2026-03-30,17,65,surplus
Central California Food Bank,Fresno,Flour,dry,163,bags,2026-03-13,365,2027-03-13,365,72,balanced
Central California Food Bank,Fresno,Peanut butter,dry,282,jars,2026-03-11,365,2027-03-11,363,48,surplus
Second Harvest of Silicon Valley,San Jose,Spinach,produce,134,bags,2026-03-13,7,2026-03-20,7,79,balanced
Central California Food Bank,Fresno,Oranges,produce,364,lbs,2026-03-13,14,2026-03-27,14,95,surplus
Second Harvest of Silicon Valley,San Jose,Canned salmon,canned,74,cans,2026-03-10,730,2028-03-09,727,93,shortage
Sacramento Food Bank & Family Services,Sacramento,Pasta,dry,250,boxes,2026-02-22,730,2028-02-22,711,20,surplus
Yolo Food Bank,Woodland,Broccoli,produce,205,lbs,2026-02-17,7,2026-02-24,-17,25,surplus
Second Harvest of Silicon Valley,San Jose,Cheese blocks,dairy,314,blocks,2026-03-01,30,2026-03-31,18,108,balanced
Food Bank of Contra Costa and Solano,Concord,Cereal,dry,247,boxes,2026-02-24,180,2026-08-23,163,46,surplus
Alameda County Community Food Bank,Oakland,Flour,dry,331,bags,2026-03-08,365,2027-03-08,360,114,balanced
Alameda County Community Food Bank,Oakland,Bananas,produce,257,lbs,2026-02-21,7,2026-02-28,-13,66,surplus
Los Angeles Regional Food Bank,Los Angeles,Pasta,dry,79,boxes,2026-03-09,730,2028-03-08,726,60,balanced
Alameda County Community Food Bank,Oakland,Canned salmon,canned,121,cans,2026-03-10,730,2028-03-09,727,66,balanced
Los Angeles Regional Food Bank,Los Angeles,Lentils,dry,260,bags,2026-03-13,730,2028-03-12,730,63,surplus
Yolo Food Bank,Woodland,Oatmeal,dry,244,boxes,2026-02-22,365,2027-02-22,346,110,balanced
Yolo Food Bank,Woodland,Bananas,produce,394,lbs,2026-02-18,7,2026-02-25,-16,115,surplus
San Francisco-Marin Food Bank,San Francisco,Milk gallons,dairy,176,gallons,2026-02-28,10,2026-03-10,-3,40,surplus
Food Bank of Contra Costa and Solano,Concord,Canned beans,canned,248,cans,2026-03-12,730,2028-03-11,729,38,surplus
Yolo Food Bank,Woodland,Frozen vegetables mix,protein,294,bags,2026-03-07,365,2027-03-07,359,92,surplus
Second Harvest of Silicon Valley,San Jose,Spinach,produce,33,bags,2026-02-20,7,2026-02-27,-14,66,shortage
Los Angeles Regional Food Bank,Los Angeles,Canned green beans,canned,80,cans,2026-03-10,730,2028-03-09,727,66,balanced
Alameda County Community Food Bank,Oakland,Pasta,dry,367,boxes,2026-03-13,730,2028-03-12,730,88,surplus
Yolo Food Bank,Woodland,Canned soup,canned,397,cans,2026-02-27,540,2027-08-21,526,42,surplus
Second Harvest of Silicon Valley,San Jose,Frozen berries,protein,124,bags,2026-02-18,365,2027-02-18,342,24,surplus
Los Angeles Regional Food Bank,Los Angeles,Canned salmon,canned,289,cans,2026-03-05,730,2028-03-04,722,85,surplus
Alameda County Community Food Bank,Oakland,Cheese blocks,dairy,132,blocks,2026-03-07,30,2026-04-06,24,101,balanced
Second Harvest of Silicon Valley,San Jose,Brown rice,dry,393,bags,2026-02-17,365,2027-02-17,341,47,surplus
Sacramento Food Bank & Family Services,Sacramento,Avocados,produce,332,units,2026-02-20,7,2026-02-27,-14,33,surplus
San Francisco-Marin Food Bank,San Francisco,Tomatoes,produce,98,lbs,2026-03-07,10,2026-03-17,4,67,balanced
Yolo Food Bank,Woodland,Milk gallons,dairy,50,gallons,2026-03-02,10,2026-03-12,-1,51,shortage
Central California Food Bank,Fresno,Canned chickpeas,canned,238,cans,2026-02-25,730,2028-02-25,714,118,balanced
Sacramento Food Bank & Family Services,Sacramento,Cereal,dry,156,boxes,2026-02-21,180,2026-08-20,160,101,balanced
Los Angeles Regional Food Bank,Los Angeles,Oatmeal,dry,313,boxes,2026-02-28,365,2027-02-28,352,58,surplus
Yolo Food Bank,Woodland,Macaroni,dry,313,boxes,2026-03-01,730,2028-02-29,718,50,surplus
Los Angeles Regional Food Bank,Los Angeles,Brown rice,dry,196,bags,2026-03-01,365,2027-03-01,353,31,surplus
Central California Food Bank,Fresno,Peanut butter,dry,355,jars,2026-03-10,365,2027-03-10,362,75,surplus
Los Angeles Regional Food Bank,Los Angeles,Spaghetti,dry,33,boxes,2026-03-03,730,2028-03-02,720,116,shortage
Second Harvest Food Bank of Orange County,Irvine,Avocados,produce,206,units,2026-02-21,7,2026-02-28,-13,96,balanced
Yolo Food Bank,Woodland,Spaghetti,dry,280,boxes,2026-02-16,730,2028-02-16,705,37,surplus
Alameda County Community Food Bank,Oakland,Canned soup,canned,397,cans,2026-02-25,540,2027-08-19,524,69,surplus
Feeding San Diego,San Diego,Sugar,dry,286,bags,2026-03-12,730,2028-03-11,729,42,surplus
San Francisco-Marin Food Bank,San Francisco,Peanut butter,dry,230,jars,2026-03-02,365,2027-03-02,354,55,surplus
Los Angeles Regional Food Bank,Los Angeles,Pasta,dry,60,boxes,2026-02-19,730,2028-02-19,708,104,shortage
Central California Food Bank,Fresno,Canned chickpeas,canned,299,cans,2026-02-28,730,2028-02-28,717,30,surplus
Feeding San Diego,San Diego,Milk gallons,dairy,396,gallons,2026-03-02,10,2026-03-12,-1,44,surplus
Feeding San Diego,San Diego,Frozen vegetables mix,protein,237,bags,2026-03-02,365,2027-03-02,354,103,balanced
Feeding San Diego,San Diego,Canned beans,canned,300,cans,2026-03-09,730,2028-03-08,726,104,balanced
Feeding San Diego,San Diego,Canned beans,canned,112,cans,2026-03-09,730,2028-03-08,726,68,balanced
San Francisco-Marin Food Bank,San Francisco,Almond butter,dry,120,jars,2026-03-08,365,2027-03-08,360,99,balanced
Second Harvest of Silicon Valley,San Jose,Canned chickpeas,canned,322,cans,2026-03-05,730,2028-03-04,722,107,surplus
Feeding San Diego,San Diego,Onions,produce,303,lbs,2026-02-18,30,2026-03-20,7,76,surplus
Feeding San Diego,San Diego,Broccoli,produce,46,lbs,2026-02-24,7,2026-03-03,-10,63,shortage
Alameda County Community Food Bank,Oakland,Canned corn,canned,139,cans,2026-02-19,730,2028-02-19,708,102,balanced
Second Harvest of Silicon Valley,San Jose,Bell peppers,produce,331,lbs,2026-02-24,10,2026-03-06,-7,48,surplus
Second Harvest Food Bank of Orange County,Irvine,Spinach,produce,385,bags,2026-02-28,7,2026-03-07,-6,106,surplus
Second Harvest Food Bank of Orange County,Irvine,Canned carrots,canned,391,cans,2026-02-18,730,2028-02-18,707,91,surplus
Los Angeles Regional Food Bank,Los Angeles,Canned beans,canned,261,cans,2026-03-01,730,2028-02-29,718,27,surplus
Alameda County Community Food Bank,Oakland,Spinach,produce,247,bags,2026-02-25,7,2026-03-04,-9,31,surplus
Second Harvest of Silicon Valley,San Jose,Lettuce,produce,182,heads,2026-02-27,10,2026-03-09,-4,62,balanced
Feeding San Diego,San Diego,Rice 5lb bag,dry,29,bags,2026-02-25,730,2028-02-25,714,23,balanced
Food Bank of Contra Costa and Solano,Concord,Canned green beans,canned,129,cans,2026-02-25,730,2028-02-25,714,60,balanced
Alameda County Community Food Bank,Oakland,Canned tomatoes,canned,187,cans,2026-02-17,730,2028-02-17,706,84,balanced
Los Angeles Regional Food Bank,Los Angeles,Canned tuna,canned,340,cans,2026-03-02,730,2028-03-01,719,93,surplus
Feeding San Diego,San Diego,Brown rice,dry,145,bags,2026-03-04,365,2027-03-04,356,113,balanced
Alameda County Community Food Bank,Oakland,Frozen vegetables mix,protein,116,bags,2026-02-17,365,2027-02-17,341,78,balanced
Second Harvest Food Bank of Orange County,Irvine,Cheese blocks,dairy,72,blocks,2026-02-25,30,2026-03-27,14,118,shortage
Second Harvest Food Bank of Orange County,Irvine,Canned salmon,canned,392,cans,2026-03-10,730,2028-03-09,727,72,surplus
Alameda County Community Food Bank,Oakland,Pasta,dry,190,boxes,2026-03-05,730,2028-03-04,722,94,balanced
Los Angeles Regional Food Bank,Los Angeles,Brown rice,dry,129,bags,2026-03-04,365,2027-03-04,356,31,surplus
Central California Food Bank,Fresno,Sugar,dry,238,bags,2026-03-10,730,2028-03-09,727,63,surplus
Feeding San Diego,San Diego,Canned soup,canned,381,cans,2026-03-10,540,2027-09-01,537,108,surplus
Alameda County Community Food Bank,Oakland,Pasta,dry,247,boxes,2026-02-23,730,2028-02-23,712,103,balanced
Second Harvest Food Bank of Orange County,Irvine,Bell peppers,produce,59,lbs,2026-02-27,10,2026-03-09,-4,96,shortage
Central California Food Bank,Fresno,Onions,produce,82,lbs,2026-03-07,30,2026-04-06,24,77,balanced
Feeding San Diego,San Diego,Canned peas,canned,258,cans,2026-03-13,730,2028-03-12,730,94,balanced
Alameda County Community Food Bank,Oakland,Oatmeal,dry,317,boxes,2026-03-01,365,2027-03-01,353,97,surplus
Los Angeles Regional Food Bank,Los Angeles,Frozen vegetables mix,protein,150,bags,2026-03-05,365,2027-03-05,357,54,balanced
Feeding San Diego,San Diego,Canned carrots,canned,347,cans,2026-03-11,730,2028-03-10,728,45,surplus
Alameda County Community Food Bank,Oakland,Canned tomatoes,canned,96,cans,2026-02-17,730,2028-02-17,706,69,balanced
Yolo Food Bank,Woodland,Ground turkey frozen,protein,177,packs,2026-02-17,180,2026-08-16,156,118,balanced
Second Harvest Food Bank of Orange County,Irvine,Cereal,dry,291,boxes,2026-02-28,180,2026-08-27,167,40,surplus
Central California Food Bank,Fresno,Almond butter,dry,338,jars,2026-02-25,365,2027-02-25,349,42,surplus
Food Bank of Contra Costa and Solano,Concord,Carrots fresh,produce,178,lbs,2026-02-22,21,2026-03-15,2,120,balanced
Second Harvest Food Bank of Orange County,Irvine,Spinach,produce,127,bags,2026-03-02,7,2026-03-09,-4,81,balanced
Feeding San Diego,San Diego,Milk gallons,dairy,379,gallons,2026-03-09,10,2026-03-19,6,39,surplus
San Francisco-Marin Food Bank,San Francisco,Canned green beans,canned,11,cans,2026-02-24,730,2028-02-24,713,94,shortage
San Francisco-Marin Food Bank,San Francisco,Pasta,dry,250,boxes,2026-03-07,730,2028-03-06,724,101,balanced
Food Bank of Contra Costa and Solano,Concord,Canned soup,canned,355,cans,2026-03-02,540,2027-08-24,529,43,surplus
Second Harvest of Silicon Valley,San Jose,Canned tuna,canned,143,cans,2026-03-07,730,2028-03-06,724,68,balanced
Second Harvest Food Bank of Orange County,Irvine,Brown rice,dry,190,bags,2026-02-16,365,2027-02-16,340,42,surplus
Los Angeles Regional Food Bank,Los Angeles,Tomatoes,produce,386,lbs,2026-02-16,10,2026-02-26,-15,104,surplus
Food Bank of Contra Costa and Solano,Concord,Canned black beans,canned,110,cans,2026-03-11,730,2028-03-10,728,67,balanced
Central California Food Bank,Fresno,Frozen vegetables mix,protein,222,bags,2026-02-19,365,2027-02-19,343,50,surplus
Yolo Food Bank,Woodland,Yogurt cups,dairy,212,cups,2026-02-18,21,2026-03-11,-2,114,balanced
Los Angeles Regional Food Bank,Los Angeles,Macaroni,dry,140,boxes,2026-03-03,730,2028-03-02,720,104,balanced
Second Harvest Food Bank of Orange County,Irvine,Rice 5lb bag,dry,227,bags,2026-02-23,730,2028-02-23,712,92,balanced
Sacramento Food Bank & Family Services,Sacramento,Butter,dairy,185,packs,2026-02-24,60,2026-04-25,43,67,balanced
Food Bank of Contra Costa and Solano,Concord,Tomatoes,produce,390,lbs,2026-03-13,10,2026-03-23,10,33,surplus
Yolo Food Bank,Woodland,Oranges,produce,20,lbs,2026-03-06,14,2026-03-20,7,43,shortage
San Francisco-Marin Food Bank,San Francisco,Apples,produce,245,lbs,2026-03-02,21,2026-03-23,10,110,balanced
Second Harvest of Silicon Valley,San Jose,Canned salmon,canned,213,cans,2026-03-02,730,2028-03-01,719,60,surplus
Alameda County Community Food Bank,Oakland,Potatoes,produce,229,lbs,2026-03-01,30,2026-03-31,18,59,surplus
San Francisco-Marin Food Bank,San Francisco,Bananas,produce,163,lbs,2026-03-05,7,2026-03-12,-1,120,balanced
Second Harvest Food Bank of Orange County,Irvine,Canned beans,canned,369,cans,2026-02-17,730,2028-02-17,706,67,surplus
Food Bank of Contra Costa and Solano,Concord,Brown rice,dry,350,bags,2026-03-13,365,2027-03-13,365,106,surplus
Food Bank of Contra Costa and Solano,Concord,Canned green beans,canned,380,cans,2026-03-13,730,2028-03-12,730,94,surplus
Second Harvest Food Bank of Orange County,Irvine,Canned chickpeas,canned,306,cans,2026-02-28,730,2028-02-28,717,116,balanced
Second Harvest of Silicon Valley,San Jose,Canned carrots,canned,11,cans,2026-03-08,730,2028-03-07,725,70,shortage
San Francisco-Marin Food Bank,San Francisco,Bell peppers,produce,104,lbs,2026-03-05,10,2026-03-15,2,55,balanced
Los Angeles Regional Food Bank,Los Angeles,Cereal,dry,57,boxes,2026-02-17,180,2026-08-16,156,36,balanced
San Francisco-Marin Food Bank,San Francisco,Carrots fresh,produce,75,lbs,2026-03-09,21,2026-03-30,17,23,surplus
Yolo Food Bank,Woodland,Canned tuna,canned,229,cans,2026-02-27,730,2028-02-27,716,93,balanced
San Francisco-Marin Food Bank,San Francisco,Broccoli,produce,61,lbs,2026-03-07,7,2026-03-14,1,37,balanced
Alameda County Community Food Bank,Oakland,Lettuce,produce,134,heads,2026-02-20,10,2026-03-02,-11,115,balanced
Feeding San Diego,San Diego,Pasta,dry,380,boxes,2026-03-04,730,2028-03-03,721,98,surplus
Food Bank of Contra Costa and Solano,Concord,Oranges,produce,39,lbs,2026-02-17,14,2026-03-03,-10,52,shortage
Yolo Food Bank,Woodland,Rice 5lb bag,dry,273,bags,2026-03-09,730,2028-03-08,726,86,surplus
Feeding San Diego,San Diego,Canned salmon,canned,93,cans,2026-02-22,730,2028-02-22,711,94,shortage
Second Harvest Food Bank of Orange County,Irvine,Oranges,produce,309,lbs,2026-03-08,14,2026-03-22,9,43,surplus
Los Angeles Regional Food Bank,Los Angeles,Canned peas,canned,255,cans,2026-02-16,730,2028-02-16,705,91,balanced
Alameda County Community Food Bank,Oakland,Milk gallons,dairy,53,gallons,2026-03-03,10,2026-03-13,0,43,balanced
Second Harvest of Silicon Valley,San Jose,Oatmeal,dry,192,boxes,2026-02-26,365,2027-02-26,350,72,balanced
San Francisco-Marin Food Bank,San Francisco,Spaghetti,dry,386,boxes,2026-02-22,730,2028-02-22,711,119,surplus
Sacramento Food Bank & Family Services,Sacramento,Frozen berries,protein,79,bags,2026-03-09,365,2027-03-09,361,114,shortage
Yolo Food Bank,Woodland,Canned black beans,canned,138,cans,2026-03-12,730,2028-03-11,729,34,surplus
Los Angeles Regional Food Bank,Los Angeles,Oatmeal,dry,85,boxes,2026-03-08,365,2027-03-08,360,49,balanced
Sacramento Food Bank & Family Services,Sacramento,Oatmeal,dry,197,boxes,2026-02-21,365,2027-02-21,345,67,balanced
Yolo Food Bank,Woodland,Chicken breast frozen,protein,117,packs,2026-03-04,180,2026-08-31,171,50,balanced
Los Angeles Regional Food Bank,Los Angeles,Canned green beans,canned,161,cans,2026-02-28,730,2028-02-28,717,72,balanced
Second Harvest of Silicon Valley,San Jose,Egg cartons,dairy,121,cartons,2026-03-03,21,2026-03-24,11,44,balanced
Los Angeles Regional Food Bank,Los Angeles,Tomatoes,produce,329,lbs,2026-03-09,10,2026-03-19,6,118,balanced
Sacramento Food Bank & Family Services,Sacramento,Chicken breast frozen,protein,48,packs,2026-03-05,180,2026-09-01,172,105,shortage
Food Bank of Contra Costa and Solano,Concord,Brown rice,dry,182,bags,2026-03-03,365,2027-03-03,355,74,balanced
Food Bank of Contra Costa and Solano,Concord,Canned corn,canned,333,cans,2026-03-08,730,2028-03-07,725,113,balanced
Feeding San Diego,San Diego,Onions,produce,64,lbs,2026-02-16,30,2026-03-18,5,106,shortage
Yolo Food Bank,Woodland,Tomatoes,produce,178,lbs,2026-02-20,10,2026-03-02,-11,99,balanced
San Francisco-Marin Food Bank,San Francisco,Bananas,produce,102,lbs,2026-03-02,7,2026-03-09,-4,36,balanced
Sacramento Food Bank & Family Services,Sacramento,Flour,dry,61,bags,2026-03-05,365,2027-03-05,357,69,shortage
San Francisco-Marin Food Bank,San Francisco,Pasta,dry,150,boxes,2026-03-09,730,2028-03-08,726,71,balanced
Yolo Food Bank,Woodland,Carrots fresh,produce,157,lbs,2026-03-12,21,2026-04-02,20,105,balanced
Yolo Food Bank,Woodland,Frozen vegetables mix,protein,361,bags,2026-02-28,365,2027-02-28,352,92,surplus
Los Angeles Regional Food Bank,Los Angeles,Egg cartons,dairy,373,cartons,2026-03-06,21,2026-03-27,14,37,surplus
Second Harvest of Silicon Valley,San Jose,Broccoli,produce,144,lbs,2026-03-12,7,2026-03-19,6,73,balanced
Yolo Food Bank,Woodland,Canned black beans,canned,258,cans,2026-03-06,730,2028-03-05,723,60,surplus
Feeding San Diego,San Diego,Broccoli,produce,106,lbs,2026-02-22,7,2026-03-01,-12,49,balanced
Yolo Food Bank,Woodland,Brown rice,dry,167,bags,2026-03-08,365,2027-03-08,360,87,balanced
Food Bank of Contra Costa and Solano,Concord,Pasta,dry,247,boxes,2026-03-11,730,2028-03-10,728,28,surplus
Sacramento Food Bank & Family Services,Sacramento,Canned tuna,canned,94,cans,2026-02-23,730,2028-02-23,712,36,balanced
Los Angeles Regional Food Bank,Los Angeles,Canned tuna,canned,357,cans,2026-02-24,730,2028-02-24,713,114,surplus
Second Harvest of Silicon Valley,San Jose,Lettuce,produce,71,heads,2026-03-06,10,2026-03-16,3,25,balanced
Feeding San Diego,San Diego,Apples,produce,314,lbs,2026-02-17,21,2026-03-10,-3,70,surplus
Los Angeles Regional Food Bank,Los Angeles,Canned green beans,canned,281,cans,2026-02-22,730,2028-02-22,711,92,surplus
Central California Food Bank,Fresno,Oatmeal,dry,30,boxes,2026-03-05,365,2027-03-05,357,84,shortage
Central California Food Bank,Fresno,Bell peppers,produce,155,lbs,2026-03-04,10,2026-03-14,1,52,balanced
Feeding San Diego,San Diego,Frozen berries,protein,83,bags,2026-02-22,365,2027-02-22,346,109,shortage
Sacramento Food Bank & Family Services,Sacramento,Bananas,produce,258,lbs,2026-02-28,7,2026-03-07,-6,73,surplus
Food Bank of Contra Costa and Solano,Concord,Canned green beans,canned,333,cans,2026-02-27,730,2028-02-27,716,60,surplus
Feeding San Diego,San Diego,Tomatoes,produce,64,lbs,2026-02-26,10,2026-03-08,-5,102,shortage
Food Bank of Contra Costa and Solano,Concord,Egg cartons,dairy,120,cartons,2026-03-08,21,2026-03-29,16,104,balanced
Second Harvest of Silicon Valley,San Jose,Almond butter,dry,92,jars,2026-03-02,365,2027-03-02,354,87,balanced
Yolo Food Bank,Woodland,Oatmeal,dry,391,boxes,2026-02-20,365,2027-02-20,344,97,surplus
Feeding San Diego,San Diego,Lettuce,produce,224,heads,2026-03-01,10,2026-03-11,-2,49,surplus
Alameda County Community Food Bank,Oakland,Macaroni,dry,83,boxes,2026-02-25,730,2028-02-25,714,120,shortage
Sacramento Food Bank & Family Services,Sacramento,Canned corn,canned,247,cans,2026-03-13,730,2028-03-12,730,86,balanced
Sacramento Food Bank & Family Services,Sacramento,Peanut butter,dry,112,jars,2026-02-23,365,2027-02-23,347,100,balanced
Los Angeles Regional Food Bank,Los Angeles,Bell peppers,produce,12,lbs,2026-02-26,10,2026-03-08,-5,84,shortage
Alameda County Community Food Bank,Oakland,Canned beans,canned,287,cans,2026-03-04,730,2028-03-03,721,25,surplus
Food Bank of Contra Costa and Solano,Concord,Canned black beans,canned,133,cans,2026-03-02,730,2028-03-01,719,21,surplus
Feeding San Diego,San Diego,Canned salmon,canned,389,cans,2026-03-09,730,2028-03-08,726,34,surplus
Sacramento Food Bank & Family Services,Sacramento,Macaroni,dry,126,boxes,2026-03-03,730,2028-03-02,720,53,balanced
San Francisco-Marin Food Bank,San Francisco,Cereal,dry,231,boxes,2026-03-07,180,2026-09-03,174,64,surplus
Central California Food Bank,Fresno,Cheese blocks,dairy,255,blocks,2026-02-18,30,2026-03-20,7,64,surplus
Sacramento Food Bank & Family Services,Sacramento,Canned soup,canned,255,cans,2026-03-06,540,2027-08-28,533,108,balanced
Yolo Food Bank,Woodland,Canned corn,canned,200,cans,2026-03-11,730,2028-03-10,728,103,balanced
San Francisco-Marin Food Bank,San Francisco,Canned green beans,canned,272,cans,2026-02-17,730,2028-02-17,706,100,balanced
Central California Food Bank,Fresno,Broccoli,produce,322,lbs,2026-03-13,7,2026-03-20,7,97,surplus
Second Harvest Food Bank of Orange County,Irvine,Canned carrots,canned,273,cans,2026-03-04,730,2028-03-03,721,113,balanced
Sacramento Food Bank & Family Services,Sacramento,Avocados,produce,74,units,2026-02-17,7,2026-02-24,-17,103,shortage
Second Harvest of Silicon Valley,San Jose,Avocados,produce,222,units,2026-02-23,7,2026-03-02,-11,53,surplus
Los Angeles Regional Food Bank,Los Angeles,Frozen vegetables mix,protein,354,bags,2026-03-03,365,2027-03-03,355,76,surplus
Central California Food Bank,Fresno,Rice 5lb bag,dry,195,bags,2026-03-02,730,2028-03-01,719,27,surplus
Central California Food Bank,Fresno,Canned green beans,canned,172,cans,2026-03-10,730,2028-03-09,727,84,balanced
Alameda County Community Food Bank,Oakland,Canned chickpeas,canned,278,cans,2026-03-07,730,2028-03-06,724,36,surplus
Second Harvest of Silicon Valley,San Jose,Cereal,dry,276,boxes,2026-02-19,180,2026-08-18,158,91,surplus
Second Harvest Food Bank of Orange County,Irvine,Broccoli,produce,296,lbs,2026-02-27,7,2026-03-06,-7,44,surplus
Feeding San Diego,San Diego,Lentils,dry,84,bags,2026-03-09,730,2028-03-08,726,33,balanced
Second Harvest of Silicon Valley,San Jose,Bell peppers,produce,117,lbs,2026-02-22,10,2026-03-04,-9,101,balanced
Central California Food Bank,Fresno,Macaroni,dry,97,boxes,2026-02-25,730,2028-02-25,714,32,surplus
Sacramento Food Bank & Family Services,Sacramento,Potatoes,produce,343,lbs,2026-02-27,30,2026-03-29,16,44,surplus
Second Harvest Food Bank of Orange County,Irvine,Canned peas,canned,306,cans,2026-03-09,730,2028-03-08,726,50,surplus
Sacramento Food Bank & Family Services,Sacramento,Yogurt cups,dairy,334,cups,2026-02-22,21,2026-03-15,2,63,surplus
Alameda County Community Food Bank,Oakland,Canned green beans,canned,329,cans,2026-03-12,730,2028-03-11,729,30,surplus
Sacramento Food Bank & Family Services,Sacramento,Egg cartons,dairy,55,cartons,2026-03-09,21,2026-03-30,17,119,shortage
Second Harvest of Silicon Valley,San Jose,Ground turkey frozen,protein,186,packs,2026-03-03,180,2026-08-30,170,68,balanced
Food Bank of Contra Costa and Solano,Concord,Canned peas,canned,212,cans,2026-02-26,730,2028-02-26,715,50,surplus
Food Bank of Contra Costa and Solano,Concord,Chicken breast frozen,protein,292,packs,2026-02-24,180,2026-08-23,163,20,surplus
Feeding San Diego,San Diego,Pasta,dry,189,boxes,2026-02-23,730,2028-02-23,712,104,balanced
Feeding San Diego,San Diego,Broccoli,produce,359,lbs,2026-02-23,7,2026-03-02,-11,62,surplus
Second Harvest Food Bank of Orange County,Irvine,Ground turkey frozen,protein,364,packs,2026-02-18,180,2026-08-17,157,108,surplus
Feeding San Diego,San Diego,Avocados,produce,246,units,2026-02-24,7,2026-03-03,-10,53,surplus
Yolo Food Bank,Woodland,Lettuce,produce,309,heads,2026-02-16,10,2026-02-26,-15,97,surplus
San Francisco-Marin Food Bank,San Francisco,Spaghetti,dry,358,boxes,2026-02-17,730,2028-02-17,706,92,surplus
Feeding San Diego,San Diego,Avocados,produce,230,units,2026-02-23,7,2026-03-02,-11,103,balanced
Yolo Food Bank,Woodland,Oranges,produce,122,lbs,2026-03-01,14,2026-03-15,2,102,balanced
Yolo Food Bank,Woodland,Carrots fresh,produce,161,lbs,2026-02-28,21,2026-03-21,8,32,surplus
Yolo Food Bank,Woodland,Canned tomatoes,canned,199,cans,2026-02-19,730,2028-02-19,708,70,balanced
Feeding San Diego,San Diego,Spinach,produce,42,bags,2026-03-11,7,2026-03-18,5,62,shortage
Second Harvest Food Bank of Orange County,Irvine,Potatoes,produce,368,lbs,2026-02-25,30,2026-03-27,14,107,surplus
Food Bank of Contra Costa and Solano,Concord,Lentils,dry,336,bags,2026-02-27,730,2028-02-27,716,93,surplus
Yolo Food Bank,Woodland,Pasta,dry,218,boxes,2026-03-06,730,2028-03-05,723,62,surplus
Central California Food Bank,Fresno,Flour,dry,339,bags,2026-03-03,365,2027-03-03,355,43,surplus
Food Bank of Contra Costa and Solano,Concord,Lentils,dry,16,bags,2026-03-04,730,2028-03-03,721,20,shortage
Sacramento Food Bank & Family Services,Sacramento,Almond butter,dry,386,jars,2026-02-18,365,2027-02-18,342,54,surplus
Los Angeles Regional Food Bank,Los Angeles,Almond butter,dry,70,jars,2026-03-12,365,2027-03-12,364,96,shortage
Second Harvest of Silicon Valley,San Jose,Canned salmon,canned,366,cans,2026-02-20,730,2028-02-20,709,79,surplus
San Francisco-Marin Food Bank,San Francisco,Spaghetti,dry,129,boxes,2026-02-24,730,2028-02-24,713,60,balanced
San Francisco-Marin Food Bank,San Francisco,Frozen berries,protein,330,bags,2026-02-19,365,2027-02-19,343,22,surplus
Second Harvest of Silicon Valley,San Jose,Broccoli,produce,229,lbs,2026-02-18,7,2026-02-25,-16,36,surplus
Yolo Food Bank,Woodland,Rice 5lb bag,dry,368,bags,2026-02-19,730,2028-02-19,708,108,surplus
San Francisco-Marin Food Bank,San Francisco,Almond butter,dry,96,jars,2026-03-06,365,2027-03-06,358,57,balanced
Feeding San Diego,San Diego,Canned salmon,canned,11,cans,2026-02-28,730,2028-02-28,717,24,shortage
Second Harvest of Silicon Valley,San Jose,Ground turkey frozen,protein,349,packs,2026-03-12,180,2026-09-08,179,37,surplus
Food Bank of Contra Costa and Solano,Concord,Spaghetti,dry,249,boxes,2026-03-03,730,2028-03-02,720,37,surplus
San Francisco-Marin Food Bank,San Francisco,Oatmeal,dry,66,boxes,2026-03-08,365,2027-03-08,360,100,shortage
Alameda County Community Food Bank,Oakland,Egg cartons,dairy,123,cartons,2026-03-06,21,2026-03-27,14,64,balanced
Second Harvest Food Bank of Orange County,Irvine,Canned beans,canned,90,cans,2026-03-03,730,2028-03-02,720,93,shortage
San Francisco-Marin Food Bank,San Francisco,Canned tomatoes,canned,164,cans,2026-03-12,730,2028-03-11,729,38,surplus
Feeding San Diego,San Diego,Carrots fresh,produce,56,lbs,2026-03-05,21,2026-03-26,13,112,shortage
Second Harvest Food Bank of Orange County,Irvine,Macaroni,dry,284,boxes,2026-03-03,730,2028-03-02,720,92,surplus
Yolo Food Bank,Woodland,Tomatoes,produce,132,lbs,2026-02-21,10,2026-03-03,-10,29,surplus
Yolo Food Bank,Woodland,Onions,produce,303,lbs,2026-03-02,30,2026-04-01,19,66,surplus
Yolo Food Bank,Woodland,Bell peppers,produce,71,lbs,2026-02-17,10,2026-02-27,-14,85,shortage
Yolo Food Bank,Woodland,Bananas,produce,377,lbs,2026-03-12,7,2026-03-19,6,77,surplus
Yolo Food Bank,Woodland,Canned soup,canned,28,cans,2026-03-01,540,2027-08-23,528,57,shortage
Sacramento Food Bank & Family Services,Sacramento,Potatoes,produce,247,lbs,2026-02-20,30,2026-03-22,9,101,balanced
Feeding San Diego,San Diego,Brown rice,dry,93,bags,2026-03-04,365,2027-03-04,356,46,balanced
Yolo Food Bank,Woodland,Butter,dairy,247,packs,2026-03-10,60,2026-05-09,57,42,surplus
Central California Food Bank,Fresno,Bell peppers,produce,40,lbs,2026-02-26,10,2026-03-08,-5,33,balanced
Los Angeles Regional Food Bank,Los Angeles,Lettuce,produce,310,heads,2026-03-11,10,2026-03-21,8,97,surplus
Central California Food Bank,Fresno,Bananas,produce,47,lbs,2026-03-01,7,2026-03-08,-5,38,balanced
Feeding San Diego,San Diego,Brown rice,dry,73,bags,2026-02-22,365,2027-02-22,346,107,shortage
Feeding San Diego,San Diego,Canned salmon,canned,299,cans,2026-02-24,730,2028-02-24,713,44,surplus
Second Harvest of Silicon Valley,San Jose,Canned beans,canned,107,cans,2026-03-01,730,2028-02-29,718,114,shortage
Alameda County Community Food Bank,Oakland,Canned carrots,canned,301,cans,2026-03-11,730,2028-03-10,728,84,surplus
Food Bank of Contra Costa and Solano,Concord,Frozen vegetables mix,protein,106,bags,2026-03-06,365,2027-03-06,358,119,shortage
Food Bank of Contra Costa and Solano,Concord,Canned beans,canned,219,cans,2026-03-09,730,2028-03-08,726,27,surplus
Los Angeles Regional Food Bank,Los Angeles,Cereal,dry,99,boxes,2026-03-01,180,2026-08-28,168,63,balanced
Food Bank of Contra Costa and Solano,Concord,Tomatoes,produce,310,lbs,2026-02-27,10,2026-03-09,-4,57,surplus
Feeding San Diego,San Diego,Spaghetti,dry,374,boxes,2026-02-28,730,2028-02-28,717,97,surplus
Second Harvest of Silicon Valley,San Jose,Canned beans,canned,81,cans,2026-02-17,730,2028-02-17,706,120,shortage
Food Bank of Contra Costa and Solano,Concord,Canned salmon,canned,174,cans,2026-03-12,730,2028-03-11,729,53,surplus
San Francisco-Marin Food Bank,San Francisco,Canned carrots,canned,158,cans,2026-02-25,730,2028-02-25,714,22,surplus
Feeding San Diego,San Diego,Ground turkey frozen,protein,227,packs,2026-02-20,180,2026-08-19,159,83,balanced
Feeding San Diego,San Diego,Rice 5lb bag,dry,391,bags,2026-03-03,730,2028-03-02,720,76,surplus
Sacramento Food Bank & Family Services,Sacramento,Ground turkey frozen,protein,171,packs,2026-03-02,180,2026-08-29,169,28,surplus
Yolo Food Bank,Woodland,Broccoli,produce,279,lbs,2026-02-19,7,2026-02-26,-15,114,balanced
Los Angeles Regional Food Bank,Los Angeles,Lettuce,produce,269,heads,2026-02-27,10,2026-03-09,-4,43,surplus
Second Harvest Food Bank of Orange County,Irvine,Canned soup,canned,285,cans,2026-03-13,540,2027-09-04,540,81,surplus
Food Bank of Contra Costa and Solano,Concord,Rice 5lb bag,dry,353,bags,2026-03-13,730,2028-03-12,730,88,surplus
Second Harvest of Silicon Valley,San Jose,Canned chickpeas,canned,360,cans,2026-03-12,730,2028-03-11,729,113,surplus
Central California Food Bank,Fresno,Chicken breast frozen,protein,346,packs,2026-02-25,180,2026-08-24,164,25,surplus
Food Bank of Contra Costa and Solano,Concord,Bananas,produce,146,lbs,2026-02-16,7,2026-02-23,-18,38,surplus
Yolo Food Bank,Woodland,Canned tuna,canned,205,cans,2026-02-19,730,2028-02-19,708,67,surplus
San Francisco-Marin Food Bank,San Francisco,Peanut butter,dry,209,jars,2026-02-19,365,2027-02-19,343,49,surplus
Alameda County Community Food Bank,Oakland,Macaroni,dry,121,boxes,2026-02-24,730,2028-02-24,713,31,surplus
Second Harvest Food Bank of Orange County,Irvine,Apples,produce,40,lbs,2026-03-08,21,2026-03-29,16,53,shortage
Food Bank of Contra Costa and Solano,Concord,Bell peppers,produce,45,lbs,2026-03-02,10,2026-03-12,-1,60,shortage
Yolo Food Bank,Woodland,Canned black beans,canned,105,cans,2026-03-07,730,2028-03-06,724,23,surplus
Los Angeles Regional Food Bank,Los Angeles,Broccoli,produce,190,lbs,2026-03-10,7,2026-03-17,4,56,surplus
Second Harvest Food Bank of Orange County,Irvine,Milk gallons,dairy,269,gallons,2026-02-17,10,2026-02-27,-14,33,surplus
Sacramento Food Bank & Family Services,Sacramento,Spinach,produce,274,bags,2026-02-25,7,2026-03-04,-9,30,surplus
Yolo Food Bank,Woodland,Bell peppers,produce,344,lbs,2026-02-16,10,2026-02-26,-15,120,balanced
Yolo Food Bank,Woodland,Cheese blocks,dairy,198,blocks,2026-02-20,30,2026-03-22,9,64,surplus
Second Harvest of Silicon Valley,San Jose,Canned black beans,canned,22,cans,2026-02-26,730,2028-02-26,715,110,shortage
Alameda County Community Food Bank,Oakland,Lentils,dry,238,bags,2026-03-06,730,2028-03-05,723,87,balanced
San Francisco-Marin Food Bank,San Francisco,Ground turkey frozen,protein,245,packs,2026-02-24,180,2026-08-23,163,49,surplus
Alameda County Community Food Bank,Oakland,Frozen vegetables mix,protein,278,bags,2026-02-22,365,2027-02-22,346,115,balanced
Second Harvest of Silicon Valley,San Jose,Carrots fresh,produce,130,lbs,2026-03-10,21,2026-03-31,18,104,balanced
Los Angeles Regional Food Bank,Los Angeles,Lentils,dry,154,bags,2026-03-03,730,2028-03-02,720,93,balanced
Sacramento Food Bank & Family Services,Sacramento,Chicken breast frozen,protein,113,packs,2026-03-02,180,2026-08-29,169,85,balanced
Central California Food Bank,Fresno,Canned green beans,canned,134,cans,2026-03-04,730,2028-03-03,721,90,balanced
Food Bank of Contra Costa and Solano,Concord,Oatmeal,dry,14,boxes,2026-02-26,365,2027-02-26,350,34,shortage
Second Harvest Food Bank of Orange County,Irvine,Egg cartons,dairy,287,cartons,2026-03-12,21,2026-04-02,20,114,balanced
Feeding San Diego,San Diego,Lettuce,produce,137,heads,2026-02-17,10,2026-02-27,-14,107,balanced
Central California Food Bank,Fresno,Oranges,produce,187,lbs,2026-02-17,14,2026-03-03,-10,112,balanced
Yolo Food Bank,Woodland,Oatmeal,dry,66,boxes,2026-02-23,365,2027-02-23,347,120,shortage
Alameda County Community Food Bank,Oakland,Cheese blocks,dairy,209,blocks,2026-03-05,30,2026-04-04,22,116,balanced
Feeding San Diego,San Diego,Canned beans,canned,271,cans,2026-02-17,730,2028-02-17,706,102,balanced
Feeding San Diego,San Diego,Canned carrots,canned,241,cans,2026-02-17,730,2028-02-17,706,43,surplus
Sacramento Food Bank & Family Services,Sacramento,Cereal,dry,73,boxes,2026-02-17,180,2026-08-16,156,84,shortage
Second Harvest Food Bank of Orange County,Irvine,Canned corn,canned,370,cans,2026-02-25,730,2028-02-25,714,83,surplus
San Francisco-Marin Food Bank,San Francisco,Avocados,produce,355,units,2026-02-28,7,2026-03-07,-6,62,surplus
Alameda County Community Food Bank,Oakland,Milk gallons,dairy,170,gallons,2026-03-03,10,2026-03-13,0,100,balanced
Alameda County Community Food Bank,Oakland,Spaghetti,dry,85,boxes,2026-02-23,730,2028-02-23,712,99,shortage
San Francisco-Marin Food Bank,San Francisco,Canned beans,canned,70,cans,2026-03-06,730,2028-03-05,723,117,shortage
Food Bank of Contra Costa and Solano,Concord,Canned carrots,canned,209,cans,2026-03-05,730,2028-03-04,722,41,surplus
Sacramento Food Bank & Family Services,Sacramento,Bananas,produce,267,lbs,2026-02-24,7,2026-03-03,-10,98,balanced
Feeding San Diego,San Diego,Oranges,produce,33,lbs,2026-03-12,14,2026-03-26,13,47,shortage
Sacramento Food Bank & Family Services,Sacramento,Tomatoes,produce,210,lbs,2026-03-04,10,2026-03-14,1,35,surplus
Alameda County Community Food Bank,Oakland,Broccoli,produce,79,lbs,2026-02-21,7,2026-02-28,-13,40,balanced
San Francisco-Marin Food Bank,San Francisco,Carrots fresh,produce,164,lbs,2026-03-13,21,2026-04-03,21,63,balanced
Yolo Food Bank,Woodland,Broccoli,produce,50,lbs,2026-03-08,7,2026-03-15,2,53,shortage
Sacramento Food Bank & Family Services,Sacramento,Bell peppers,produce,56,lbs,2026-02-24,10,2026-03-06,-7,89,shortage
San Francisco-Marin Food Bank,San Francisco,Rice 5lb bag,dry,170,bags,2026-02-26,730,2028-02-26,715,24,surplus
Sacramento Food Bank & Family Services,Sacramento,Onions,produce,313,lbs,2026-03-03,30,2026-04-02,20,58,surplus
Food Bank of Contra Costa and Solano,Concord,Bananas,produce,355,lbs,2026-02-17,7,2026-02-24,-17,106,surplus
San Francisco-Marin Food Bank,San Francisco,Onions,produce,188,lbs,2026-03-12,30,2026-04-11,29,73,balanced
Los Angeles Regional Food Bank,Los Angeles,Sugar,dry,331,bags,2026-03-10,730,2028-03-09,727,74,surplus
Los Angeles Regional Food Bank,Los Angeles,Canned salmon,canned,16,cans,2026-02-25,730,2028-02-25,714,103,shortage
Central California Food Bank,Fresno,Tomatoes,produce,391,lbs,2026-03-13,10,2026-03-23,10,71,surplus
Second Harvest of Silicon Valley,San Jose,Lentils,dry,343,bags,2026-02-28,730,2028-02-28,717,74,surplus
Yolo Food Bank,Woodland,Canned black beans,canned,190,cans,2026-02-17,730,2028-02-17,706,76,balanced
Los Angeles Regional Food Bank,Los Angeles,Egg cartons,dairy,148,cartons,2026-03-09,21,2026-03-30,17,73,balanced
Feeding San Diego,San Diego,Apples,produce,158,lbs,2026-02-19,21,2026-03-12,-1,107,balanced
Los Angeles Regional Food Bank,Los Angeles,Sugar,dry,229,bags,2026-02-28,730,2028-02-28,717,115,balanced
Sacramento Food Bank & Family Services,Sacramento,Butter,dairy,340,packs,2026-03-01,60,2026-04-30,48,52,surplus
Second Harvest Food Bank of Orange County,Irvine,Tomatoes,produce,185,lbs,2026-02-16,10,2026-02-26,-15,58,surplus
Feeding San Diego,San Diego,Oranges,produce,161,lbs,2026-02-28,14,2026-03-14,1,70,balanced
Los Angeles Regional Food Bank,Los Angeles,Carrots fresh,produce,340,lbs,2026-03-04,21,2026-03-25,12,59,surplus
Food Bank of Contra Costa and Solano,Concord,Yogurt cups,dairy,43,cups,2026-02-23,21,2026-03-16,3,118,shortage
San Francisco-Marin Food Bank,San Francisco,Almond butter,dry,277,jars,2026-03-11,365,2027-03-11,363,52,surplus
Second Harvest Food Bank of Orange County,Irvine,Milk gallons,dairy,192,gallons,2026-03-04,10,2026-03-14,1,73,balanced
Sacramento Food Bank & Family Services,Sacramento,Lettuce,produce,32,heads,2026-02-16,10,2026-02-26,-15,105,shortage
Central California Food Bank,Fresno,Cereal,dry,153,boxes,2026-03-13,180,2026-09-09,180,36,surplus
Central California Food Bank,Fresno,Chicken breast frozen,protein,258,packs,2026-02-23,180,2026-08-22,162,98,balanced
Food Bank of Contra Costa and Solano,Concord,Canned salmon,canned,124,cans,2026-03-08,730,2028-03-07,725,78,balanced
Alameda County Community Food Bank,Oakland,Flour,dry,29,bags,2026-03-13,365,2027-03-13,365,37,shortage
Central California Food Bank,Fresno,Canned salmon,canned,52,cans,2026-02-24,730,2028-02-24,713,109,shortage
Food Bank of Contra Costa and Solano,Concord,Avocados,produce,180,units,2026-02-23,7,2026-03-02,-11,70,balanced
Central California Food Bank,Fresno,Flour,dry,70,bags,2026-03-13,365,2027-03-13,365,28,balanced
Second Harvest Food Bank of Orange County,Irvine,Sugar,dry,355,bags,2026-03-12,730,2028-03-11,729,51,surplus
Second Harvest Food Bank of Orange County,Irvine,Canned salmon,canned,338,cans,2026-02-28,730,2028-02-28,717,46,surplus
Feeding San Diego,San Diego,Flour,dry,283,bags,2026-02-27,365,2027-02-27,351,90,surplus
Sacramento Food Bank & Family Services,Sacramento,Spinach,produce,107,bags,2026-03-13,7,2026-03-20,7,97,balanced
Second Harvest Food Bank of Orange County,Irvine,Macaroni,dry,390,boxes,2026-02-27,730,2028-02-27,716,115,surplus
Yolo Food Bank,Woodland,Chicken breast frozen,protein,215,packs,2026-02-21,180,2026-08-20,160,72,balanced
Second Harvest of Silicon Valley,San Jose,Flour,dry,286,bags,2026-02-16,365,2027-02-16,340,74,surplus
Yolo Food Bank,Woodland,Canned chickpeas,canned,262,cans,2026-02-18,730,2028-02-18,707,27,surplus
Feeding San Diego,San Diego,Butter,dairy,369,packs,2026-02-26,60,2026-04-27,45,80,surplus
Sacramento Food Bank & Family Services,Sacramento,Canned tomatoes,canned,58,cans,2026-03-13,730,2028-03-12,730,25,balanced
Yolo Food Bank,Woodland,Frozen berries,protein,223,bags,2026-02-27,365,2027-02-27,351,81,balanced
Food Bank of Contra Costa and Solano,Concord,Milk gallons,dairy,206,gallons,2026-02-26,10,2026-03-08,-5,43,surplus
Sacramento Food Bank & Family Services,Sacramento,Rice 5lb bag,dry,352,bags,2026-02-20,730,2028-02-20,709,27,surplus
Yolo Food Bank,Woodland,Canned peas,canned,33,cans,2026-02-17,730,2028-02-17,706,76,shortage
Los Angeles Regional Food Bank,Los Angeles,Cereal,dry,109,boxes,2026-02-24,180,2026-08-23,163,102,balanced
Los Angeles Regional Food Bank,Los Angeles,Oatmeal,dry,316,boxes,2026-03-07,365,2027-03-07,359,43,surplus
Yolo Food Bank,Woodland,Carrots fresh,produce,361,lbs,2026-02-19,21,2026-03-12,-1,57,surplus
Second Harvest Food Bank of Orange County,Irvine,Canned carrots,canned,345,cans,2026-03-05,730,2028-03-04,722,118,balanced
Central California Food Bank,Fresno,Canned chickpeas,canned,280,cans,2026-02-22,730,2028-02-22,711,93,surplus
Second Harvest of Silicon Valley,San Jose,Canned tomatoes,canned,314,cans,2026-03-13,730,2028-03-12,730,119,balanced
Feeding San Diego,San Diego,Bananas,produce,282,lbs,2026-02-23,7,2026-03-02,-11,106,balanced
Feeding San Diego,San Diego,Oatmeal,dry,157,boxes,2026-03-08,365,2027-03-08,360,31,surplus
Food Bank of Contra Costa and Solano,Concord,Frozen berries,protein,11,bags,2026-02-23,365,2027-02-23,347,100,shortage
San Francisco-Marin Food Bank,San Francisco,Ground turkey frozen,protein,131,packs,2026-03-07,180,2026-09-03,174,100,balanced
San Francisco-Marin Food Bank,San Francisco,Canned peas,canned,33,cans,2026-02-25,730,2028-02-25,714,65,shortage
Yolo Food Bank,Woodland,Canned black beans,canned,326,cans,2026-03-13,730,2028-03-12,730,72,surplus
Sacramento Food Bank & Family Services,Sacramento,Chicken breast frozen,protein,250,packs,2026-03-10,180,2026-09-06,177,63,surplus
Central California Food Bank,Fresno,Bell peppers,produce,153,lbs,2026-02-24,10,2026-03-06,-7,60,balanced
San Francisco-Marin Food Bank,San Francisco,Canned peas,canned,203,cans,2026-03-02,730,2028-03-01,719,68,balanced
Food Bank of Contra Costa and Solano,Concord,Canned carrots,canned,233,cans,2026-02-23,730,2028-02-23,712,35,surplus
Sacramento Food Bank & Family Services,Sacramento,Bananas,produce,313,lbs,2026-02-16,7,2026-02-23,-18,110,balanced
San Francisco-Marin Food Bank,San Francisco,Lettuce,produce,330,heads,2026-03-13,10,2026-03-23,10,99,surplus
Central California Food Bank,Fresno,Frozen berries,protein,379,bags,2026-03-04,365,2027-03-04,356,120,surplus
Second Harvest of Silicon Valley,San Jose,Cheese blocks,dairy,170,blocks,2026-03-07,30,2026-04-06,24,27,surplus
Alameda County Community Food Bank,Oakland,Sugar,dry,353,bags,2026-03-09,730,2028-03-08,726,69,surplus
Yolo Food Bank,Woodland,Avocados,produce,29,units,2026-03-05,7,2026-03-12,-1,33,shortage
Feeding San Diego,San Diego,Apples,produce,100,lbs,2026-02-20,21,2026-03-13,0,101,shortage
Food Bank of Contra Costa and Solano,Concord,Ground turkey frozen,protein,207,packs,2026-03-02,180,2026-08-29,169,30,surplus
San Francisco-Marin Food Bank,San Francisco,Canned salmon,canned,152,cans,2026-02-25,730,2028-02-25,714,67,balanced
Feeding San Diego,San Diego,Spinach,produce,27,bags,2026-02-22,7,2026-03-01,-12,74,shortage
San Francisco-Marin Food Bank,San Francisco,Broccoli,produce,30,lbs,2026-03-12,7,2026-03-19,6,110,shortage
Alameda County Community Food Bank,Oakland,Canned corn,canned,84,cans,2026-03-11,730,2028-03-10,728,26,surplus
Feeding San Diego,San Diego,Bell peppers,produce,58,lbs,2026-03-13,10,2026-03-23,10,72,shortage
Alameda County Community Food Bank,Oakland,Canned salmon,canned,127,cans,2026-03-08,730,2028-03-07,725,116,balanced
Yolo Food Bank,Woodland,Canned chickpeas,canned,20,cans,2026-02-16,730,2028-02-16,705,29,shortage
Central California Food Bank,Fresno,Yogurt cups,dairy,51,cups,2026-03-02,21,2026-03-23,10,116,shortage
Second Harvest of Silicon Valley,San Jose,Peanut butter,dry,106,jars,2026-03-09,365,2027-03-09,361,84,balanced
Central California Food Bank,Fresno,Flour,dry,28,bags,2026-02-28,365,2027-02-28,352,111,shortage
Alameda County Community Food Bank,Oakland,Oranges,produce,188,lbs,2026-02-24,14,2026-03-10,-3,57,surplus
Food Bank of Contra Costa and Solano,Concord,Onions,produce,54,lbs,2026-03-01,30,2026-03-31,18,62,shortage
Second Harvest of Silicon Valley,San Jose,Pasta,dry,355,boxes,2026-03-06,730,2028-03-05,723,45,surplus
Sacramento Food Bank & Family Services,Sacramento,Potatoes,produce,147,lbs,2026-03-03,30,2026-04-02,20,113,balanced
Yolo Food Bank,Woodland,Lettuce,produce,285,heads,2026-02-23,10,2026-03-05,-8,62,surplus
